Item,davies2009/mirex_qm_tempotracker,boeck2019/multi_task_hjdb,boeck2019/multi_task,boeck2020/dar,schreiber2018/fcn,schreiber2018/ismir2018,schreiber2018/cnn,percival2014/stem,schreiber2017/mirex2017,schreiber2017/ismir2017,boeck2015/tempodetector2016_default,schreiber2014/default
01_-_Please_Please_Me/01_-_I_Saw_Her_Standing_There.jams,0.011528449758176174,0.005091173637890435,0.002486624968599976,0.015149900529750437,0.00192487692450126,0.01599703107276101,0.007063906302753478,0.0003005662225674186,0.006547365666377436,0.006547365666377436,0.017421211880310414,0.008355122825056113
01_-_Please_Please_Me/02_-_Misery.jams,0.028558544105999697,0.002774518335767052,0.0019103056309943847,0.0011185221400239103,0.0036112535523783545,0.0071955014042044034,0.0071955014042044034,0.004283944887619768,0.005683755734367979,0.005683755734367979,3.606782687121378e-05,0.007382608970480942
01_-_Please_Please_Me/03_-_Anna_(Go_To_Him).jams,0.031239325266325915,0.005791405678641105,0.0005308892179456397,0.010975168108781632,0.012394140502888135,0.012394140502888135,0.012394140502888135,0.00021717538016228737,0.007444798519717276,0.007444798519717276,0.015266390917416085,0.015790055772984035
01_-_Please_Please_Me/04_-_Chains.jams,0.02749116008296289,0.001986785327272377,0.0024299755744835437,0.008021159359511112,0.00012022959637410649,0.00012022959637410649,0.00012022959637410649,1.293610753914998e-05,0.004989543145403976,0.004989543145403976,0.004643886913400437,0.007686672671743243
01_-_Please_Please_Me/05_-_Boys.jams,0.009604351115009666,0.007022973508950787,0.007327993780192813,0.0035113908030787165,0.026572401995690238,0.026572401995690238,0.026572401995690238,0.005346513776689661,0.02200208050418662,0.02200208050418662,0.0026027972761089213,0.03517338636905719
01_-_Please_Please_Me/06_-_Ask_Me_Why.jams,0.010005318917641183,0.0008640357652009349,0.0004369501963956323,0.006520969256415914,0.011357723784154122,0.011357723784154122,0.011357723784154122,0.0005437334421339899,0.0005984027463703625,0.0005984027463703625,0.013829780123295273,0.016157944042605208
01_-_Please_Please_Me/07_-_Please_Please_Me.jams,0.009811452320148134,0.0012310237002657988,0.0035488691683470083,0.0021680753240145086,0.013164459198448324,0.013164459198448324,0.0028225149769890876,9.022573094482321e-05,0.0071656447247572036,0.0071656447247572036,0.008312977724524486,0.013678791337546415
01_-_Please_Please_Me/08_-_Love_Me_Do.jams,0.0414671445301947,0.0029560427699766635,0.0014885469249124271,0.010682880183302068,0.012717642994735436,0.012717642994735436,0.003002488161523562,0.00035275200336552125,0.011955815093764054,0.011955815093764054,0.013270523724810765,0.0012208298607596945
01_-_Please_Please_Me/09_-_P._S._I_Love_You.jams,0.018908374072277235,0.004955073202892063,0.004205092473350129,0.0016307660667682186,0.0024546686295180043,0.0024546686295180043,0.0024546686295180043,5.171969014332559e-05,0.00014691134506049705,0.00014691134506049705,0.009686237860593607,0.0049300944074305905
01_-_Please_Please_Me/10_-_Baby_It's_You.jams,0.031589483608688296,0.007598268946106422,0.0014542296749061637,0.015622815090520964,0.004587269502011567,0.004587269502011567,0.008236770855572029,0.00012440101347530893,0.003219735259618046,0.003219735259618046,0.010915397314353118,0.0008271262335168511
01_-_Please_Please_Me/11_-_Do_You_Want_To_Know_A_Secret.jams,0.01729539297707655,0.004244997390936087,0.004477371562476421,0.009832333885872024,0.0063377135880042556,0.0063377135880042556,0.0063377135880042556,0.00019608159173563377,0.0005564134425970353,0.0005564134425970353,0.0052502606872076646,0.005390895052849872
01_-_Please_Please_Me/12_-_A_Taste_Of_Honey.jams,0.05746106051251578,0.0173915201720276,0.015843639462725836,0.024826301288163422,0.019357956255840435,0.005002663278770437,0.005002663278770437,0.006833033319240018,0.024622422149023358,0.024622422149023358,0.004819858045324837,0.02519361422969562
01_-_Please_Please_Me/13_-_There's_A_Place.jams,0.01985444780877333,0.004213406076164157,0.004826666464097199,0.007999337999000392,0.016322305301926698,0.016322305301926698,0.0266642495233858,0.004980022301700041,0.005159655695177205,0.005159655695177205,0.012852893969872657,0.021875247021497273
01_-_Please_Please_Me/14_-_Twist_And_Shout.jams,0.009036382417528382,0.005781386935000316,0.008559362839972938,0.01250400795048427,0.01459672414755255,0.01459672414755255,0.01459672414755255,0.0002653353065962218,0.01135953050154358,0.01135953050154358,0.0030087498723406826,0.034587249286992645
02_-_With_the_Beatles/01_-_It_Won't_Be_Long.jams,0.027756824140438202,0.012088708370829634,0.011123228514147473,0.0017567937222664838,0.004412973517940059,0.004412973517940059,0.004412973517940059,0.004228114220528581,0.00492505841905712,0.00492505841905712,0.0008377877924328579,0.03099111549834631
02_-_With_the_Beatles/02_-_All_I've_Got_To_Do.jams,5.6774943930189555e-05,0.002285896814491518,0.0030074848793289724,0.00879321925766316,0.021681074736253195,0.021681074736253195,0.002165667218114553,0.016616662140379917,0.014571557167946034,0.014571557167946034,0.002165667218114553,0.038885395292408156
02_-_With_the_Beatles/03_-_All_My_Loving.jams,0.010768621725860466,0.0058315938207953175,0.008694359763668842,0.002047193371353033,0.0051843758597229376,0.0051843758597229376,0.004093437728287948,0.00011894068197334807,0.000124045847828284,0.00012406441210065556,0.014837209556343177,0.008632731622521466
02_-_With_the_Beatles/04_-_Don't_Bother_Me.jams,0.012173710727144302,0.0035554652598791927,0.00032524416623783614,0.007948261589638803,0.009944289539782106,0.009944289539782106,0.006929529024614203,0.00019841703542481518,0.004533611764783435,0.004533611764783435,0.005155325684541693,0.010817820234954267
02_-_With_the_Beatles/05_-_Little_Child.jams,3.859758725945081e-05,0.002136589656659197,0.0052769184813810065,0.00023790484046976647,4.8089033223906455e-05,0.00947468508528267,0.00947468508528267,0.005254055032740893,0.009745860802927659,0.009745860802927659,0.01906073391448069,0.015030362163460272
02_-_With_the_Beatles/06_-_Till_There_Was_You.jams,0.008500119704854273,0.007024604461900337,0.003355279247435403,0.0014834096252488065,0.007948951287872708,0.007948951287872708,0.007948951287872708,0.008500119704854273,0.006758459681105829,0.006758459681105829,0.0014834096252488065,0.004905880159840236
02_-_With_the_Beatles/07_-_Please_Mister_Postman.jams,0.0003888560946580727,0.004743978694472814,0.0060388786589924024,0.012176006870399136,0.00016231232232310133,0.00016231232232310133,0.00016231232232310133,0.008172110556664678,0.008312118413951226,0.008312118413951226,0.006627853984947291,0.011090343475211453
02_-_With_the_Beatles/08_-_Roll_Over_Beethoven.jams,7.50581619654677e-05,0.003859092681277924,0.003502695683198444,0.02193851545910858,0.02257352444764977,0.004393523152619529,0.02257352444764977,7.50581619654677e-05,0.019935261881729647,0.019935261881729647,0.005817703960168905,0.013945600837704986
02_-_With_the_Beatles/09_-_Hold_Me_Tight.jams,0.0002298210475050218,0.0050061722747154975,0.0020426717722620328,0.0026265917223909385,0.01040681506123174,0.00024042913827676722,0.010809670848464225,0.0002298210475050218,0.003464112405413165,0.003464112405413165,0.0040542822531591275,0.012616225640301619
02_-_With_the_Beatles/10_-_You_Really_Got_A_Hold_On_Me.jams,0.005797010214597496,0.426940774361844,0.4175043714640551,0.02946961258902605,0.015568628685042923,0.0032903985662729885,0.0032903985662729885,0.004930108238695443,0.004787094196167962,0.004787094196167962,0.0017907154365442886,0.04630006574073933
02_-_With_the_Beatles/11_-_I_Wanna_Be_Your_Man.jams,0.0006715624834274008,0.0011940572223631304,0.005251458565313478,0.006119419109425336,0.002354479598128629,0.004913520865910559,0.0195602968303119,0.0006715624834274008,0.011753365278333193,0.011753365278333193,0.009586048829204614,0.0036935750917209066
02_-_With_the_Beatles/12_-_Devil_In_Her_Heart.jams,0.025314085515935267,0.000515370852276658,8.115387852452769e-05,0.0012308751027942954,0.0011116490343088309,0.0011116490343088309,0.0011116490343088309,0.00022435652303030208,0.003054090363650009,0.003054090363650009,0.010860992631767322,0.004469813197502138
02_-_With_the_Beatles/13_-_Not_A_Second_Time.jams,0.009036382417528382,0.0006798300619014192,0.0007022824891717012,0.0007022824891717012,0.01459672414755255,0.01459672414755255,0.01459672414755255,0.0002653353065962218,0.015025873397653112,0.015025873397653112,0.0030087498723406826,0.020329392647539166
02_-_With_the_Beatles/14_-_Money.jams,0.0003109995051140997,0.003591366915692116,0.0002104978941841353,0.020031872332554223,0.0019128384646952114,0.0019128384646952114,0.0019128384646952114,0.0003109995051140997,0.007544847980434305,0.007544847980434305,0.013991835650279833,0.03175603970974742
03_-_A_Hard_Day's_Night/01_-_A_Hard_Day's_Night.jams,0.009811452320150996,0.0010569879456448523,0.0007107023324529663,0.0025847381546015157,0.002822514976991965,0.0075941009683462846,0.0075941009683462846,9.022573094770611e-05,0.0055381580168224745,0.0055381580168224745,0.008312977724527671,0.01570826282216988
03_-_A_Hard_Day's_Night/02_-_I_Should_Have_Known_Better.jams,0.018868670167755938,0.003963464837586714,0.0037434411920650103,0.013633969519573387,0.002312468997414972,0.008742719511580862,0.008742719511580862,0.004067094256086319,0.0012386382701781054,0.0012386382701781054,0.003978603001806103,0.003843556111263482
03_-_A_Hard_Day's_Night/03_-_If_I_Fell.jams,0.015337835980755894,0.0039065722347415045,0.0072345899524959255,0.006701590947305761,0.002726520097705558,0.010570302515752297,0.002726520097705558,6.368155810393647e-05,0.0006693951723903309,0.0006693951723903309,0.003917244670594811,0.034541969903484855
03_-_A_Hard_Day's_Night/04_-_I'm_Happy_Just_To_Dance_With_You.jams,0.00861156623923591,0.009025223511341178,0.010765638459215514,0.006955750069258729,0.0030264828898979457,0.0030264828898979457,0.0030264828898979457,0.00399888131240017,0.004820538603361679,0.004820538603361679,0.01748998475814142,0.015967605443924678
03_-_A_Hard_Day's_Night/05_-_And_I_Love_Her.jams,0.01593384683263863,0.008199954060539444,0.007821012139815096,0.023526534551087636,0.0052921858290765076,0.007418865920477544,0.007418865920477544,7.417876072503736e-06,0.007896821856935392,0.007896821856935392,0.004740239461696347,0.05274828576662897
03_-_A_Hard_Day's_Night/06_-_Tell_Me_Why.jams,0.02101044947573852,0.007915771897539147,0.014593639361686485,0.004658387264939029,0.003189474557746112,0.003189474557746112,0.006148390021590017,0.004710563357271519,0.0031182783774377277,0.0031182783774377277,0.004595381806465158,0.022507668889784862
03_-_A_Hard_Day's_Night/07_-_Can't_Buy_Me_Love.jams,0.00289917190056868,0.003779276443040333,0.001173388115168057,0.003695142018704673,0.000673100641145483,0.000673100641145483,0.000673100641145483,0.0030996105950228878,0.008061039504218616,0.008061039504218616,0.004115863214094947,0.01635288572570063
03_-_A_Hard_Day's_Night/08_-_Any_Time_At_All.jams,0.01985444780877333,0.0022731328566602317,0.005644752701436357,0.006360958899346077,0.016322305301926698,0.006053969848099685,0.006053969848099685,5.013452375716032e-05,0.0032713328193254812,0.0032713328193254812,0.02117378677585031,0.015530189520375721
03_-_A_Hard_Day's_Night/09_-_I'll_Cry_Instead.jams,0.013235098299069933,0.0034138456322807174,0.0010210679868363087,0.006133545494644691,0.0017683847820437824,0.0017683847820437824,0.0017683847820437824,0.00031147541303917195,0.0044056183346759,0.0044056183346759,0.0022625348065691974,0.0067712651604704835
03_-_A_Hard_Day's_Night/10_-_Things_We_Said_Today.jams,0.019784038394917308,0.001646497609383225,0.003214587732481404,0.00034219975466403987,0.008113888711222468,0.008113888711222468,0.002378485106419977,0.00041173449591656245,0.004022638397900572,0.004022638397900572,0.014869277306527408,0.017546087457566528
03_-_A_Hard_Day's_Night/11_-_When_I_Get_Home.jams,0.035587103911919674,0.00035508494100555704,0.0006985701315226971,0.0034493996756166266,0.02366767909426851,0.022136010518856282,0.022136010518856282,3.457252918767032e-05,0.01267052283711841,0.01267052283711841,0.012079704819056675,0.02684558974991505
03_-_A_Hard_Day's_Night/12_-_You_Can't_Do_That.jams,0.0088270668676156,0.00012263429050691032,0.0015617734208459313,0.005977187519652302,0.004624026525447822,0.006603228897806224,0.006603228897806224,0.004331153165097357,0.0021308831185718985,0.0021308831185718985,0.008461283844387381,0.01725807140276036
03_-_A_Hard_Day's_Night/13_-_I'll_Be_Back.jams,0.017300486198162816,0.004704689947352303,0.005751005748724872,0.012862773957783057,0.006332620366918028,0.006332620366918028,0.006332620366918028,0.00019098837064954394,0.015506856072487692,0.015506856072487692,0.005255353908293615,0.01915965563915098
04_-_Beatles_for_Sale/01_-_No_Reply.jams,0.009036382417538888,0.008791102466336088,0.0075169949249905095,0.013666253273050957,0.014596724147541871,0.014596724147541871,0.014596724147541871,0.0002653353066067912,0.0004161917050910402,0.0004161917050910402,0.003008749872330089,0.0141085010339778
04_-_Beatles_for_Sale/02_-_I'm_a_Loser.jams,0.0129794795396412,0.0012989293542078257,0.00215412880581114,0.0008978353426472209,0.005696066853102208,0.005696066853102208,0.005696066853102208,0.00037945671805793583,0.0019529546969362277,0.0019529546969362277,0.016855248785705785,0.014541845531461272
04_-_Beatles_for_Sale/03_-_Baby's_In_Black.jams,0.4084186771575294,0.007444638410683108,0.01674749538181477,0.008852327854481739,0.01608389708555758,0.005289753707009417,0.01608389708555758,0.007459733953464708,0.4050803670530852,0.4050803670530852,0.0037257780447038924,0.4056405498884987
04_-_Beatles_for_Sale/04_-_Rock_and_Roll_Music.jams,0.046672446181089955,1.924653959547001e-05,0.0034367259859445594,0.026470633283557417,0.0018825627656821802,0.0018825627656821802,0.0018825627656821802,0.005192641731621249,0.005465354030085829,0.005465354030085829,0.0009710921551567692,0.012329072582426208
04_-_Beatles_for_Sale/05_-_I'll_Follow_the_Sun.jams,0.027756824140443857,0.0071472313223178135,0.010049714779905131,0.0035918031870602798,0.004412973517934114,0.00639378143864877,0.004412973517934114,0.0004374854504035266,0.001933236490070277,0.001933236490070277,0.0008377877924270884,0.015466874333060897
04_-_Beatles_for_Sale/06_-_Mr._Moonlight.jams,0.03559397643039875,0.0014823287155462616,0.0031963541528606376,0.009766364917408668,0.022142883037335206,0.0005771934627482473,0.022142883037335206,2.770001070874046e-05,0.005850940178356255,0.005850940178356255,0.012072832300577716,0.023748452759794172
"04_-_Beatles_for_Sale/07_-_Kansas_City-_Hey,_Hey,_Hey,_Hey.jams",0.00940316847631474,0.006984165794209795,0.006984165794209795,0.00042595293602901564,0.0038180851269767756,0.0038180851269767756,0.0038180851269767756,0.00018491760789495287,0.0064897657230894275,0.0064897657230894275,0.013444104693247394,0.009909555787821047
04_-_Beatles_for_Sale/08_-_Eight_Days_a_Week.jams,0.00981145232014527,0.0005373038361006382,1.743245975382062e-05,0.00195978902597463,0.01316445919844515,0.01316445919844515,0.0075941009683522425,9.438523550433908e-05,0.002670660737551056,0.002670660737551056,0.008312977724521619,0.002659750245452499
04_-_Beatles_for_Sale/09_-_Words_of_Love.jams,0.008500119704856821,0.004183021189423336,0.005721517338796775,0.007617306101592277,0.01570231677676987,0.007948951287875575,0.01570231677676987,6.084694646598006e-05,0.0025282482419321226,0.0025282482419321226,0.0014834096252513667,0.021494072986922456
04_-_Beatles_for_Sale/10_-_Honey_Don't.jams,0.034034110775192916,0.008637475578100264,0.010397933442537446,0.025225976288183773,0.007304068290921459,0.007304068290921459,0.019168143070269664,0.0052337059099352694,0.002643683743793823,0.002643683743793823,0.005879887483371921,0.02714651114894907
04_-_Beatles_for_Sale/11_-_Every_Little_Thing.jams,0.026251624788139773,0.006016906169931389,0.008476944593018877,0.011058634797134322,0.0026185182230587475,0.009063286824576411,0.0026185182230587475,0.004215540276795364,0.012705077833361013,0.012705077833361013,0.014206492498270567,0.00932827441888685
04_-_Beatles_for_Sale/12_-_I_Don't_Want_to_Spoil_the_Party.jams,0.00014050444140412707,0.0003952442952080492,0.00367995495199077,0.009410239516411179,0.010497639137618284,0.010497639137618284,0.0029244194328173893,0.00014050444140412707,0.010154166744920414,0.010154166744920414,0.00685753197295682,0.014183209905872681
04_-_Beatles_for_Sale/13_-_What_You're_Doing.jams,0.036062422372606005,0.003559782685276599,0.0007732576159427698,0.00268952491193125,0.00268952491193125,0.00268952491193125,0.00268952491193125,0.008584198397182474,0.0008154627638493596,0.0008154627638493596,0.013215149203043758,0.05532759822152537
04_-_Beatles_for_Sale/14_-_Everybody's_Trying_to_Be_My_Baby.jams,0.01218200294181331,0.0036966380230999945,0.006408790232287838,0.02708620666381326,0.00995593168239027,0.00995593168239027,0.00995593168239027,0.005740449419473773,0.002109175439704373,0.002109175439704373,0.00516696782714979,0.002776445033006474
05_-_Help!/01_-_Help!.jams,0.013310663750043937,0.002368762923686527,0.0017610564947811364,0.015523438620861921,0.0026725201710216693,0.0026725201710216693,0.012594236482288735,1.3994675137983185e-05,0.0005802450849522297,0.0005802450849522297,0.0063126273356833,0.006603227497597734
05_-_Help!/02_-_The_Night_Before.jams,0.023424845701851257,0.0035071229315405262,0.001773424467692019,0.0114643615483882,0.004321605950093148,0.012751907408848533,0.012751907408848533,0.00042502285168413494,0.003784483963142305,0.003784483963142305,0.004019170866246521,0.005791557132126747
05_-_Help!/03_-_You've_Got_To_Hide_Your_Love_Away.jams,0.025643433592888797,0.01346770749343254,0.007328235453823515,0.00658527744986835,0.0030024881615254803,0.004817016297773867,0.004817016297773867,0.00035157952747334254,0.4143329223872517,0.0007045768915923111,0.007485331881363676,0.003911996100162576
05_-_Help!/04_-_I_Need_You.jams,0.029688162240797837,0.004224740285099031,0.002745052933962781,0.008142663828659075,0.001790235134658237,0.008779006575529082,0.019426250775037606,0.004034409728779635,0.00691049827778413,0.00691049827778413,0.004965153460646854,0.009390642330391798
05_-_Help!/05_-_Another_Girl.jams,0.0093337934267842,0.00250028403848068,0.0020106262531865765,0.0005166281589481034,0.02512319299915134,0.0086350702105823,0.015749088416376837,0.003128902123954664,0.0004571662639847053,0.0004571662639847053,0.004787553706460398,0.022765580114350755
05_-_Help!/06_-_You're_Going_To_Lose_That_Girl.jams,0.00940316847631474,0.006438785286112634,0.007965331462284182,9.725841228581392e-05,0.014706401269713173,0.0038180851269767756,0.0038180851269767756,0.00018491760789495287,0.0043200993662201115,0.0043200993662201115,0.013444104693247394,0.002596085939671948
05_-_Help!/07_-_Ticket_To_Ride.jams,0.026251624788142917,0.007539292408972761,0.010588892817925535,0.018359261912148615,0.0026185182230622646,0.0026185182230622646,0.0026185182230622646,0.00010324518068057597,0.0008119944142771595,0.0008119944142771595,0.014206492498274057,0.011337711108535391
05_-_Help!/08_-_Act_Naturally.jams,0.016737880370996782,0.00107617088441519,0.008088257577288326,0.017918108301617927,0.0018742855313527527,0.0018742855313527527,0.0018742855313527527,0.0028026549757539745,0.0014450742113902174,0.0014450742113902174,0.008869486296702556,0.019684190235093282
05_-_Help!/09_-_It's_Only_Love.jams,0.023424845701853464,0.0017309166216450044,0.004151867136923239,0.006950007033702016,7.213294873719062e-05,7.213294873719062e-05,7.213294873719062e-05,0.003527905389938699,0.000601045443818312,0.000601045443818312,0.0027507594075184038,0.002109744893695771
05_-_Help!/10_-_You_Like_Me_Too_Much.jams,0.013055342771443589,0.0017925165672114923,0.0027712785049483464,0.010827560287722303,0.0032604105797774644,0.004913520865922773,0.004913520865922773,0.0006710181193905455,0.003536110154969983,0.003536110154969983,0.0009842536865622778,0.00613557474707563
05_-_Help!/11_-_Tell_Me_What_You_See.jams,0.037889975353577875,0.007778921266913145,0.006934931456582674,0.0022841411589618315,0.009992048247438238,0.0005771934627490485,0.011224437662257543,0.0041674033840005025,0.0036270473529648375,0.0036270473529648375,0.0032366596521333393,0.013456461143481879
05_-_Help!/12_-_I've_Just_Seen_a_Face.jams,0.030030466910017133,0.0026623043169745116,0.004102239601666269,0.0026623043169745116,0.005828030428390501,0.005828030428390501,0.005828030428390501,0.003922169075640686,0.004017803319683745,0.004017803319683745,0.006144611237685556,0.011123819217557937
05_-_Help!/13_-_Yesterday.jams,0.047669042020587395,0.005931692654927724,0.002790357403892426,0.010407482307531166,0.012640180778767475,0.002310160687203843,0.002310160687203843,8.321704996407826e-05,0.018404338642604327,0.018404338642604327,0.009215295448333213,0.019572026052129855
05_-_Help!/14_-_Dizzy_Miss_Lizzy.jams,0.03870759795459233,0.0032076302095476873,0.0035251829547065555,0.002360481012634629,0.010406815061243194,0.0002404291382652368,0.010406815061243194,0.0002298210474938116,0.0007152484668535396,0.0007152484668535396,0.004054282253147627,0.040542916036470894
06_-_Rubber_Soul/01_-_Drive_My_Car.jams,0.008500119704846312,0.0013655857008920173,0.002072384951195686,0.004656229899175085,0.007948951287865061,0.007948951287865061,0.007948951287865061,6.0846946476551816e-05,0.0016581247903662867,0.0016581247903662867,0.0014834096252408062,0.014145079852236467
06_-_Rubber_Soul/02_-_Norwegian_Wood_(This_Bird_Has_Flown).jams,0.02499352030440253,0.002524910057946584,0.0055117738119485156,0.009779509861184574,0.009892253269599846,0.009892253269599846,0.009892253269599846,9.732107793361331e-05,0.006406937819453218,0.006406905294845156,0.00712372374600153,0.03717096739833693
06_-_Rubber_Soul/03_-_You_Won't_See_Me.jams,0.024257094852507637,0.004917331811970914,0.005788486920280253,0.028745706521507937,0.006286053761180181,0.018804927201650203,0.006286053761180181,0.00013327511013900905,0.010005736338220772,0.010005736338220772,0.001445583080063165,0.03491426843031203
06_-_Rubber_Soul/04_-_Nowhere_Man.jams,0.025314085515935267,0.0023034665666805997,0.000753911699527979,0.002469722372626707,0.0011116490343088309,0.0011116490343088309,0.0011116490343088309,0.00022435652303030208,0.0049386528238283545,0.0049386528238283545,0.010860992631767322,0.007281161869808987
06_-_Rubber_Soul/05_-_Think_For_Yourself.jams,0.027491160082960063,0.0004531976420651688,0.0018969478515846606,0.0054569620969901625,0.0219060767336219,0.0219060767336219,0.0219060767336219,1.2936107536587263e-05,0.01333334446586042,0.01333334446586042,0.004643886913397563,0.0002692454878925821
06_-_Rubber_Soul/06_-_The_Word.jams,0.017297067942016103,0.002976101360249948,0.005594423387263614,0.005594423387263614,0.018878010205686642,0.018878010205686642,0.018878010205686642,0.004010960754651931,0.009657219649543516,0.009657219649543516,0.010280357862410654,0.011542552638563231
06_-_Rubber_Soul/07_-_Michelle.jams,0.03291164623318447,0.005218516555021482,0.0075415990330665325,0.0064416578244624045,0.01822039640980668,0.0064416578244624045,0.018616371770564872,0.0038473660786091735,0.012809552894447952,0.012809552894447952,0.0021561187995563077,0.009438283466454185
06_-_Rubber_Soul/08_-_What_Goes_On.jams,0.006259254711132664,0.0036113843103495976,0.0003963106485883701,0.0017346868068320613,0.001288423450934069,0.00612904811154908,0.00874422836998131,0.0005286058740844279,0.0003813845549355295,0.0003813845549355295,0.004713308781368311,0.0015522259238338876
06_-_Rubber_Soul/09_-_Girl.jams,0.013815776528236842,0.0007392700240975875,0.0005898221510795504,0.0032903985662745866,0.0062680983661702935,0.008682243099801205,0.008682243099801205,0.0002692028161277661,0.0020543313257918193,0.0020543313257918193,0.002843213035735761,0.004415626262636822
06_-_Rubber_Soul/10_-_I'm_Looking_Through_You.jams,0.005996192855669953,0.0011871650967636995,0.002618702683656373,0.007344427679464582,0.0037701215962463955,0.0037701215962463955,0.0037701215962463955,2.5896399217556995e-06,0.0023046532941674663,0.0023046532941674663,0.0011030012230480708,0.007624512940202983
06_-_Rubber_Soul/11_-_In_My_Life.jams,0.029152583138043694,0.00043021964263140487,0.0026611199281120846,0.003901991320142388,0.008917094736054957,0.008917094736054957,0.008917094736054957,0.0035941148709856523,0.0030595301759645042,0.0030595301759645042,0.001267211567609736,0.0008610521326214044
06_-_Rubber_Soul/12_-_Wait.jams,0.018060346645652977,0.013261965886045604,0.014381896885375493,0.005060025023445886,0.004609253252589672,0.004609253252589672,0.004609253252589672,0.004597982153554784,0.03217039896815482,0.03217039896815482,0.0007719959336500496,0.0017689711090815988
06_-_Rubber_Soul/13_-_If_I_Needed_Someone.jams,0.018060346645652977,0.0020560424535768867,0.00013237334272144674,0.008866038770186126,0.004609253252589672,0.004609253252589672,0.004609253252589672,0.00013899697111836545,0.0026906235871987346,0.0026906235871987346,0.0007719959336500496,0.018591102355482225
06_-_Rubber_Soul/14_-_Run_For_Your_Life.jams,0.012524452226032243,0.0008613055437420543,0.004379177754239975,0.003218486329807142,0.0027295200343661775,0.0027295200343661775,0.0054444114113340915,0.00014012757397907606,0.0010761736950570904,0.0010761736950570904,0.0015151442319736516,0.0008555857627797844
07_-_Revolver/01_-_Taxman.jams,0.018908374072288615,0.009578037084974818,0.013261423586089477,0.012610730479867183,0.013261423586089477,0.0024546686295066128,0.046176046058824506,0.0046246488759619595,0.005774356437476763,0.005774356437476763,0.00968623786058232,0.038327137464045986
07_-_Revolver/02_-_Eleanor_Rigby.jams,0.018955617447161836,0.0016546034899580324,0.0013409627682136958,0.006101840144476212,0.011966680104002718,0.0015500641586644903,0.011966680104002718,0.0004166864518389476,0.004649891567097499,0.004649891567097499,0.015697698254283025,0.005063834762944213
07_-_Revolver/03_-_I'm_Only_Sleeping.jams,0.004959566159866529,0.015958388424329364,0.009015665493097078,0.0031578469544574694,0.013879077412136853,6.011354573699191e-05,6.011354573699191e-05,0.004959566159866529,0.007472207341954615,0.007472207341954615,0.006229194243691809,0.01021650672671814
07_-_Revolver/04_-_Love_You_To.jams,0.0173004861981587,0.002846444588674642,0.0026143321208119156,0.02896405473365531,0.00633262036692205,0.018014425414557386,0.005255353908289785,0.0001863542927314714,0.007220732850621318,0.007220732850621318,0.005255353908289785,0.34437652419795056
"07_-_Revolver/05_-_Here,_There_And_Everywhere.jams",0.008599587959113055,0.0013747889430523953,0.0029756607708407794,0.011869707005686679,0.0024542989483063117,0.0024542989483063117,0.0024542989483063117,0.0029877861199416457,0.003086165275962038,0.003086165275962038,0.00817894258649007,0.003780559268743856
07_-_Revolver/06_-_Yellow_Submarine.jams,0.015290438298044039,0.0010044873238659036,0.001851564261238579,0.009925603515115067,0.002111485897990386,0.002111485897990386,0.002111485897990386,0.00030599801107064194,0.003764903693887502,0.003764903693887502,0.0006824960508658206,0.011481282717266042
07_-_Revolver/07_-_She_Said_She_Said.jams,0.014732247406026201,0.005105998834824674,0.00024161083479644173,0.0015944757509702874,0.02144115577673464,0.007766218879658041,0.03249765133406914,0.014732247406026201,0.014981784092193024,0.014981784092193024,0.007666717502057542,0.03640642277925012
07_-_Revolver/08_-_Good_Day_Sunshine.jams,0.03291164623318447,0.0016655313457467889,0.005096145373736927,0.005463227782966237,0.01822039640980668,0.01822039640980668,0.01822039640980668,0.0002493553184795051,0.008463904498591392,0.008463904498591392,0.0021561187995563077,0.01088844615341718
07_-_Revolver/09_-_And_Your_Bird_Can_Sing.jams,0.03734818383912987,0.008969965343126019,0.00842892088117334,0.003658959983551325,0.005178386180751811,0.005178386180751811,0.005178386180751811,0.0045056948455104336,0.0029539455457121017,0.0029539455457121017,0.008753571906259118,0.00047676637067603527
07_-_Revolver/10_-_For_No_One.jams,0.03402523337745483,0.006160342589612528,0.007394998241251725,0.002156965564560452,0.007312945688659305,0.04515447420547604,0.007312945688659305,0.005224828512197431,0.009669490063902417,0.009669490063902417,0.013728019198751757,0.012838348488326393
07_-_Revolver/11_-_Doctor_Robert.jams,0.02322735581862123,0.0019050737114223821,0.0003826842126678112,0.03126170158432395,0.0004088215140341762,0.008361388113698022,0.0004088215140341762,0.0001400019514841038,0.003944270579333231,0.003944270579333231,0.002930141639918114,0.012907363880328432
07_-_Revolver/12_-_I_Want_To_Tell_You.jams,0.02647258646185263,0.006469425400265873,0.006016459920598368,0.00981308758158968,0.0017061798409551277,0.013021493068789147,0.013021493068789147,0.004112450351963106,0.011961286299874176,0.011961286299874176,0.009184235749849584,0.0018916356105040096
07_-_Revolver/13_-_Got_To_Get_You_Into_My_Life.jams,0.02886541055559889,0.0013511152598027856,0.0006129750334736016,0.006105341439081883,0.020249002460236688,0.00960175826072817,0.020249002460236688,0.004857161413978574,0.0001317001436515265,0.0001317001436515265,0.005787905145845753,0.001378750127538876
07_-_Revolver/14_-_Tomorrow_Never_Knows.jams,0.03559397643039875,0.0031963541528606376,0.006390430032138245,0.01438299298777871,0.022142883037335206,0.0005771934627482473,0.0005771934627482473,0.0043721401455624415,0.002230598866115057,0.002230598866115057,0.012072832300577716,0.025966363961740412
08_-_Sgt._Pepper's_Lonely_Hearts_Club_Band/01_-_Sgt._Pepper's_Lonely_Hearts_Club_Band.jams,0.00014050444140092396,0.0009979997002079433,0.00024451608727499215,0.009110645487527746,0.02576439579093195,0.004609253252586798,0.03435659664663877,0.006522800119120211,0.023988671980327878,0.023988671980327878,0.006857531972960039,0.031259791190365024
08_-_Sgt._Pepper's_Lonely_Hearts_Club_Band/02_-_With_A_Little_Help_From_My_Friends.jams,0.03222798755750006,0.004979630220775268,0.0027899225824173763,0.015117684385003636,0.003948765553199811,0.003948765553199811,0.003948765553199811,0.0033949800073897,0.00031774425756744774,0.00031774425756744774,0.015458831413573317,0.032460522815203945
08_-_Sgt._Pepper's_Lonely_Hearts_Club_Band/03_-_Lucy_In_The_Sky_With_Diamonds.jams,0.3901585113516477,0.4289104586361848,0.44389963285563805,0.43294221265523497,0.41039037066538697,0.41039037066538697,0.41039037066538697,0.444606462870625,0.4159229544319883,0.4159229544319883,0.4516044992849858,0.4109436609981229
08_-_Sgt._Pepper's_Lonely_Hearts_Club_Band/04_-_Getting_Better.jams,0.009235250951787444,0.008186976213882946,0.00866174217156561,0.017353778366717223,0.008684082534806205,0.003093085241547487,0.008684082534806205,0.0035898362586568727,0.0019286767361744496,0.0019286767361744496,0.0022185408721820087,0.03763838950506718
08_-_Sgt._Pepper's_Lonely_Hearts_Club_Band/05_-_Fixing_A_Hole.jams,0.01593384683263863,0.007568328884788081,0.003392652913594707,0.020399078219284758,0.030383166791906804,0.030383166791906804,0.030383166791906804,0.007934705167451737,0.019536459439424246,0.019536459439424246,0.004740239461696347,0.09240419400559438
08_-_Sgt._Pepper's_Lonely_Hearts_Club_Band/06_-_She's_Leaving_Home.jams,0.02442159439719844,0.0038706562481315284,0.0010265614878100923,0.029954897855350465,0.011749575495948652,0.023245214333778054,0.011749575495948652,0.0065002447226634235,0.027939061578388765,0.027939061578388765,0.007133243685195262,0.02142699485050614
08_-_Sgt._Pepper's_Lonely_Hearts_Club_Band/07_-_Being_For_The_Benefit_Of_Mr._Kite!.jams,0.030201255722123604,0.004430580188411219,0.005202831990714911,0.0033972706808216542,0.005975497388576352,0.005975497388576352,0.005975497388576352,0.009328504266876566,0.011362414952955324,0.011362414952955324,0.017485563248949943,0.029832446661154387
08_-_Sgt._Pepper's_Lonely_Hearts_Club_Band/08_-_Within_You_Without_You.jams,0.02646912841224381,0.00022973846647518463,0.0012482580796374608,0.060745280567489124,0.02119768031873244,0.013018035019180516,0.03538584804763482,0.013006763920145518,0.01905946034632191,0.01905946034632191,0.009180777700240908,0.1260794875328745
08_-_Sgt._Pepper's_Lonely_Hearts_Club_Band/09_-_When_I'm_Sixty-Four.jams,0.029186821103341427,0.001641277504678184,0.003284906324882824,0.002462857846294607,0.006989932007358459,0.0032784034464686186,0.013474170552357107,0.0005636628479255609,0.00565829822564854,0.00565829822564854,0.005118967218404227,0.02692785304826501
08_-_Sgt._Pepper's_Lonely_Hearts_Club_Band/10_-_Lovely_Rita.jams,0.024685779851944433,0.00622500450637783,0.0029412997977785378,0.006623928699503153,0.009771206573990998,0.009771206573990998,0.006716916214578096,0.006149563211566431,0.002940075608647847,0.002940075608647847,0.010646183393938696,0.0016079538243575062
08_-_Sgt._Pepper's_Lonely_Hearts_Club_Band/11_-_Good_Morning_Good_Morning.jams,0.01657764080129816,0.001645374874929265,0.0009343957849480798,0.0072671470297619835,0.007624795680328691,0.007624795680328691,0.007624795680328691,0.0005004787159125658,0.0014552828448283724,0.0014552828448283724,0.00956093072169257,0.005549272854509192
08_-_Sgt._Pepper's_Lonely_Hearts_Club_Band/12_-_Sgt._Pepper's_Lonely_Hearts_Club_Band_(Reprise).jams,0.016577735139117145,0.0008730946375028009,0.0014807242808568513,0.005793995096010954,0.009892253269605007,0.009892253269605007,0.009892253269605007,0.008364783523011336,0.0054454649406504635,0.0054454649406504635,0.014177792294511058,0.010802372781686992
08_-_Sgt._Pepper's_Lonely_Hearts_Club_Band/13_-_A_Day_In_The_Life.jams,7.725958424875133e-05,0.009928349586730393,0.011368165116305376,0.018046067389418986,0.05005646229204004,0.06867214045938701,0.06867214045938701,0.011305143119857187,0.029900365723049657,0.029900365723049657,0.05153690884667094,0.06270331603170519
09_-_Magical_Mystery_Tour/01_-_Magical_Mystery_Tour.jams,0.012173710727144302,0.023402044649020258,0.024003042383555637,0.07184700570595262,0.04128103381539114,0.024003042383555637,0.024003042383555637,0.029306093722324615,0.04133439713694214,0.04133439713694214,0.005155325684541693,0.03859542913924136
09_-_Magical_Mystery_Tour/02_-_The_Fool_On_The_Hill.jams,0.030388817299137737,0.00400272983430295,0.0008148925126361733,0.005982740821415045,0.014117204843695944,0.005782352594009005,0.014117204843695944,0.004856272537689065,0.00516425954420142,0.00516425954420142,1.6831343958282926e-05,0.02895113376686862
09_-_Magical_Mystery_Tour/03_-_Flying.jams,0.039295693498991174,0.005922681790175646,0.0020392473029476176,0.015078066379055215,0.0020392473029476176,0.0020392473029476176,0.0020392473029476176,0.0002315819600864927,0.007287811284926575,0.007287811284926575,0.009548726972264313,0.007371392549031353
09_-_Magical_Mystery_Tour/04_-_Blue_Jay_Way.jams,0.07199926525812166,0.021484572841673946,0.025728212652732094,0.028382791336355753,0.20573244543623093,0.0048197515102346026,0.09279104511618767,0.021368404581348522,0.024327579221119448,0.024327579221119448,0.0193580627909307,0.42759793711693683
09_-_Magical_Mystery_Tour/05_-_Your_Mother_Should_Know.jams,0.03291164623317978,0.004484133723740781,0.0032593310006399233,0.012176571869396491,0.006441657824457621,0.006441657824457621,0.006441657824457621,0.0038473660786043813,0.0046273677196115295,0.0046273677196115295,0.00215611879955151,0.015686303465941426
09_-_Magical_Mystery_Tour/06_-_I_Am_The_Walrus.jams,0.021186268946414843,0.004409429266610244,0.00790445270501203,0.06820614519600107,0.011391029677708905,0.03923504339225895,0.022161530033317486,0.0029623428309484734,0.024708436299687057,0.024708436299687057,0.010727569081565141,0.03615039208154858
09_-_Magical_Mystery_Tour/07_-_Hello_Goodbye.jams,0.02809286045977754,0.005656520600105967,0.005219362360038961,0.018980332631418,0.008988783227249985,0.008988783227249985,0.008988783227249985,0.006844803002243021,0.005435901598592919,0.005435901598592919,0.008988783227249985,0.03445684606981229
09_-_Magical_Mystery_Tour/08_-_Strawberry_Fields_Forever.jams,0.03430937881886596,0.025952826463238866,0.03134499562866373,0.0017609783982863501,0.043223865164643126,0.043223865164643126,0.043223865164643126,0.02050378866455959,0.04649766245861743,0.04649766245861743,0.019367505211276125,0.1391915134191006
09_-_Magical_Mystery_Tour/09_-_Penny_Lane.jams,0.01593384683263863,0.010093172092897378,0.00920997950890905,0.017013793034646243,0.0052921858290765076,0.0052921858290765076,0.0052921858290765076,7.417876072503736e-06,0.000363111921485754,0.000363111921485754,0.004740239461696347,0.011930953129591903
09_-_Magical_Mystery_Tour/10_-_Baby_You're_A_Rich_Man.jams,0.0068321644685258994,0.0029979891055235486,2.795194563288689e-05,0.00017659910880494533,0.014081488234539958,0.0007155136935407472,0.0007155136935407472,4.4303883308804314e-05,0.000217795403005956,0.000217795403005956,0.0041403990239750445,0.019099946514852043
09_-_Magical_Mystery_Tour/11_-_All_You_Need_Is_Love.jams,0.01685149436346846,0.008804269822773127,0.00863450497378403,0.06734409339907779,0.003383994038520215,0.003383994038520215,0.03764327422153461,0.0050634914351997086,6.436172427838274e-05,6.436172427838274e-05,0.011033877206965243,0.09057349475062826
10CD1_-_The_Beatles/CD1_-_01_-_Back_in_the_USSR.jams,0.01046131285145474,0.0038296630175491037,0.005759418367182475,0.004267425956469106,0.004872879574177632,0.004872879574177632,0.0149265442381006,0.00047757322921231755,0.0017586465288852381,0.0017586465288852381,0.0034597590125539646,0.012482112064178822
10CD1_-_The_Beatles/CD1_-_02_-_Dear_Prudence.jams,0.010959205921459507,0.00887907353120003,0.011158513174669687,0.0591314466078007,0.010968697367424047,0.0014459232489174398,0.00814012558028045,0.004864121169729476,0.01616775098795547,0.016167732073411333,0.00814012558028045,0.040490257209360135
10CD1_-_The_Beatles/CD1_-_03_-_Glass_Onion.jams,0.026047289742158426,0.001019532275162457,6.410506084678383e-05,0.0011390051782898096,0.01012778840554441,0.01012778840554441,0.01012778840554441,0.0005088477031925473,0.017010929656302097,0.017010929656302097,0.01012778840554441,0.01415588073823682
"10CD1_-_The_Beatles/CD1_-_04_-_Ob-La-Di,_Ob-La-Da.jams",0.023424845701848735,0.013668778209342982,0.009742730378235623,0.03476155379378132,0.012783184698286418,7.213294873270605e-05,7.213294873270605e-05,0.007483580993137887,0.0004058229877252266,0.0004058229877252266,0.0027507594075136077,0.005450155991426831
10CD1_-_The_Beatles/CD1_-_05_-_Wild_Honey_Pie.jams,0.01890996529086789,0.00971371213744948,0.008432028507665085,0.003477837548566083,0.00827173796354296,0.00827173796354296,0.00827173796354296,0.006309942469284432,0.0021821120388959936,0.0021821120388959936,0.0010401687324669046,0.0015473991173153847
10CD1_-_The_Beatles/CD1_-_06_-_The_Continuing_Story_of_Bungalow_Bill.jams,0.03256438291654135,0.001475002528459721,0.0018514723364208173,0.025620048313639756,0.0021023976420169927,0.010497639137616348,0.0021023976420169927,0.00014402186594574502,0.003252457061423653,0.003252457061423653,0.006861704983970503,0.00473448176192693
10CD1_-_The_Beatles/CD1_-_07_-_While_My_Guitar_Gently_Weeps.jams,0.02425709485252717,0.0013026462469443204,0.00032067460910197856,0.03131484825272237,0.006204890421996903,0.018804927201630406,0.006286053761199956,0.004148947470472874,0.018962048489919933,0.018962048489919933,0.001445583080043444,0.027468964214990337
10CD1_-_The_Beatles/CD1_-_08_-_Happiness_is_a_Warm_Gun.jams,0.039718904029287135,0.01830550359032771,0.016672571847362004,0.0010668371156556682,0.0035421509185873407,0.04418413541593315,0.00679979330287182,0.01981635957287897,0.010229593082189539,0.010229593082189539,0.0156510501443499,0.001617549160012245
10CD1_-_The_Beatles/CD1_-_09_-_Martha_My_Dear.jams,0.024993520304395285,0.0034135426951440845,0.0017974396462454134,0.004866489202776065,0.014355292977070054,0.018066184715307465,0.018066184715307465,9.73210779409817e-05,0.003844324475108579,0.003844324475108579,0.007123723745994199,0.03468040244602957
10CD1_-_The_Beatles/CD1_-_10_-_I'm_So_Tired.jams,0.055371998597499285,0.01773613011051782,0.006881818541360974,0.03948415220550474,0.04219971595979074,0.019200828704352444,0.0632613314876205,0.004747809865871054,0.05077717394280156,0.05077717394280156,0.025000012642319654,0.06212586825048019
10CD1_-_The_Beatles/CD1_-_11_-_Black_Bird.jams,0.026745046850495044,0.0013101498059366905,0.000533157566915776,0.016866016701714566,0.0008401466181620986,0.0008401466181620986,0.0008401466181620986,0.0002737008882002012,0.01013271546601727,0.01013271546601727,0.003001919676231952,0.014407319261101073
10CD1_-_The_Beatles/CD1_-_12_-_Piggies.jams,0.019526775577180317,0.011717960845919792,0.009993092921333492,0.006833346675108208,0.020093221307142285,0.004663180737536368,0.020093221307142285,0.006468237543181837,0.011557346365377922,0.011557346365377922,0.006080591090518815,0.05127317260715286
10CD1_-_The_Beatles/CD1_-_13_-_Rocky_Raccoon.jams,0.022083631826117785,0.011692779377648125,0.012951911093533946,0.00646463792532561,0.009517041566819049,0.009517041566819049,0.009517041566819049,0.01085574829050919,0.013575256083486453,0.013575256083486453,0.010430428771047313,0.003501581874554336
10CD1_-_The_Beatles/CD1_-_14_-_Don't_Pass_Me_By.jams,0.018321568216119334,0.0019702628211622527,0.005031144536997024,0.04402527615286077,0.0007816715356391655,0.0178551848945806,0.0007816715356391655,0.00552830033741631,0.010017372138343014,0.010017372138343014,0.009122448351978717,1.939582242317312e-05
10CD1_-_The_Beatles/CD1_-_15_-_Why_Don't_We_Do_It_In_The_Road.jams,0.026361681342089643,0.002297344881692408,0.0026038773466482974,0.014812074086826717,0.0004567811097566763,0.0004567811097566763,0.0004567811097566763,0.006462144841460665,0.002836645243891498,0.002836645243891498,0.0033852851846373853,0.005646200871975146
10CD1_-_The_Beatles/CD1_-_16_-_I_Will.jams,0.029152583138043694,0.0032183063947808723,0.0008487763036269074,0.001824936534790952,0.008917094736054957,0.008917094736054957,0.008917094736054957,2.4165162156094903e-06,0.0008611218813513603,0.0008610521326214044,0.001267211567609736,0.011845064131054725
10CD1_-_The_Beatles/CD1_-_17_-_Julia.jams,0.018893736452867314,0.010392844688121374,0.011139608877251931,0.0030111254344409805,0.002469306248928008,0.002469306248928008,0.002469306248928008,0.0047283377170484735,0.0032251917245859096,0.003225084484898195,0.0065462255027850715,0.0066037866454842905
10CD2_-_The_Beatles/CD2_-_01_-_Birthday.jams,0.0022865118362673997,0.0026280972690331146,0.002109980890367247,0.003976071315533544,0.00563951871456745,0.015119041452229951,0.0047024255068915735,0.0025762772571422746,0.004121829918146101,0.004121829918146101,0.0007880372406438103,0.005341468353573674
10CD2_-_The_Beatles/CD2_-_02_-_Yer_Blues.jams,0.014265903851404093,0.037157113399173186,0.025055234050611355,0.040329923952888785,0.014275395297368676,0.4787646159827482,0.004752621178862174,0.024913915743716156,0.013121537276792978,0.013121537276792978,0.031728515299965704,0.03542012571279177
10CD2_-_The_Beatles/CD2_-_03_-_Mother_Nature's_Son.jams,0.023434086663797333,0.0009322704501740473,0.0011023895519442447,0.027589246376015012,0.01274266644690234,0.01274266644690234,0.004330846912039053,0.005508284374571313,0.0024540552441021206,0.0024540552441021206,0.004009929904300383,0.008307295981652767
10CD2_-_The_Beatles/CD2_-_04_-_Everybody's_Got_Something_To_Hide_Except_Me_and_My_Monkey.jams,0.025135723391826528,0.00365912076590851,0.0014565324893949217,0.007441872467341532,0.025996319251164905,0.025996319251164905,0.025996319251164905,0.00019320472969812356,0.028468180306245473,0.028468180306245473,0.005619804041801698,0.02410469569700858
10CD2_-_The_Beatles/CD2_-_05_-_Sexy_Sadie.jams,0.01050676964863593,0.0013013624593532773,0.00022894268639976284,0.041131130095604145,0.010516261094600502,0.0009934869760939147,0.0009934869760939147,6.169041070075578e-05,0.005612168755565574,0.005612168755565574,0.008592561853104115,0.014223017897563662
10CD2_-_The_Beatles/CD2_-_06_-_Helter_Skelter.jams,0.041650885567911786,0.005386860174554836,0.0015848346272334245,0.03705342007967637,0.005474132457212054,0.005474132457212054,0.005474132457212054,0.00017108111844300807,0.004498506449315401,0.004498523635874898,0.006079215336439783,0.0038207843692961954
10CD2_-_The_Beatles/CD2_-_07_-_Long_Long_Long.jams,0.009555954962997722,0.008184719604105386,3.738927338702182e-05,0.009570194637012518,0.05290776882828835,0.030347734821063878,0.030347734821063878,0.002205395417575041,0.009046053980353824,0.009046053980353824,0.006694238137965911,0.05314584199015591
10CD2_-_The_Beatles/CD2_-_08_-_Revolution_1.jams,0.024499236084979784,0.007989675560904404,0.0033739706330951865,0.026108532169610763,0.03396431104922278,0.03396431104922278,0.03396431104922278,0.031000510573078396,0.013767878348553012,0.013767878348553012,0.0053951588524520444,0.06886080221532569
10CD2_-_The_Beatles/CD2_-_09_-_Honey_Pie.jams,0.040776510088995875,0.013440554734129447,0.014353877689965846,0.011202585302494308,0.00460534019584898,0.00460534019584898,0.00460534019584898,0.00013608889474281096,0.012554696908124137,0.012554696908124137,0.010404524133816437,0.2898099814192048
10CD2_-_The_Beatles/CD2_-_10_-_Savoy_Truffle.jams,0.025305845050908053,0.003724108728417101,0.0007456712345007447,0.002956151453529679,0.0011034085692814583,0.01086923309679446,0.01086923309679446,0.00023259698805746783,0.004005541855541826,0.004005541855541826,0.01086923309679446,0.007784732602763576
10CD2_-_The_Beatles/CD2_-_11_-_Cry_Baby_Cry.jams,0.03210731225713522,0.0013347343001644698,0.003215692898928734,0.026892940778586578,0.010951639027665192,0.007907388223650667,0.007907388223650667,0.005039759982640007,0.008365080804314137,0.008365080804314137,0.00640770509392178,0.006500730792069879
10CD2_-_The_Beatles/CD2_-_13_-_Good_Night.jams,0.004247271718386648,0.008682456927901906,0.0015010654724019014,0.013450268222287736,0.02336411796095019,0.020357259468367923,0.031083666061426152,0.05124670538113267,0.007311904236764025,0.007311904236764025,0.013233891012899596,0.022099983291831243
11_-_Abbey_Road/01_-_Come_Together.jams,0.04717136918229154,0.007326664575931747,0.0026377930270671435,0.03525236592200316,0.010994616071591672,0.010994616071591672,0.010994616071591672,0.005942730967258926,0.007022206991901207,0.007022206991901207,0.0005587317220600898,0.03471387210673688
11_-_Abbey_Road/02_-_Something.jams,0.030558121752346616,0.005957146181995899,0.00020221158233236223,0.005529857667215216,0.009195079050551287,0.009195079050551287,0.012499992048767838,0.00691490869942978,0.023676185373278737,0.023676185373278737,0.014030935160099392,0.026284220669786224
11_-_Abbey_Road/03_-_Maxwell's_Silver_Hammer.jams,0.009403168476320469,0.011992016572682614,0.01090483110986272,0.022765449590943395,0.01820822120301647,0.01820822120301647,0.01820822120301647,0.000184917607900398,0.006489765723083796,0.006489765723083796,0.01828158699522567,0.009966165562904758
11_-_Abbey_Road/04_-_Oh!_Darling.jams,0.03692505306027808,0.0010562288518000372,0.0010201294710999835,0.01756038459799674,0.002466447501597313,0.002466447501597313,0.002466447501597313,0.006161312758302534,0.009948281471318076,0.009948281471318076,0.022802086794288037,0.006405324636953585
11_-_Abbey_Road/05_-_Octopus's_Garden.jams,0.02564343359288565,0.0030024881615222836,0.0020663823381163455,0.03126579023187971,0.01077983875324149,0.00481701629777692,0.01077983875324149,0.00035157952747654674,0.005447693507157931,0.005447693507157931,3.606692518649264e-05,0.01495502559880366
11_-_Abbey_Road/06_-_I_Want_You.jams,0.0325591224384145,0.2621660536462583,0.2747952875880132,0.2357812585827215,0.03702435382506063,0.03702435382506063,0.25025759825541055,0.03255510252395417,0.04797096596327098,0.04797096596327098,0.025557568599513723,0.29717510913467077
11_-_Abbey_Road/07_-_Here_Comes_The_Sun.jams,0.027498249278279346,0.008014070164194595,0.010806420048594287,0.03084573695252545,0.022480953429512163,0.01125369800625802,0.01125369800625802,0.009029860036448715,0.014674028740938552,0.014674028740938552,0.004650976108716982,0.007258587613118746
11_-_Abbey_Road/08_-_Because.jams,0.05105827429933771,0.009363830250331794,0.006153480213031007,0.003161196063508877,0.009720095233223572,0.009720095233223572,0.009720095233223572,0.016566422362986635,0.00039491049592172615,0.00039491049592172615,0.008201812764038835,0.0398249468930361
11_-_Abbey_Road/09_-_You_Never_Give_Me_Your_Money.jams,0.044442907856683526,0.01498865417811755,0.016742690918060278,0.14123996093458996,0.10854192701921338,0.10854192701921338,0.024213281832558126,0.006309942469278372,0.024852682076505154,0.024852682076505154,0.0010401687324608224,0.10996655280265115
11_-_Abbey_Road/10_-_Sun_King.jams,0.015936905490400687,0.002979978332283165,0.0012401138803108313,0.016515769452164042,0.0031624260113393646,0.0031624260113393646,0.0031624260113393646,0.00512390047048432,0.0004896985126133158,0.0004896985126133158,0.0031624260113393646,0.014720635312851902
11_-_Abbey_Road/11_-_Mean_Mr_Mustard.jams,0.010669198597486943,0.00699290446113443,0.0015265092928631312,0.0009523023038348785,0.005920414342029023,0.005920414342029023,0.005920414342029023,0.0034086386383399593,6.215913893976971e-05,6.215913893976971e-05,0.008434878635040827,0.004026540984018954
11_-_Abbey_Road/12_-_Polythene_Pam.jams,0.04767239194852681,0.011006359657020851,0.00543475711205019,0.010395916556292817,0.02005765234125095,0.0028825085331191267,0.0028825085331191267,0.005441708201023663,0.004408366416887817,0.004408366416887817,2.8853612280244554e-05,0.005088662605284918
11_-_Abbey_Road/13_-_She_Came_In_Through_The_Bathroom_Window.jams,0.04572950055373843,0.0110550517686348,0.014065833084172821,0.006704901892350409,0.004391321487623965,0.004391321487623965,0.004391321487623965,7.725982696102895e-05,0.0014866345477947988,0.0014866345477947988,0.005815502295173358,0.011848913937220202
11_-_Abbey_Road/14_-_Golden_Slumbers.jams,0.034524517791859256,0.0041871413244961835,0.0020644900721975695,0.009666247553869207,0.006813661274255151,0.006813661274255151,0.006813661274255151,0.005724112926601411,0.015514898174017203,0.015514898174017203,0.005389480466705759,0.00987381497543078
11_-_Abbey_Road/15_-_Carry_That_Weight.jams,0.029525045238269376,0.001910305630993425,0.0011661687887008897,0.003734918427311689,0.0066517078724305494,0.0066517078724305494,0.0066517078724305494,0.00022543871299748124,0.005595835480775093,0.005595835480775093,0.0020810286701714777,0.010340444442142672
11_-_Abbey_Road/16_-_The_End.jams,0.01729539297707655,0.010648964747948589,0.01743317640408201,0.015324315322390659,0.0063377135880042556,0.018019518635639515,0.0063377135880042556,0.00019608159173563377,0.0010129079755759694,0.0010129079755759694,0.0052502606872076646,0.0010129079755759694
11_-_Abbey_Road/17_-_Her_Majesty.jams,0.013080288871260707,0.005471850476562265,0.005471850476562265,0.0061872955896071224,0.006023788361267175,0.006023788361267175,0.006023788361267175,0.0060156211170446375,0.004609267499229293,0.004609267499229293,0.018154025939898184,0.004609267499229293
12_-_Let_It_Be/01_-_Two_of_Us.jams,0.0008719098846806483,0.0014359827493633669,0.00038636826807913506,0.04458956655950515,0.0014359827493633669,0.0014359827493633669,0.01173940599836989,0.006784524055605033,0.0030577093788576874,0.0030577093788576874,0.010548681425480459,0.01949298933022484
12_-_Let_It_Be/02_-_Dig_a_Pony.jams,0.033632576323968544,0.008995357639889765,0.012166653392940086,0.021880990514826837,0.017499466319022668,0.017499466319022668,0.007162587915246499,0.008690057661840162,0.0038516564737802106,0.0038516564737802106,0.0028770488903404404,0.12479294843883335
12_-_Let_It_Be/03_-_Across_the_Universe.jams,0.03302560115752265,0.0031938090447077108,0.0030057009486215767,0.026331162823449245,0.010033350127277936,0.008825677124037964,0.008825677124037964,0.0006051703190694478,0.004834315421290642,0.004834315421290642,0.007325993994309061,0.049904273773084776
12_-_Let_It_Be/04_-_I_Me_Mine.jams,0.006296966537079229,0.09742617545772828,0.0790012820194826,0.04776037397996047,0.016093517861491203,0.4613312549160342,0.4613312549160342,0.03150401932244468,0.4525246108972524,0.03748708805743925,0.022668024958575762,0.3830640401264358
12_-_Let_It_Be/05_-_Dig_It.jams,0.45894462250323625,0.0047995483610716845,0.0034849479366989614,0.010146968686163542,0.006072079483398994,0.006072079483398994,0.006072079483398994,0.0004878336172611654,0.010283120412633372,0.010283120412633372,0.011301692093558009,0.009186481038332816
12_-_Let_It_Be/06_-_Let_It_Be.jams,0.03929921092352153,0.01154787833745686,0.005387770597112044,0.021614220508684872,0.003122457812821524,0.04376444231016745,0.04376444231016745,0.0002326148554535869,0.017639761367777645,0.017639761367777645,0.0016256306026217991,0.06331039731794863
12_-_Let_It_Be/07_-_Maggie_Mae.jams,0.02342484570185189,0.002113442155076053,0.002963135943044611,0.0016311671793288764,0.012751907408848049,0.012751907408848049,0.012751907408848049,0.0004250228516836543,0.006459876765741045,0.0064598937134860935,0.0164064606592493,0.005791557132127385
12_-_Let_It_Be/08_-_I've_Got_A_Feeling.jams,0.005866195157178502,0.0012809651312257443,0.0007599798565099633,0.02854234356526283,0.0002825554466355972,0.0002825554466355972,0.0002825554466355972,5.808894634902164e-05,0.0003493108810199176,0.0003493108810199176,0.00544208819154811,0.01965480958838179
12_-_Let_It_Be/09_-_One_After_909.jams,0.018939759081283616,0.0018742855313495534,0.0016101042291000287,0.02338518309684107,0.006612204538012824,0.0012929935473334402,0.009241746662824261,0.006115453520903587,0.010549562548672455,0.010549562548672455,0.002720540842965312,0.01364610312361873
12_-_Let_It_Be/10_-_The_Long_and_Winding_Road.jams,0.03734818383912987,0.0006152984308269165,0.0038761188672136715,0.008645363015085703,0.015985141137334687,0.015985141137334687,0.005709929961984235,0.00012484661264639284,0.008938590306661732,0.008938590306661732,0.007240873073315813,0.04433346007225112
12_-_Let_It_Be/11_-_For_You_Blue.jams,0.0003109995051140997,0.005720310316035556,0.003367450255163472,0.014267639893674742,0.013140093887949438,0.013140093887949438,0.013140093887949438,0.0041849141974042315,0.006217254414359388,0.006217254414359388,0.01697735120688889,0.016871125026977938
12_-_Let_It_Be/12_-_Get_Back.jams,0.034412945318322945,0.0028465126988173922,0.0010906257837562155,0.012679134070746795,0.010779838753242127,0.0009019662943931223,0.010779838753242127,0.008264565710860426,0.007594717400249467,0.007594717400249467,0.02236781302845388,0.007594717400249467
