Tempo (BPM),boeck2015/tempodetector2016_default,boeck2015/tempodetector2016_default_lowerci,boeck2015/tempodetector2016_default_upperci,davies2009/mirex_qm_tempotracker,davies2009/mirex_qm_tempotracker_lowerci,davies2009/mirex_qm_tempotracker_upperci,percival2014/stem,percival2014/stem_lowerci,percival2014/stem_upperci,schreiber2014/default,schreiber2014/default_lowerci,schreiber2014/default_upperci,schreiber2017/ismir2017,schreiber2017/ismir2017_lowerci,schreiber2017/ismir2017_upperci,schreiber2017/mirex2017,schreiber2017/mirex2017_lowerci,schreiber2017/mirex2017_upperci
48.0,0.19270985790093342,-0.009849852878648285,0.3952695686805151,0.23563487109367331,-0.007652259582411003,0.47892200176975763,0.25790836549285245,0.04427542681557073,0.4715413041701342,0.21639445834169696,0.007177966273088809,0.4256109504103051,0.061548650987727105,-0.14783902489492773,0.27093632687038194,0.04846054717209425,-0.15965323275371462,0.2565743270979031
49.85858585858586,0.34069172424674743,0.18403596650299872,0.49734748199049617,0.3726621820499292,0.18450862644559243,0.560815737654266,0.3932254969579235,0.22800591919139135,0.5584450747244557,0.3749241191848939,0.21312013570092578,0.536728102668862,0.24930728937262064,0.0873709156418471,0.4112436631033942,0.2508593212084627,0.08990815394169105,0.4118104884752344
51.717171717171716,0.47934853285831536,0.36300989753364726,0.5956871681829834,0.5005928180458803,0.3608626976483995,0.6403229384433611,0.5215659379170537,0.39886747803843337,0.6442643977956741,0.5225609004693001,0.4023989932420431,0.6427228076965572,0.425895080507815,0.30563485515382277,0.5461553058618072,0.4393343752474467,0.3198058023854268,0.5588629481094666
53.57575757575758,0.6036261310350229,0.5201251682672818,0.687127093802764,0.6138087891120013,0.5135188076429813,0.7140987705810213,0.6370959101779494,0.5490302430726773,0.7251615772832215,0.6533083562115258,0.5670632759466342,0.7395534364764175,0.5840104769328066,0.4976948297559257,0.6703261241096875,0.6064431064569029,0.5206525959839262,0.6922336169298796
55.43434343434343,0.7084703660762536,0.6474509859791695,0.7694897461733377,0.7066921052787651,0.6334039383361938,0.7799802722213365,0.7339816355483143,0.6696265402717855,0.7983367308248431,0.7611700404281783,0.6981453619124948,0.8241947189438618,0.7163519311870884,0.6532756850117968,0.77942817736238,0.7447429120046848,0.6820504160889871,0.8074354079203825
57.292929292929294,0.7888270852813929,0.738203307721693,0.8394508628410928,0.7736247765766462,0.7128223912499525,0.8344271619033399,0.8063893358358544,0.7529981341728932,0.8597805374988156,0.8401495071358669,0.7878620650007078,0.892436949271026,0.8156178958101562,0.7632876713700126,0.8679481202502998,0.8467911890586486,0.7947793370396808,0.8988030410776163
59.151515151515156,0.8396541082228702,0.7918394554825879,0.8874687609631525,0.8090024795815501,0.7515740323119204,0.8664309268511798,0.8484986273304911,0.7980701154737793,0.8989271391872029,0.8842650445901169,0.8348790443963957,0.9336510447838381,0.8745239917796542,0.8250975832806886,0.9239504002786199,0.905163578482647,0.8560378758474951,0.9542892811177988
61.01010101010101,0.8594087055425231,0.8145515402358277,0.9042658708492186,0.8112155714824645,0.7573392552311835,0.8650918877337455,0.8584042838649573,0.8110949348916572,0.9057136328382573,0.8918417045106911,0.8455103845582215,0.9381730244631608,0.8908041109577934,0.844434882081506,0.9371733398340809,0.9177682859116519,0.8716811632908475,0.9638554085324563
62.868686868686865,0.8548910485247257,0.8158053535607219,0.8939767434887296,0.788177966961423,0.7412335546610885,0.8351223792617574,0.8435350490094394,0.8023126763901867,0.8847574216286922,0.8714721202924182,0.831101940265202,0.9118423003196343,0.874156003125323,0.8337527916610414,0.9145592145896047,0.8952266703218161,0.8550692683948484,0.9353840722487838
64.72727272727272,0.834118046129277,0.8025838833983208,0.8656522088602332,0.7491925066510792,0.7113179661535599,0.7870670471485984,0.8126809426009094,0.7794229179571417,0.8459389672446771,0.8332463605741539,0.8006758810770223,0.8658168400712856,0.8360222400735408,0.803425110961694,0.8686193691853875,0.8500141907566952,0.8176153796729049,0.8824130018404854
66.58585858585859,0.8051066073159756,0.7802586260241386,0.8299545886078126,0.7035620311840868,0.6737180209990495,0.733406041369124,0.774631984476339,0.7484256513257669,0.800838317626911,0.7872544939947543,0.7615899259478466,0.8129190620416621,0.7878453935937437,0.7621598264439416,0.8135309607435458,0.7946063062598445,0.7690770078111658,0.8201356047085232
68.44444444444444,0.7758736410446212,0.7542973125713506,0.7974499695178918,0.6605893811931002,0.6346748346893349,0.6865039276968654,0.7381781944727006,0.7154223639086111,0.7609340250367901,0.743586589193076,0.7213011912848522,0.7658719871012998,0.7410680354772303,0.71876440334964,0.7633716676048207,0.7414784758748209,0.7193105370571187,0.763646414692523
70.30303030303031,0.7543621269760412,0.7335536254342303,0.7751706285178521,0.6294879942716592,0.6044956568799218,0.6544803316633967,0.7120257523480952,0.6900797231168176,0.7339717815793727,0.7122345765624272,0.6907422389152866,0.7337269142095677,0.70702288271726,0.6855129597435764,0.7285328056909436,0.7029847530282015,0.6816056945086589,0.7243638115477441
72.16161616161617,0.7446464203901803,0.7252953211761151,0.7639975196042454,0.6147929628693226,0.591551058617489,0.6380348671211562,0.7004935952148965,0.6800846393774996,0.7209025510522934,0.698054939322862,0.6780678990587503,0.7180419795869737,0.6912940931301479,0.6712906991945351,0.7112974870657607,0.6851261925877669,0.6652444975179079,0.7050078876576258
74.02020202020202,0.7451096896072964,0.7285260058996393,0.7616933733149535,0.6141570010357431,0.594238939296082,0.6340750627754043,0.7014465267064752,0.6839562712606798,0.7189367821522706,0.6983493331621965,0.6812206548206935,0.7154780115036995,0.6910090394314177,0.673866346169489,0.7081517326933463,0.6845578651661691,0.6675194665220767,0.7015962638102615
75.87878787878788,0.7536795478692654,0.7400514287920382,0.7673076669464926,0.6246819179823327,0.6083136778518042,0.6410501581128613,0.7122327247850125,0.6978596043065771,0.726605845263448,0.7098146822644336,0.6957386981713611,0.723890666357506,0.7026181650023884,0.6885306637453501,0.7167056662594267,0.6971867354677396,0.6831849413126965,0.7111885296227827
77.73737373737373,0.768283608417963,0.7561712523537961,0.7803959644821298,0.6434695229205033,0.6289218108348319,0.6580172350061747,0.7302003674126891,0.7174258713871231,0.7429748634382551,0.7291479108135763,0.7166375027137719,0.7416583189133807,0.7225719132243793,0.7100512689364397,0.735092557512319,0.7189197681968093,0.7064752983927225,0.731364238000896
79.5959595959596,0.7868494844952652,0.774515277545613,0.7991836914449173,0.6676216250616669,0.6528074559142236,0.6824357942091102,0.7526976325516862,0.7396891578319763,0.7657061072713961,0.7530459429936278,0.7403063932553163,0.7657854927319393,0.7473207274787099,0.73457075406542,0.7600707008919998,0.7456639280577094,0.7329915243462304,0.7583363317691885
81.45454545454545,0.8073282094198266,0.7948071193778228,0.8198492994618305,0.6942831986562792,0.6792445709966515,0.7093218263159069,0.7771067738851475,0.7639011998308535,0.7903123479394415,0.7782628289502881,0.765330254523808,0.7911954033767682,0.7733807641609314,0.7604376081240157,0.786323920197847,0.773407617449416,0.7605432064201745,0.7862720284786575
83.31313131313132,0.8281417881503332,0.81650081726746,0.8397827590332064,0.7214672556398263,0.7074857072189764,0.7354488040606761,0.8014952989636013,0.7892179570914507,0.8137726408357518,0.8027014070301959,0.790677875386049,0.8147249386743428,0.7985896512559602,0.7865562817926968,0.8106230207192235,0.7997769295850335,0.7878167700690216,0.8117370891010455
85.17171717171718,0.8481484044965406,0.8377328288740716,0.8585639801190096,0.747990719792927,0.7354809492281001,0.7605004903577538,0.8245653464260787,0.81358038786902,0.8355503049831374,0.8253284376402992,0.8145705717931293,0.836086303487469,0.822008865300472,0.8112421972193649,0.8327755333815792,0.8239146649207363,0.8132135002885758,0.8346158295528968
87.03030303030303,0.8662226909366703,0.856255424450119,0.8761899574232215,0.7727008310827446,0.7607295083805926,0.7846721537848965,0.8450429873795584,0.834530845444193,0.8555551293149238,0.8451508025762831,0.8348559787843078,0.8554456263682583,0.8427460351813312,0.8324427880228029,0.8530492823398594,0.8450208202085265,0.8347802570873577,0.8552613833296954
88.88888888888889,0.8812392799489429,0.8706426887330978,0.891835871164788,0.7944448294764421,0.7817176476398939,0.8071720113129903,0.8616542929310189,0.8504784232939112,0.8728301625681266,0.8611753836338321,0.8502305534228698,0.8721202138447943,0.8599087897854014,0.8489550043636855,0.8708625752071173,0.8622953922004067,0.8514082486328596,0.8731825357679539
90.74747474747474,0.8920728040115797,0.8807398855986355,0.903405722424524,0.8120699549411827,0.7984583971824357,0.8256815126999297,0.8731253341874387,0.8611728849317143,0.885077783443163,0.8724090626086314,0.8607037070562826,0.8841144181609801,0.8726047579995471,0.8608898249641403,0.8843196910349538,0.874938377648379,0.8632947172213797,0.8865820380753783
92.60606060606061,0.8977681681690921,0.8866938169032439,0.9088425194349403,0.8245761448831395,0.8112751427578992,0.8378771470083797,0.8783859607459094,0.8667062135949961,0.8900657078968226,0.8780432577978073,0.8666049667632318,0.8894815488323828,0.8801010681175094,0.868653418115741,0.8915487181192778,0.8823062895237512,0.8709282860042371,0.8936842930432654
94.46464646464646,0.8990924149897495,0.888979051721721,0.9092057782577779,0.8325077193135663,0.8203609250596935,0.844654513567439,0.8784270387959476,0.8677608134812262,0.889093264110669,0.8791357905284042,0.8686900687320551,0.8895815123247532,0.8832780261726128,0.872823757542886,0.8937322948023395,0.8853386465644996,0.8749479807733022,0.895729312355697
96.32323232323233,0.8978125442193174,0.8880817948936527,0.9075432935449822,0.8373057422316071,0.8256184917233098,0.8489929927399045,0.8754361614470181,0.8651734662349587,0.8856988566590774,0.8778282069056089,0.8677776730098044,0.8878787408014135,0.8839526280019966,0.873893870620995,0.8940113853829982,0.8858941379909573,0.8758965771933006,0.895891698788614
98.18181818181819,0.895707872774156,0.8850200012440482,0.9063957443042637,0.8404223234580941,0.8275855081428116,0.8532591387733766,0.8716156627294558,0.8603435228039266,0.882887802654985,0.8762754020292154,0.8652362917313028,0.887314512327128,0.8839534073049882,0.8729052646550568,0.8950015499549195,0.8858427750879332,0.8748618483531366,0.8968237018227297
100.04040404040404,0.8945577175706243,0.8822547703492242,0.9068606647920244,0.8433095728138589,0.8285329485936023,0.8580861970341155,0.8691678766735957,0.8561923705416816,0.8821433828055099,0.8766322709990171,0.8639250082869002,0.889339533711134,0.8851088977809143,0.8723912378115083,0.8978265577503203,0.8870545691402353,0.8744142822805278,0.8996948559999428
101.8989898989899,0.8961413955250823,0.882813043188119,0.9094697478620456,0.8474196001197333,0.8314113989615662,0.8634278012779003,0.870295137309773,0.8562381707663616,0.8843521038531845,0.8810537089148076,0.867287342887418,0.8948200749421972,0.8892476331291022,0.8754700032715106,0.9030252629866937,0.8913995314326721,0.8777057234471011,0.9050933394182432
103.75757575757575,0.9017633070716428,0.8887271914249761,0.9147994227183094,0.853830745111484,0.838173538855447,0.8694879513675211,0.8766253456839022,0.8628765913841651,0.8903740999836393,0.8910899807315753,0.8776254552575825,0.9045545062055681,0.8976904854323484,0.8842149430982498,0.9111660277664471,0.9002236256967707,0.8868300673611255,0.913617184032416
105.6161616161616,0.9100165368577713,0.8978760290781826,0.9221570446373599,0.8614874802659039,0.8469059561746654,0.8760690043571425,0.8865069436585462,0.8737027569621593,0.8993111303549332,0.9048394955139053,0.892300010540306,0.9173789804875045,0.9088600678023973,0.8963103228495644,0.9214098127552302,0.9118810087732039,0.8994076153500753,0.9243544021963325
107.47474747474747,0.9185335014348452,0.9066592680535566,0.9304077348161339,0.8685782103943815,0.8543164988368673,0.8828399219518958,0.8971264015452639,0.8846030455332436,0.9096497575572842,0.9191776075119864,0.9069131475931012,0.9314420674308717,0.9201520879121625,0.9078775930433295,0.9324265827809955,0.9236657863481987,0.9114659684120927,0.9358656042843048
109.33333333333334,0.9249454916262838,0.912202127934173,0.9376888553183946,0.8732904543347704,0.8579848618460989,0.8885960468234418,0.9056688280366885,0.892228829412572,0.919108826660805,0.930978237778628,0.917816085055577,0.944140390501679,0.9289610500885043,0.9157881279108949,0.9421339722661136,0.9328708219211896,0.9197780426279748,0.9459636012144045
111.1919191919192,0.9268837982555059,0.9128890566319514,0.9408785398790604,0.8738117309249238,0.8570031537352937,0.890620308114554,0.9093193318254525,0.894559546833843,0.9240791168170621,0.9371153073666381,0.9226606522991617,0.9515699624341144,0.9326814586582821,0.9182149765930356,0.9471479407235286,0.9367889789916108,0.9224105097138171,0.9511674482694046
113.05050505050505,0.9219799311471772,0.907594017308379,0.9363658449859755,0.8683297509047656,0.8510513509380363,0.8856081508714949,0.9052632734314539,0.8900909322135849,0.9204356146493228,0.9344630094227444,0.919604326928723,0.9493216919167659,0.9287080561996752,0.913837216127081,0.9435788962722694,0.9327133676008872,0.9179330003938211,0.9474937348079533
114.9090909090909,0.9091417393885581,0.8959312247756553,0.9223522540014609,0.8561506302786627,0.8402839597420677,0.8720173008152576,0.8921536626721521,0.8782209756272709,0.9060863497170334,0.9214813004507332,0.9078366446843151,0.9351259562171512,0.9158241139771636,0.9021682939655545,0.9294799339887726,0.9193739445103465,0.9058012052905122,0.9329466837301807
116.76767676767676,0.891559203432991,0.8803429891356747,0.9027754177303073,0.8403327462273152,0.826861357554118,0.8538041349005124,0.8735674878679659,0.8617381225319478,0.885396853203984,0.9019503893429595,0.8903655731890314,0.9135352054968875,0.8974714312928476,0.8858771362828568,0.9090657263028383,0.9003213020191138,0.8887975456665366,0.9118450583716909
118.62626262626263,0.8733193328380713,0.8635408696586725,0.8830977960174701,0.8247205068104826,0.8129759489209505,0.8364650647000147,0.8541132218147446,0.8438002044001623,0.8644262392293268,0.8807649816819823,0.8706651658975785,0.890864797466386,0.8780676848508673,0.8679596052581469,0.8881757644435877,0.8801158684188874,0.8700692854814519,0.890162451356323
120.48484848484848,0.8585091371613953,0.8486039333752321,0.8684143409475585,0.8131583200879249,0.8012615386469215,0.8250551015289282,0.8383993373083385,0.8279526508231962,0.8488460237934807,0.8628197830503618,0.8525890615441447,0.8730505045565788,0.8620305513553638,0.8517914589319663,0.8722696437787613,0.8633180720013671,0.8531412733036388,0.8734948706990955
122.34343434343434,0.8512156259605586,0.8402460321587141,0.862185219762403,0.8094905941194015,0.7963154123892253,0.8226657758495777,0.831034307144597,0.8194650441802842,0.8426035701089098,0.853009499030657,0.8416794081364376,0.8643395899248765,0.853777707510477,0.8424383461799092,0.8651170688410448,0.8544883410582513,0.8432179673913143,0.8657587147251884
124.20202020202021,0.8555041645190726,0.8439808069804327,0.8670275220577126,0.8175390623351447,0.8036987750413848,0.8313793496289047,0.8366025700321581,0.8244492710126533,0.8487558690516629,0.8562036690301433,0.8443016158932782,0.8681057221670084,0.857703565448498,0.8457917738879035,0.8696153570090925,0.8581632763198828,0.8463239550374164,0.8700025976023491
126.06060606060606,0.8723947011184363,0.8613039893332577,0.8834854129036149,0.8379350669326114,0.8246144147802807,0.8512557190849421,0.8563068935023459,0.8446098914599769,0.8680038955447149,0.8737308729492381,0.862275683734617,0.8851860621638592,0.8749291393406694,0.8634645773325319,0.8863937013488069,0.875526866172572,0.8641320535378282,0.8869216788073159
127.91919191919192,0.8967480352960449,0.8860329898438339,0.9074630807482558,0.8648576008442633,0.8519881479155469,0.8777270537729798,0.884510845144096,0.8732100457935905,0.8958116444946014,0.8997583409339034,0.8886911636890332,0.9108255181787736,0.8999552186312384,0.8888789860695872,0.9110314511928896,0.9009826685740348,0.8899738228240375,0.911991514324032
129.77777777777777,0.9226819592429948,0.9112867913617224,0.9340771271242672,0.8917072794858039,0.8780209561457011,0.9053936028259066,0.9147529473962539,0.902734845712419,0.9267710490800888,0.9275893955191551,0.9158197447752965,0.9393590462630137,0.9264839636339222,0.9147046827997948,0.9382632444680495,0.9281162859772853,0.9164086692378374,0.9398239027167333
131.63636363636363,0.9443142651503822,0.9313963269488926,0.9572322033518718,0.911884718272936,0.8963694506651974,0.9273999858806747,0.940571722697665,0.9269476061889347,0.9541958392063953,0.950527359240009,0.9371848949124625,0.9638698235675555,0.9482175346624373,0.9348641533468953,0.9615709159779793,0.9505133208353378,0.9372411803015007,0.9637854613691749
133.49494949494948,0.9557627452093037,0.9416006504558196,0.9699248399627878,0.9187905326213635,0.9017809536499204,0.9358001115928065,0.9555056934871755,0.9405694067578508,0.9704419802165002,0.9618755546314817,0.9472480466573449,0.9765030626056185,0.9588580920305013,0.9442186156279665,0.9734975684330361,0.9617593756012068,0.9472089644682534,0.9763097867341602
135.35353535353534,0.9512892524279296,0.937202803391438,0.9653757014644212,0.9060000190797923,0.8890812954386822,0.9229187427209025,0.9532483911955669,0.9383918854688772,0.9681048969222567,0.9551074647333828,0.9405580884444082,0.9696568410223574,0.9522673598280305,0.9377060790390782,0.9668286406169827,0.9556014573648655,0.9411287661103515,0.9700741486193795
137.21212121212122,0.9303855094768387,0.9175626640967471,0.9432083548569303,0.8734299595268111,0.8580289044620147,0.8888310145916075,0.9331206707742891,0.9195968454774892,0.9466444960710889,0.9298739446137746,0.9166296981718935,0.9431181910556556,0.9280997389415439,0.9148446558748935,0.9413548220081942,0.9316460791621052,0.9184716388393751,0.9448205194848353
139.07070707070707,0.8991301363857152,0.8873235208592798,0.9109367519121505,0.8289840868873131,0.8148035886857343,0.8431645850888918,0.9015308682842241,0.8890788265576743,0.9139829100107739,0.8936061035584452,0.8814114836405115,0.9058007234763789,0.8933053699139331,0.881100772190102,0.9055099676377641,0.896879663420645,0.8847493173815406,0.9090100094597493
140.92929292929293,0.864021755566382,0.851817794062526,0.8762257170702381,0.7810754085264306,0.7664176724656532,0.7957331445872081,0.8653392410455429,0.8524681318326639,0.878210350258422,0.8542311456193437,0.8416261216224666,0.8668361696162207,0.8552995938017891,0.8426842562007473,0.8679149314028309,0.8587592000228947,0.8462206130113824,0.8712977870344071
142.78787878787878,0.831558989430663,0.8179213317356425,0.8451966471256834,0.7381169318092978,0.7217372351904844,0.7544966284281113,0.8314060463784164,0.8170228658394573,0.8457892269173756,0.8196762748484199,0.8055904386670609,0.8337621110297788,0.8214977516617039,0.8074003902552648,0.835595113068143,0.8247416788512648,0.810730084535091,0.8387532731674386
144.64646464646466,0.8082404603903809,0.7934828328127153,0.8229980879680465,0.7085216641010471,0.6907968122282904,0.7262465159738039,0.8065915416030152,0.7910271663618188,0.8221559168442115,0.7978686952976225,0.7826260833232506,0.8131113072719944,0.7993151845502685,0.7840601008609376,0.8145702682395994,0.8022840897881646,0.7871218166682774,0.8174463629080517
146.50505050505052,0.8001825035870835,0.7854487624912374,0.8149162446829297,0.7001479032337286,0.6824517405489721,0.717844065918485,0.7973557598956631,0.7818165769263462,0.81289494286498,0.7962156271713516,0.7809976866675052,0.811433567675198,0.7956916834540667,0.7804612914217981,0.8109220754863353,0.7983664817366264,0.7832287500519608,0.813504213421292
148.36363636363637,0.8075060429025751,0.7928305494320127,0.8221815363731375,0.7121544374320393,0.6945282338599288,0.7297806410041499,0.8038820191847262,0.7884042680337725,0.81935977033568,0.8139693839928788,0.7988116053237144,0.8291271626620431,0.8101089876117409,0.7949388066393958,0.825279168584086,0.8124890382200958,0.7974111512766319,0.8275669251635597
150.22222222222223,0.8255717611291794,0.8092284829846462,0.8419150392737126,0.7367928118147178,0.7171634924879772,0.7564221311414584,0.821370046359384,0.8041333386044243,0.8386067541143438,0.8439074404157827,0.8270270681584313,0.8607878126731341,0.8361272867901905,0.8192331027798698,0.8530214708005113,0.8382130736868021,0.8214216723861811,0.855004474987423
152.08080808080808,0.849609216525516,0.8300497115988231,0.8691687214522089,0.7661243061306551,0.7426320933271032,0.7896165189342069,0.8448822914274763,0.8242535370691669,0.8655110457857856,0.8786289166339323,0.8584266217569698,0.8988312115108947,0.8671436570823023,0.8469248324095511,0.8873624817550536,0.8689363118290486,0.8488404966834542,0.8890321269746431
153.93939393939394,0.8748479673502048,0.8521988389499235,0.897497095750486,0.7922102001287425,0.765007152495965,0.8194132477615201,0.8694812043968432,0.8455939277019414,0.8933684810917449,0.9107329328411972,0.8873394792561717,0.9341263864262226,0.8965551745809629,0.8731425801501619,0.9199677690117639,0.8980564763391388,0.8747863220460342,0.9213266306322433
155.7979797979798,0.8965175718618643,0.8725587331974699,0.9204764105262587,0.8071117735578703,0.7783356803725155,0.8358878667432251,0.890229235275324,0.8649606510565249,0.9154978194941232,0.9328186092314456,0.9080724039761623,0.9575648144867288,0.9177589153790585,0.8929924624379599,0.9425253683201571,0.918971290909375,0.8943555148604769,0.9435870669582731
157.65656565656565,0.9104053117719622,0.8877305334059672,0.9330800901379571,0.8039942953534507,0.7767604404760515,0.8312281502308498,0.9027672679081657,0.8788529390540201,0.9266815967623114,0.9384452760689073,0.9150253295755554,0.9618652225622591,0.9249882720333329,0.901549163017343,0.9484273810493228,0.9259161753334096,0.9026196677674893,0.94921268289933
159.5151515151515,0.9169217093578557,0.8964714932114003,0.937371925504311,0.7851745369838555,0.7606125232012096,0.8097365507665014,0.9075311051423671,0.8859629475105325,0.9290992627742017,0.929131911228827,0.9080096334187943,0.9502541890388597,0.9194092704367902,0.8982697100882677,0.9405488307853127,0.9200706192263632,0.8990596700787816,0.9410815683739449
161.37373737373736,0.9187632676401397,0.8986616759579357,0.9388648593223438,0.7574942688362634,0.7333509752683371,0.7816375624041896,0.9073274176928591,0.8861269426001935,0.9285278927855246,0.9103331738261373,0.8895709774319955,0.9310953702202791,0.9056158061943287,0.8848366218852687,0.9263949905033887,0.9060476367334642,0.8853948711296422,0.9267004023372862
163.2323232323232,0.9186427364764519,0.8960623538870256,0.9412231190658782,0.7278274212013291,0.7007069416715791,0.7549479007310792,0.9049797264182203,0.8811649536261833,0.9287944992102574,0.8875316945026268,0.8642092459429153,0.9108541430623384,0.8882261373385603,0.8648846060303623,0.9115676686467582,0.8884846446173673,0.8652851211051619,0.9116841681295728
165.0909090909091,0.9192728657244296,0.893332785753834,0.9452129456950251,0.7030479243697079,0.6718922340240515,0.7342036147153642,0.9033115521770297,0.875953419148926,0.9306696852051335,0.8662101039000845,0.8394175472038877,0.8930026605962812,0.8718585219020976,0.845044043167165,0.8986730006370302,0.8720190596407279,0.84536771780438,0.8986704014770758
166.94949494949495,0.9233664052417101,0.8956228369330852,0.951109973550335,0.6900297086320551,0.6567079137768778,0.7233515034872325,0.905146415827866,0.8758862040890425,0.9344066275666896,0.8518510326602996,0.8231957190411345,0.8805063462794647,0.8611312179175528,0.8324524581262932,0.8898099777088123,0.8612882985662011,0.8327840177933052,0.8897925793390971
168.8080808080808,0.9328973468312423,0.9058332198006397,0.9599614738618448,0.6939115660948715,0.6614058235452427,0.7264173086445003,0.9125687245926417,0.8840250967999735,0.9411123523853099,0.8486877004807816,0.8207341568246922,0.876641244136871,0.8596248623371847,0.8316484467068458,0.8876012779675236,0.8598885745875197,0.832082364976271,0.8876947841987683
170.66666666666669,0.9463130865334418,0.9202348200296884,0.9723913530371953,0.7115492915710131,0.6802276303863352,0.742870952755691,0.9241345924955803,0.8966307187619308,0.9516384662292298,0.8549890369727398,0.8280537524773812,0.8819243214680983,0.865966819412044,0.8390094960960993,0.8929241427279887,0.8664457265372985,0.8396524091736373,0.8932390439009597
172.52525252525254,0.9610098773363012,0.9336022242805997,0.9884175303920026,0.7373298357968588,0.7044114965830799,0.7702481750106378,0.9373484845681092,0.9084425513891845,0.9662544177470338,0.8672462454331114,0.8389378863518377,0.895554604514385,0.8773080726177174,0.8489765512473286,0.9056395939881061,0.8781041151232309,0.8499449602036034,0.9062632700428584
174.3838383838384,0.9743837918669594,0.9431420167491334,1.0056255669847853,0.7656397258910674,0.7281163615636262,0.8031630902185086,0.9497146853939912,0.9167650321671525,0.9826643386208298,0.881950224126865,0.8496817410657865,0.9142187071879434,0.8907993521043331,0.8585044665261812,0.9230942376824851,0.8920078468529201,0.8599094404801053,0.9241062532257349
176.24242424242425,0.9838309027525558,0.9483717394798663,1.0192900660252453,0.7908654889722964,0.7482767725114265,0.8334542054331662,0.9587374795569886,0.9213398883784284,0.9961350707355489,0.8955918713189687,0.8589674027953499,0.9322163398425874,0.9035913880220188,0.8669369528540533,0.9402458231899843,0.9053010282339692,0.8688695953824681,0.9417324610854703
178.1010101010101,0.9867486438197737,0.9488717862117076,1.0246255014278398,0.8073962120024181,0.7619036904588798,0.8528887335459563,0.9619224758132223,0.9219750234421175,1.001869928184327,0.9046635820612371,0.8655419657790887,0.9437851983433855,0.9128360228312147,0.8736823967040458,0.9519896489583836,0.9151288681392842,0.8762134491836167,0.9540442870949517
179.95959595959596,0.9816960625563742,0.9434494740870387,1.0199426510257097,0.8118054881458255,0.7658688962587108,0.8577420800329403,0.9579052985049072,0.9175679033850264,0.9982426936247881,0.9069350718803024,0.8674315741593102,0.9464385696012947,0.9166343168050417,0.8770984967783785,0.9561701368317049,0.9195773064320788,0.8802820188105356,0.958872594053622
181.8181818181818,0.970510655552453,0.9314744506498819,1.009546860455024,0.8068322929471927,0.759947321366815,0.8537172645275705,0.9485108410987447,0.9073406639887496,0.9896810182087399,0.9037810674217042,0.8634620038628389,0.9441001309805694,0.9157663296035761,0.8754142764318434,0.9561183827753087,0.9193873298074469,0.8792807749305361,0.9594938846843576
183.67676767676767,0.9556041754558384,0.913635111051383,0.9975732398602939,0.7962955358069879,0.7458880129248562,0.8467030586891195,0.9361226322750098,0.891859266535826,0.9803859980141936,0.8972077522816936,0.8538594457684777,0.9405560587949094,0.9114813767998563,0.868097602105485,0.9548651514942276,0.915764985322616,0.8726451536465857,0.9588848169986462
185.53535353535352,0.9393883749143584,0.8930416866398484,0.9857350631888685,0.7840141261256791,0.7283487977973121,0.8396794544540461,0.9231242007139775,0.8742439017841591,0.9720044996437959,0.889221310056522,0.8413515164906057,0.9370911036224384,0.9050287739669212,0.8571198126768966,0.9529377352569457,0.9099163200348137,0.8622988325950374,0.95753380747459
187.3939393939394,0.9242750065758406,0.8743509848784277,0.9741990282732536,0.7738069733037345,0.7138450393938324,0.8337689072136366,0.9118990750959226,0.8592458824903485,0.9645522677014967,0.8818279243424406,0.8302632343589739,0.9333926143259074,0.8976578366778094,0.8460509557551188,0.9492647176005,0.9030473810012677,0.851754471742266,0.9543402902602693
189.25252525252526,0.9126589497912465,0.8619910862057351,0.963326813376758,0.7694690622618763,0.7086137268066437,0.8303243977171089,0.9048127307048127,0.8513750329878611,0.9582504284217643,0.8770181177097239,0.824685140736299,0.9293510946831489,0.890611237927038,0.838235441391397,0.942987034462679,0.8963572376059603,0.8443000907480622,0.9484143844638584
191.11111111111111,0.9055652421786692,0.8563903661406657,0.9547401182166727,0.7728530929570963,0.7137909307601114,0.8319152551540812,0.9027649958987356,0.8509019021143981,0.9546280896830731,0.8755109879957188,0.8247200630729685,0.9263019129184691,0.8845923796143759,0.8337598968576265,0.9354248623711252,0.8904784838081158,0.8399552613456378,0.9410017062705938
192.96969696969697,0.9016597644814164,0.8526590600250711,0.9506604689377617,0.7824667402861665,0.7236137692663601,0.8413197113059728,0.9041315453775634,0.8524521445234758,0.9558109462316509,0.8758359710297541,0.8252249415422427,0.9264470005172655,0.8793759248809301,0.8287234847523414,0.9300283650095188,0.8850681232044734,0.834723848006854,0.9354123984020928
194.82828282828282,0.8993751409869035,0.8470106271381378,0.9517396548356692,0.7964869471378457,0.7335938265143814,0.85938006776131,0.9070384836906045,0.8518113857999875,0.9622655815812214,0.8763060046180511,0.8222206198485289,0.9303913893875733,0.8746447098623168,0.8205150716863949,0.9287743480382387,0.8796867000368278,0.8258863817548642,0.9334870183187914
196.68686868686868,0.8971439959825462,0.838971596553406,0.9553163954116864,0.8130906564008926,0.7432218948036816,0.8829594179981036,0.9096119153871675,0.8482594352116846,0.9709643955626504,0.8752340265668312,0.8151498899093581,0.9353181632243044,0.870081570694152,0.8099482723689011,0.930214869019403,0.8738947585469733,0.8141273058489085,0.9336622112450381
198.54545454545453,0.8933989537557601,0.8298495010626988,0.9569484064488213,0.830454810964065,0.7541278654810402,0.9067817564470899,0.9099779450165606,0.842954466962108,0.9770014230710132,0.8709329746823153,0.8052950770265963,0.9365708723380344,0.8653693435120522,0.7996777400248491,0.9310609469992552,0.8672528429767045,0.8019609013498679,0.9325447846035411
200.40404040404042,0.8866032249969855,0.8200448437322926,0.9531616062616785,0.8467710163316307,0.7668301557428613,0.9267118769204,0.9063145771637682,0.8361176829815289,0.9765114713460075,0.8617714504236875,0.7930257408629307,0.9305171599844444,0.8602026672523648,0.7914007090056387,0.9290046254990909,0.8593404405092184,0.7909570672439824,0.9277238137744545
202.26262626262627,0.8760310977284509,0.8068999359379356,0.9451622595189662,0.860619695060119,0.7775887609834993,0.9436506291367388,0.8981760796644997,0.8252657600819784,0.9710863992470211,0.8475941205163011,0.7761910803619955,0.9189971606706068,0.85458916254194,0.7831276994371905,0.9260506256466894,0.8502393592562778,0.7792126613235266,0.921266057189029
204.12121212121212,0.861832634715257,0.7868270755139495,0.9368381939165644,0.8710011016266761,0.7809146416262569,0.9610875616270953,0.8866027643447154,0.8074969146787643,0.9657086140106665,0.8298394586238631,0.7523689689527074,0.9073099482950188,0.8488743973879586,0.7713405202956353,0.9264082744802818,0.8405737970190286,0.7635116291241552,0.917635964913902
205.97979797979798,0.8442014485033754,0.7593226092030325,0.9290802878037183,0.8769363675527938,0.7749914684955109,0.9788812666100767,0.8727088397608589,0.7831899724527367,0.9622277070689811,0.8100251938847094,0.7223569555122893,0.8976934322571295,0.8434207449572373,0.755680775225272,0.9311607146892026,0.8309949230913564,0.7437887555147671,0.9182010906679456
207.83838383838383,0.8233311516387776,0.7271043039644413,0.9195579993131139,0.8774466243599645,0.7618720435383682,0.9930212051815607,0.8576085144693739,0.756121283029311,0.9590957459094368,0.7896690554371759,0.6902798756453854,0.8890582352289664,0.8385905784165929,0.7391200770296283,0.9380610798035575,0.8221539067671468,0.723288575044577,0.9210192384897167
209.6969696969697,0.7994153566674342,0.6937975443573656,0.9050331689775029,0.8715530035696802,0.7446992753218022,0.9984067318175582,0.8424159970267043,0.7310244299000199,0.9538075641533887,0.7702887724195986,0.6612000098693875,0.8793775349698096,0.834746270932842,0.725568250455312,0.943924291410372,0.8147019173402856,0.7061881262080429,0.9232157084725283
211.55555555555554,0.7727232022708788,0.6618243911849886,0.8836220133567689,0.858370930121995,0.7251743855542832,0.9915674746897067,0.8281947522742222,0.7112334927181408,0.9451560118303036,0.7533278597311961,0.638784547338651,0.8678711721237412,0.8322114395471565,0.7175744062395198,0.9468484728547931,0.809217885321075,0.6952782935062092,0.9231574771359408
213.41414141414143,0.7444673647580731,0.6304425238265512,0.858492205689595,0.8381938236705905,0.7012427178990512,0.9751449294421297,0.8153743107976933,0.6951161323244937,0.9356324892708929,0.7393026839856486,0.6215306100793366,0.8570747578919605,0.8308255263516262,0.7129570897131026,0.9486939629901499,0.8053782720286636,0.6882269364527533,0.9225296076045739
215.27272727272728,0.716501896779263,0.5980992122088731,0.834904581349653,0.8121158540644909,0.6699066788903559,0.9543250292386259,0.8039532819120678,0.6790779384654312,0.9288286253587045,0.7280993762258268,0.6058055882756717,0.8503931641759819,0.8300988521098911,0.7077050016988442,0.952492702520938,0.8022460789994476,0.6805968618650451,0.92389529613385
217.13131313131314,0.6906931076678505,0.5654442537689491,0.8159419615667519,0.7812464934655753,0.6308146323207411,0.9316783546104095,0.7939220400393922,0.6618262712342119,0.9260178088445724,0.7195920237112431,0.5902270786908774,0.8489569687316088,0.8295354480866135,0.7000646548872942,0.9590062412859328,0.7988725845712852,0.6701894801377493,0.9275556890048211
218.989898989899,0.6689073067572372,0.5358384644088044,0.8019761491056699,0.7466952140357216,0.586871048051566,0.9065193800198772,0.7852709596017122,0.64492771104616,0.9256142081572645,0.71365471370141,0.5762127895763086,0.8510966378265113,0.8286393455464556,0.6910849645469032,0.966193726546008,0.7943090670820347,0.6575915546759328,0.9310265794881367
220.84848484848484,0.6530108033808246,0.5141104171516113,0.7919111896100379,0.7095714879368085,0.5427432658513356,0.8763997100222813,0.7779904150210742,0.6314968325640665,0.924483997478082,0.71016153345584,0.5666964216524708,0.8536266452592092,0.8269145757540795,0.683332078821181,0.9704970726869779,0.7876068048695544,0.6448978510501444,0.9303157586889643
222.7070707070707,0.6445297826479046,0.5039470494637397,0.7851125158320695,0.6708880099437086,0.5020391818754536,0.8397368380119635,0.7719528006641327,0.6236849032533869,0.9202206980748786,0.7089042888323057,0.5637015425951063,0.8541070350695051,0.8239636804531537,0.6786421273300096,0.9692852335762978,0.7779237151873573,0.633486285440557,0.9223611449341576
224.56565656565655,0.6426582732258472,0.5022544661369067,0.7830620803147877,0.6309938937319857,0.4623599673149164,0.799627820149055,0.7662215477990779,0.6181423577447048,0.914300737853451,0.7091106003482981,0.5640926603089271,0.854128540387669,0.8200646659144977,0.6749280702001572,0.9652012616288381,0.7651489147051561,0.62089531710277,0.9094025123075422
226.42424242424244,0.6456120747817761,0.501710131991948,0.7895140175716041,0.5899599121833803,0.41712450169966664,0.7627953226670939,0.7595207660479084,0.6077522095010757,0.9112893225947412,0.7097714395335052,0.5611404034973886,0.8584024755696218,0.8157788637370343,0.6670262157410631,0.9645315117330056,0.7494782235629075,0.6016305734186647,0.8973258737071503
228.2828282828283,0.6516036402794432,0.49449244509580587,0.8087148354630804,0.5478558859240041,0.3591553209093235,0.7365564509386848,0.7505734041501537,0.5848734917786174,0.9162733165216901,0.7098769682974088,0.5476025801946569,0.8721513564001606,0.8116685748283363,0.6492614115872439,0.9740757380694287,0.73110851119019,0.5696894186545178,0.8925276037258623
230.14141414141415,0.6588454226826005,0.47534483056197496,0.842346014803226,0.5047516355799689,0.2843557218882834,0.7251475492716545,0.7381024108453434,0.544570485898983,0.9316343357917038,0.7084173485494903,0.5188863207442331,0.8979483763547476,0.8082961000959757,0.6186099953945374,0.9979822047974141,0.7102366470165827,0.5217045756689721,0.8987687183641934
232.0,0.6655498749550001,0.44279003942716855,0.8883097104828316,0.4607169817773854,0.19316821303721265,0.7282657505175582,0.7208307348730073,0.48589340158039085,0.9557680681656238,0.7043827421992317,0.4743022825483638,0.9344632018500996,0.8062237404475251,0.5759550257971052,1.0364924550979449,0.687059500471664,0.4581917201567762,0.9159272807865517
