Tempo (BPM),boeck2015/tempodetector2016_default,boeck2015/tempodetector2016_default_lowerci,boeck2015/tempodetector2016_default_upperci,boeck2019/multi_task,boeck2019/multi_task_lowerci,boeck2019/multi_task_upperci,boeck2019/multi_task_hjdb,boeck2019/multi_task_hjdb_lowerci,boeck2019/multi_task_hjdb_upperci,boeck2020/dar,boeck2020/dar_lowerci,boeck2020/dar_upperci,davies2009/mirex_qm_tempotracker,davies2009/mirex_qm_tempotracker_lowerci,davies2009/mirex_qm_tempotracker_upperci,percival2014/stem,percival2014/stem_lowerci,percival2014/stem_upperci,schreiber2014/default,schreiber2014/default_lowerci,schreiber2014/default_upperci,schreiber2017/ismir2017,schreiber2017/ismir2017_lowerci,schreiber2017/ismir2017_upperci,schreiber2017/mirex2017,schreiber2017/mirex2017_lowerci,schreiber2017/mirex2017_upperci,schreiber2018/cnn,schreiber2018/cnn_lowerci,schreiber2018/cnn_upperci,schreiber2018/fcn,schreiber2018/fcn_lowerci,schreiber2018/fcn_upperci,schreiber2018/ismir2018,schreiber2018/ismir2018_lowerci,schreiber2018/ismir2018_upperci
64.0,0.0007835574512271397,-0.029323117662666376,0.030890232565120655,0.0013926685420132118,-0.0217079889405116,0.024493326024538024,0.001668433553575184,-0.020548295114382102,0.023885162221532467,-0.002261430947869341,-0.02217786944286358,0.017655007547124898,-0.040301300656372635,-0.24648503810703967,0.1658824367942944,0.04513913369513217,-0.0039115103628374545,0.0941897777531018,-0.06448450956894725,-0.10039262291207739,-0.028576396225817105,-0.027535371197100905,-0.05088520834944077,-0.004185534044761043,-0.02747393900794811,-0.04936571791894494,-0.005582160096951283,-0.007373941665311961,-0.02660897574176434,0.01186109241114042,-0.002464890595514355,-0.018194369957324437,0.013264588766295729,-0.018448759768036564,-0.036738760122428736,-0.00015875941364439095
65.34343434343434,0.001070781773974086,-0.028237743029513703,0.030379306577461875,0.0016357139365022117,-0.020852527964743583,0.02412395583774801,0.0020863128240752563,-0.019541433871762933,0.023714059519913445,-0.0021367565825044757,-0.02152519550574858,0.01725168234073963,-0.02590796593653258,-0.20664921657820967,0.1548332847051445,0.04208124965434087,-0.0035278352779733665,0.0876903345866551,-0.0617573450228425,-0.09634574439080526,-0.027168945654879734,-0.026732601660738438,-0.04946341729374544,-0.004001786027731439,-0.026697038452473613,-0.048008450050672016,-0.005385626854275214,-0.007142969052672987,-0.025868068094429344,0.01158212998908337,-0.0023254315751537443,-0.017637910760502775,0.012987047610195285,-0.017966801473887333,-0.03577192033920926,-0.00016168260856541314
66.68686868686869,0.0013582634137670052,-0.027158485845329143,0.029875012672863153,0.0018791127089295059,-0.020001604927852086,0.023759830345711094,0.002504556390696905,-0.01853891248737735,0.02354802526877116,-0.002011867385066866,-0.020876523829107888,0.01685278905897416,-0.011890748372468896,-0.16993953751025578,0.146158040765318,0.03901013153213052,-0.0032546443015247783,0.08127490736578581,-0.05903426366699492,-0.09232465504549703,-0.025743872288492814,-0.025929398043527355,-0.048046136235142686,-0.0038126598519120265,-0.025919703871420806,-0.046655383506545106,-0.0051840242362965056,-0.006911564639876009,-0.02513080145939559,0.011307672179643572,-0.002185756270843858,-0.017084565828524603,0.012713053286836888,-0.017484617473473477,-0.03480872756141502,-0.00016050738553193347
68.03030303030303,0.0016461243636833843,-0.02608587680865137,0.029378125536018138,0.0021230709659792275,-0.019155514529217058,0.023401656461175514,0.0029233730051466808,-0.01754100385262571,0.023387749862919072,-0.0018866677251524395,-0.02023219055696555,0.01645885510666067,0.001569413784489937,-0.13713562937964197,0.14027445694862184,0.0359254928031165,-0.0031158058777434883,0.07496679148397649,-0.056318272280093576,-0.0883354080707757,-0.02430113648941145,-0.025125637919026028,-0.04663374895529557,-0.003617526882756489,-0.025141812561825936,-0.04530687018202438,-0.004976754941627495,-0.0066794655005070905,-0.02439732991230701,0.01103839891129283,-0.002045725738146255,-0.016534537221040025,0.012443085744747513,-0.017002228508199876,-0.033849599044840015,-0.00015485797155973327
69.37373737373737,0.0019344866168006965,-0.02502046073576078,0.028889433969362173,0.002367794814335517,-0.01831456230067055,0.023050151929341588,0.0033429714191311475,-0.01654799127686501,0.023233934115127305,-0.001761061972357119,-0.01959254117264106,0.01607041722792682,0.01429158228301608,-0.10878793792604805,0.1373711024920802,0.03282704694191409,-0.0031356994950673123,0.06878979337889549,-0.053612377640827366,-0.08438411463583331,-0.022840640645821416,-0.024321198860792797,-0.045226650185165536,-0.003415747536420058,-0.024363241820725218,-0.043963272238149886,-0.004763211403300549,-0.006446408708152283,-0.02366781654857615,0.010774999132271583,-0.001905201032622488,-0.01598803437362908,0.012177632308384105,-0.016519655319471385,-0.03289496062189786,-0.00014435001704490857
70.71717171717172,0.002223472166196453,-0.023962797943578962,0.02840974227597187,0.002613490360682512,-0.017479065667586547,0.02270604638895157,0.0037635603843568658,-0.015560169507897022,0.02308729027661075,-0.001634954496276828,-0.018957931413577503,0.015688022421023844,0.026094818871781375,-0.08504313675621296,0.13723277449977572,0.02971450742313858,-0.0033392780127158572,0.06276829285899302,-0.050919586527885266,-0.08047694093763132,-0.02136223211813922,-0.02351595844238602,-0.043825246677547974,-0.003206670207224066,-0.0235838689451549,-0.04262496310710373,-0.004542774783206069,-0.006212131336397647,-0.022942434366913088,0.010518171694117793,-0.0017640432098341122,-0.015445274820308967,0.011917188400640743,-0.01603691864869289,-0.03194524754174222,-0.00012858975564356
72.06060606060606,0.002513202753513591,-0.022913466455223762,0.027939871962250944,0.0028603635504555144,-0.016649355609513868,0.0223700827104249,0.004185348490116986,-0.014577846336392933,0.022948543316626907,-0.001508249927503172,-0.018328728825044587,0.015312228970038245,0.03679858861378443,-0.06553511603117211,0.139132293258741,0.02658760733411491,-0.003752155834806644,0.056927370503036465,-0.048242907871783744,-0.07662010707872609,-0.019865708664841403,-0.022709794929110093,-0.04242995941437565,-0.002989630443844534,-0.02280357192059422,-0.041292329601572905,-0.004314814239615532,-0.005976370428745951,-0.022221367487721928,0.010268626630230027,-0.0016221134313205022,-0.014906485320458119,0.011662258457817116,-0.015554040153713342,-0.03100090657385176,-0.00010717373357492684
73.4040404040404,0.00280372662701759,-0.021873192395835368,0.027480645649870548,0.003108573196653024,-0.01582586748516976,0.022043013878475806,0.0046084968528696665,-0.013601432082088603,0.022818425787827938,-0.0013809291846978442,-0.0177054265961639,0.014943568226768213,0.0463402438559974,-0.04946981924714024,0.14215030695913505,0.023451812484528645,-0.004396814393599832,0.05130043936265712,-0.045585979574241355,-0.072820730139138,-0.0183512290093447,-0.021902788781074392,-0.041041469436620806,-0.0027641081255279816,-0.02202242996186403,-0.03996601401454374,-0.004078845909184316,-0.005738854235465544,-0.02150483890533657,0.010027130434405482,-0.0014793038355444424,-0.014371962590276873,0.011413354919187988,-0.015071309365593658,-0.030062697686152655,-7.992104503465845e-05
74.74747474747474,0.003094916822366435,-0.020843006096218007,0.027032839740950877,0.003358165745725326,-0.015009247995359354,0.021725579486810004,0.005033053410995173,-0.012631545431114872,0.022697652253105216,-0.0012531550618442291,-0.017088785124025604,0.014582475000337144,0.054938187280916914,-0.03592526119732001,0.14580163575915384,0.020326255837032625,-0.005285678547985034,0.045938190222050285,-0.042953939041939684,-0.06908782991537296,-0.016820048168506407,-0.021095502502896105,-0.039661039872921744,-0.00252996513287047,-0.021241002026570567,-0.038647232177846914,-0.0038347718752942198,-0.0054992900432280336,-0.020793133063641035,0.009794552977184966,-0.0013355804118067851,-0.013842144590284083,0.01117098376667051,-0.014589654441152851,-0.029132097836447483,-4.721104585822013e-05
76.0909090909091,0.0033866208220214924,-0.01982394881382196,0.026597190457864944,0.003609171256463484,-0.014200149005689146,0.021418491518616113,0.005459049596860185,-0.011668810782192294,0.022586909975912665,-0.0011251168778198231,-0.0164795816547267,0.014229347899087055,0.06285181025669886,-0.024033454886928776,0.1497370754003265,0.01723206358668689,-0.006425392383201632,0.04088951955657541,-0.04035214237098991,-0.06543033880747352,-0.015273945934506303,-0.020288568901086098,-0.03828999280989514,-0.002287144992277057,-0.020459917038528043,-0.037337259253965686,-0.0035825748230903995,-0.005257382081351342,-0.020086522004321143,0.009571757841618457,-0.0011909199198946768,-0.01331747240972358,0.010935632569934227,-0.01411009667508292,-0.028210668234687465,-9.525115478371468e-06
77.43434343434343,0.003678686108444112,-0.01881702189726217,0.026174394114150394,0.0038616197876585553,-0.01339919175997391,0.02112243133529102,0.005886516842831371,-0.010713823083968906,0.02248685676963165,-0.0009970039515021256,-0.015878567033512515,0.013884559130508263,0.070340504151499,-0.012955624694236001,0.153636632997234,0.014190361928551566,-0.007814180694547016,0.03619490455165015,-0.0377859456575033,-0.06185670061604498,-0.013715190698961627,-0.019482620782155242,-0.036929619382058076,-0.002035622182252405,-0.019679803921550693,-0.03603734138605801,-0.0033222664570433727,-0.005012834579153401,-0.01938525227146774,0.009359583113160937,-0.0010452991195952686,-0.012798366287140829,0.01070776804795029,-0.013633657362075877,-0.02729994584594761,3.26311217958581e-05
78.77777777777777,0.003970960164095663,-0.017823184090879938,0.025765104419071264,0.004115541398101603,-0.012606964812044225,0.020838047608247433,0.006315486581275413,-0.00976714584596557,0.022398119008516394,-0.0008690056017686323,-0.01528646392166608,0.013548452718128816,0.07766366033347324,-0.001882921745271049,0.15721024241221754,0.011222277057686698,-0.009437706747944474,0.03188226086331787,-0.03526070499759104,-0.05837478284400567,-0.012146627151176412,-0.01867829095261441,-0.035581177681326716,-0.0017754042239021064,-0.018901291599452728,-0.03474869373799447,-0.003053889460910987,-0.004765351765952135,-0.018689543189471983,0.009158839657567714,-0.0008986947706957065,-0.012285224202129057,0.010487834660737643,-0.013161357796823717,-0.0264014417529304,7.872615928296647e-05
80.12121212121212,0.004263285492968415,-0.016843356279182948,0.025369927265119777,0.004370962014978759,-0.011824027977782472,0.020565952007739988,0.006745984659889699,-0.00882931655054732,0.02232128587032672,-0.0007413147991893829,-0.014703970293383703,0.013221340695004937,0.0850759812733237,0.00988124971249578,0.16027071283415162,0.008348824129356445,-0.011266323962432602,0.027963972221145494,-0.03278176788701852,-0.05499179122114868,-0.01057174455288835,-0.017876214577307377,-0.03424589493384319,-0.0015065342207715646,-0.018125011181434093,-0.03347250250957206,-0.0027775198532961273,-0.004514639845356931,-0.017999588687796574,0.00897030899708271,-0.0007510851878691702,-0.011778423307944905,0.010276252932206565,-0.012694215842468982,-0.02551663758224218,0.00012820589730421807
81.46464646464646,0.004555244082220921,-0.015878739908662613,0.024989228073104455,0.0046276913639457275,-0.011051172655115658,0.020306555383007113,0.007177744687867083,-0.007901179710574479,0.022256669086308644,-0.0006143156026715895,-0.014131988471646772,0.012903357266303594,0.09258680551619249,0.022248407941194676,0.1629252030911903,0.005585207730247373,-0.01326482747255498,0.024435242933049724,-0.030354031776604826,-0.051713913663575056,-0.008994149889634592,-0.017077150229583237,-0.03292513732067408,-0.0012291631384923965,-0.017351708135097427,-0.03221008283462829,-0.002493333435566564,-0.0042605083330902425,-0.017315698814783273,0.00879468214860279,-0.0006025300509593316,-0.011278432595768549,0.010073372493849887,-0.012233069793619256,-0.02464684756951297,0.00018070798227446012
82.8080808080808,0.004846034669085973,-0.014930961935625164,0.02462303127379711,0.004885221113589505,-0.010289540724779597,0.020059982951958606,0.00761007035828495,-0.006984040940017006,0.022204181656586906,-0.0004886731838244362,-0.013571729848280537,0.012594383480631664,0.09984451333470966,0.03404275714895924,0.16564626952046008,0.00293808443905603,-0.015400445958410633,0.02127661483652269,-0.027981732049809093,-0.048546155313220235,-0.007417308786397948,-0.016282038030754002,-0.0316204853463554,-0.0009435907151526066,-0.016582296162276886,-0.030962948810103592,-0.0022016435144501818,-0.004002918728756303,-0.01663836260232941,0.008632525144816803,-0.00045320873724017676,-0.010785862833236152,0.009879445358755798,-0.011778493779120866,-0.023793147457768154,0.00023615989952642177
84.15151515151516,0.0051348253132854765,-0.01400162464572953,0.024271275272300483,0.005143017473394462,-0.009540257058328219,0.019826292005117145,0.008042230951281685,-0.0060791994225154675,0.022163661325078837,-0.00036507521612181193,-0.013024391702563552,0.012294241270319927,0.10646859184173167,0.04395585558999639,0.16898132809346694,0.0004134266031442183,-0.017631486432575498,0.018458339638863938,-0.025669051094441203,-0.045492695458978466,-0.005845406729903944,-0.015491832634266588,-0.030333491121181288,-0.0006501741473518875,-0.015817702431234502,-0.029732587753485987,-0.0019028171089830199,-0.003741844697616478,-0.01596804588627296,0.008484356491040006,-0.0003033102052510115,-0.010301305452149953,0.00969468504164793,-0.011331040782485277,-0.022956558220333247,0.00029447665536269305
85.4949494949495,0.005420784074541312,-0.013092262359181171,0.023933830508263795,0.005400546652844959,-0.008804394377861683,0.019605487683551602,0.008473495746995657,-0.0051879041877152254,0.02213489568170654,-0.00024420937303761036,-0.01249112635265631,0.01200270760658109,0.11207852815011483,0.050980218029418926,0.17317683827081073,-0.00198279343012619,-0.019908436064005684,0.0159428492037533,-0.023420171298311098,-0.04255686245900289,-0.0042834801376193075,-0.014707488693567914,-0.029065654043472028,-0.0003493233436638026,-0.015058854110232306,-0.028520437561838433,-0.001597270658626181,-0.0034772599049321326,-0.015305171079596051,0.008350651269731786,-0.00015302341353114765,-0.009825316375203539,0.009519269548141245,-0.010891263787223958,-0.022138059541080068,0.000355531966632152
86.83838383838383,0.0057030790125753884,-0.012204338174841914,0.02361049619999269,0.005657274861425365,-0.00808297075780293,0.01939752048065366,0.008903134025565255,-0.0043113517086355736,0.02211761975976608,-0.00012676332804571972,-0.011973039001735538,0.0117195123456441,0.11629380937271569,0.05469817516576029,0.1778894435796711,-0.004244603313393413,-0.02217813067191117,0.013688924045124342,-0.021239275049228647,-0.03974111101263898,-0.0027374390858183086,-0.013929960862104886,-0.027818418274403012,-4.1503449806759574e-05,-0.014306678367532313,-0.027327884344309668,-0.0012854723907549607,-0.003209138015964629,-0.014650115092249798,0.00823183906032054,-2.537320619891252e-06,-0.00935841431491534,0.009353339673675558,-0.010459715776848365,-0.021338587836452354,0.00041915628275562486
88.18181818181819,0.0059808544671145596,-0.01133927234363499,0.02330098127786411,0.0059126534403836,-0.0073769680636655306,0.019202274944432732,0.009330388548303975,-0.0034507158544024013,0.02211149295101035,-1.3432005050294238e-05,-0.011471198066790051,0.011444334056689463,0.11874857017193444,0.05522018456711446,0.1822769557767544,-0.006365521757073297,-0.024388708868335857,0.01165766535418926,-0.019130509557513276,-0.037047041619590326,-0.0012139774954362283,-0.013160226683174535,-0.026593199236900546,0.00027274587055147424,-0.01356212414135215,-0.026156287575772062,-0.0009679607069322388,-0.002937476423518426,-0.014003236031742375,0.008128283184705522,0.00014795660894002804,-0.008901085710844246,0.009196998928724302,-0.010036920178445345,-0.020559009526017892,0.00048516916912720413
89.52525252525253,0.00625277777496781,-0.010499010093264205,0.023004565643199824,0.006165834734607667,-0.006687703967358176,0.01901937343657351,0.009753968789868511,-0.0026077391823260514,0.022115676762063073,9.49438677816136e-05,-0.010986849505172694,0.011176737240735922,0.11937150361389151,0.052836587790552544,0.18590641943723046,-0.008328832776136426,-0.026492296250639646,0.009834630698366794,-0.017097314623319503,-0.03447536897782624,0.00028073973118723436,-0.012399724008994126,-0.025391909869904847,0.000592461851916597,-0.01282657815804277,-0.025007479402963655,-0.0006456769131218867,-0.002662749675105553,-0.013365399810598162,0.008039900460387054,0.00029821651553018583,-0.008453892461962927,0.0090503254930233,-0.00962280604710608,-0.01979962580178149,0.0005540137075693268
90.86868686868686,0.006517074508372762,-0.009685981267997832,0.022720130284743355,0.0064156941808287985,-0.006016805929004019,0.018848194290661615,0.0101720903345377,-0.0017846897620224025,0.0221288704310978,0.0001973885292353831,-0.010521402655119751,0.010916179713590516,0.11836410081704771,0.047872064191548866,0.18885613744254653,-0.010108341772998181,-0.028445194192562355,0.008228510646565995,-0.015142474896200917,-0.03202619337436231,0.0017412435819604815,-0.011650316995615126,-0.024216922650915094,0.000916288659684841,-0.012101832590714026,-0.023883728578795522,-0.0003199366026325305,-0.0023858742233856846,-0.01273794162445583,0.00796619317768446,0.00044795386736690276,-0.008017465527784587,0.008913373262518393,-0.009216751974853166,-0.019060213425543013,0.0006267094758366822
92.21212121212122,0.00677195358025641,-0.008902559585432904,0.022446466745945724,0.006661096773340555,-0.005365856002949835,0.018688049549630943,0.01058295014157209,-0.0009838005769003313,0.02214970086004451,0.0002929211258874847,-0.010076223797039083,0.010662066048814051,0.11593814034206743,0.040817380837081446,0.1910588998470534,-0.011677496703684618,-0.030206006307080396,0.0068510128997111615,-0.013268750319435188,-0.02969921375808332,0.0031617131192129434,-0.010913885875362342,-0.023070569683072265,0.0012427979323475814,-0.011389694902211398,-0.022787266220288534,7.87641586573809e-06,-0.002107783185630382,-0.012122166830893833,0.007906600459633071,0.0005968783726202037,-0.007592399600235476,0.008786156345475884,-0.008818115795287521,-0.018340484182724735,0.0007042525921496928
93.55555555555556,0.00701562390354574,-0.008151026256239056,0.022182274063330537,0.0069009075064364895,-0.00473636526357411,0.01853818027644709,0.010984745170232216,-0.00020723634639410217,0.022176726686858536,0.00038056080431438924,-0.009652618015323928,0.010413739623952707,0.11230540074961506,0.03237909342090155,0.19223170807832857,-0.01300974552422173,-0.031732938990790424,0.005713447942346963,-0.011478900836300054,-0.027493719880215022,0.004535918207614915,-0.0101923108805606,-0.021955111323910044,0.0015704895627888446,-0.010691972555380387,-0.021720256178942056,0.00033631106818128066,-0.0018294096791112145,-0.011519321685185427,0.007860502326962998,0.000744699739460107,-0.007179241040238848,0.008668640519159063,-0.008426255342010075,-0.01764009366019066,0.0007875829761705127
94.8989898989899,0.0072462943911677236,-0.007433555268075993,0.02192614405041144,0.007133991374410158,-0.004129762513731894,0.01839774526255221,0.011375672379778615,0.0005429173335291613,0.02220842742602807,0.00045932671109256496,-0.009251819463237646,0.010170472885422775,0.10767766060035505,0.02339668538011093,0.1919586358205992,-0.01407853619063554,-0.032982468006692245,0.004825395625421168,-0.009775686390073215,-0.025408607775814433,0.005857234995668002,-0.00948747224353471,-0.02087272477200111,0.001897780284931691,-0.010010473013066476,-0.020684784340076208,0.000663838313943255,-0.0015516868210997447,-0.010930583938252508,0.007827210296053017,0.0008911276760566341,-0.006778480189176914,0.008560735541290181,-0.008040528448621749,-0.016958632306130997,0.000877575408887497
96.24242424242425,0.007462165043880101,-0.006752217214432357,0.02167654730219256,0.007359212030150613,-0.0035473917257527587,0.018265815786053984,0.011753915581285836,0.0012646445933440012,0.02224318656922767,0.0005282572740324962,-0.008874968718909297,0.009931483266974288,0.10229507033437736,0.014691365082717914,0.1898987755860368,-0.014857037087253439,-0.03390991612887352,0.004195841954366642,-0.00816179565726205,-0.02344241205726727,0.007118820742743172,-0.008801233616529467,-0.019825483544398094,0.002223016311339159,-0.009346985768495568,-0.01968283695691759,0.000988865419926455,-0.0012755633840070553,-0.010357075244085757,0.007805948476071646,0.0010358706734807251,-0.006390549930162288,0.008462291277123737,-0.007660289231551137,-0.01629561862473363,0.0009750401616313575
97.58585858585859,0.007661345724719413,-0.0061091246577927895,0.021431816107231615,0.007575419559575459,-0.0029905734793857896,0.01814141259853671,0.0121175256050143,0.0019558321280340463,0.022279219081994553,0.000586585931434729,-0.00852297948496956,0.009696151347839016,0.09668473371163498,0.006842154655333013,0.18652731276793694,-0.015315589008948307,-0.03447579087684026,0.003844612858943648,-0.006639196521929309,-0.021593258394515882,0.008314865350657263,-0.008135290960783708,-0.018815256108924455,0.002544674187357038,-0.008703118570078012,-0.018716183512452546,0.0013099463722965228,-0.0010021464763978498,-0.00980004481802398,0.007795751865228279,0.001178624913057551,-0.006015870289907781,0.008373120116022884,-0.007284854211728755,-0.0156505042618755,0.0010807958384179903
98.92929292929293,0.007841893958357826,-0.005506357984635366,0.02119014590135102,0.007781456170955903,-0.0024605713846951784,0.018023483726606983,0.012464476066067293,0.0026143517834240557,0.02231460034871053,0.0006336593542171473,-0.008196596322725005,0.009463915031159299,0.09154037360805982,0.00032040912063846516,0.18276033809548117,-0.015422890914020175,-0.034643552304361905,0.0037977704763215558,-0.005209438340831568,-0.019859062085229813,0.009440185403566675,-0.007491242867945998,-0.01784374801699391,0.0028612622811019133,-0.008080373636305467,-0.017786426505937675,0.001625679233326743,-0.0007326351445427679,-0.00926077981721902,0.007795509528133485,0.00131907942847253,-0.005654824287539629,0.008292983144484688,-0.006913518080302269,-0.015022667690622302,0.0011956315300177649
100.27272727272728,0.008001866624779346,-0.004945854431618324,0.020949587681177016,0.007976163975528692,-0.0019585388161817378,0.017910866767239124,0.01279273962843511,0.003238180565031997,0.022347298691838224,0.0006688256080628293,-0.007896467274480816,0.009234118490606473,0.08755776526354687,-0.004309194732365518,0.17942472525945927,-0.015147621537121904,-0.034374938690262806,0.004079695616018996,-0.0038740653154324158,-0.018237647184001247,0.010489516553136414,-0.006870686730295689,-0.016912552097929412,0.003171178637338035,-0.007480251885783915,-0.01689506257795202,0.001934558806384188,-0.0004682295671733518,-0.008740476661548731,0.007804017527202027,0.001456923165368613,-0.005307719903606357,0.008221566234343582,-0.006545575259526672,-0.014411399759051044,0.0013202492399976996
101.61616161616162,0.008139320603967947,-0.0044293929142885154,0.02070803412222441,0.008158385084530562,-0.0014855076695794497,0.017802277838640572,0.01310028895610804,0.0038254123088515,0.02237516560336458,0.0006914327586548469,-0.00762313564853665,0.009006001165846343,0.08543268391799129,-0.006336205969369069,0.17720157380535165,-0.014458459612906328,-0.03362916109931905,0.004712241873506396,-0.0026346216471954884,-0.01672675801837079,0.011457514723979812,-0.006275219940112156,-0.0160231383919331,0.003472698511708787,-0.006904254237119362,-0.016043473247402955,0.0022349647731642304,-0.00021012992302115287,-0.008240230620167361,0.007819970774125056,0.0015918450693887475,-0.004974782402493223,0.00815847254127072,-0.006180320171656968,-0.013815895134136946,0.00145525479082301
102.95959595959596,0.008252312775907624,-0.0039585850053890734,0.02046321055720432,0.00832696160919825,-0.0010423814395691643,0.017696304657965664,0.013385096713076368,0.004374264338762203,0.022395929087390534,0.0007008288716762782,-0.007377034051075603,0.00877869179442816,0.08586090481128811,-0.004922140844664455,0.17664395046724068,-0.013324083876026302,-0.03236304055112693,0.005714872799074325,-0.0014926515375843948,-0.015324092443819189,0.0123387893686504,-0.005706439889674756,-0.015176847153131383,0.00376396737378187,-0.006353881608917795,-0.015232918351489474,0.0025251551336538842,4.046360918228331e-05,-0.0077610300475825095,0.007841957265947075,0.0017235340861758808,-0.004656149618965067,0.008103217791316827,-0.005817047238948153,-0.013235246821016858,0.0016011523431205517
104.30303030303031,0.008339016994914527,-0.0035347749683045885,0.02021280895813364,0.008480870708918621,-0.000629813221586251,0.017591554639423496,0.01364524706879884,0.004883176421387001,0.02240731771621068,0.0006965181831340788,-0.007158339466978166,0.008551375833246324,0.08936118041338564,0.0005645607294069155,0.17815780009736437,-0.01172212695617617,-0.030543268970888375,0.007099015058536032,-0.0004494308227592364,-0.014027226576468703,0.01312836493095023,-0.0051657700062120405,-0.014374728075247811,0.004043188062823731,-0.005830457937010846,-0.01446437142996937,0.0028034555559476766,0.0002823593207830978,-0.007303758779778204,0.007868477421344399,0.001851713236087264,-0.004351846769304771,0.0080552732414793,-0.005455202613359872,-0.012668608225028924,0.0017582029983091814
105.64646464646464,0.008398274926099444,-0.0031585895660448723,0.019955139418243763,0.008619860537969353,-0.0002476469896811554,0.01748736806561986,0.0138794607815834,0.005351261579811247,0.022407659983355553,0.0006788965111983311,-0.00696630442786373,0.008324097450260392,0.09544163364420724,0.009292285599087124,0.18159098168932736,-0.00968133960146811,-0.028200666591814923,0.0088379873888787,0.000495296768576868,-0.012833067875079242,0.013823661412232978,-0.0046536405440344005,-0.013616799141334936,0.0043095180532661355,-0.005334296756016473,-0.013737759490087011,0.0030691659780540644,0.0005144138591146176,-0.006869220550277664,0.0078980482685069,0.001976300073286099,-0.004061678575260551,0.00801427872183275,-0.00509509867735528,-0.012115968795272661,0.0019257714405621013
106.98989898989899,0.00842916485198518,-0.0028303089470912025,0.01968863865106156,0.00874395242802691,0.00010463085957196881,0.017383273996481853,0.014086684164651517,0.00577793956260755,0.022395428766695483,0.0006486755776838964,-0.00679979279542511,0.008097143950792904,0.1032523031420688,0.01999225675535088,0.18651234952878673,-0.00724858463155441,-0.02538802982085219,0.01089086055774337,0.0013423303610325468,-0.011738387255721305,0.014423047977786398,-0.004170129858370169,-0.012902641124888127,0.004562381408147788,-0.004865353597174672,-0.013052571552364696,0.0033218643580153525,0.0007355010049088077,-0.006458131682488549,0.007929133692306165,0.0020972810787724884,-0.003785323362847944,0.00797988552039292,-0.004737354734491926,-0.011577558077980424,0.002102848608996573
108.33333333333334,0.00843076533236705,-0.0025500672034493646,0.019411597868183465,0.008853168030881885,0.0004276461051545503,0.017278689956609222,0.014265863795533913,0.006162737958037175,0.02236898963303065,0.0006065674745871449,-0.006657571624004143,0.007870706573178432,0.11194280793575716,0.03160961101593339,0.19227600485558094,-0.004470746090134996,-0.022155973082544453,0.013214480902274462,0.002092469715341532,-0.010740071527308917,0.014925010957991982,-0.0037153158920861067,-0.012231721325049565,0.004801089540877351,-0.004423583572210737,-0.012408190215866293,0.0035610230714448188,0.0009444945589748388,-0.006071115341992745,0.007960104459942424,0.0022146428143162244,-0.00352238321377246,0.007951668842404908,-0.004382590447982977,-0.011053517417229097,0.002288336521263145
109.67676767676767,0.008402154927040377,-0.0023178620562156627,0.019122171910296415,0.008947528998324865,0.0007221291625666166,0.017172928834083112,0.0144159462517613,0.00650528498704441,0.022326607516478192,0.0005532842939044501,-0.006538317754632131,0.007644886342441032,0.1206627670540589,0.04337471590630024,0.19795081820181756,-0.0013947080209098673,-0.01855234247707281,0.01576292643525308,0.002746514592237549,-0.009835125531608258,0.015328154716083356,-0.003289276588048979,-0.011603401275760969,0.00502484809966301,-0.004008941792849976,-0.011803898918861976,0.0037860153331620242,0.0011402683221218807,-0.005708707567544588,0.00798924421178835,0.0023283718416870947,-0.0032723889616393816,0.00792913264501357,-0.004031425481041605,-0.010543905310883787,0.002481054348800576
111.02020202020202,0.008342412187056125,-0.0021335734203672286,0.018818397794479476,0.009027056976265505,0.0009889008400115803,0.017065213112519427,0.014535878104794541,0.006805295804056015,0.022266460405533067,0.0004895381473612437,-0.006440630070663192,0.007419706365385678,0.12856182003594413,0.0547634338481013,0.20236020622378698,0.0019326446919609346,-0.01462274274022242,0.018488032124144287,0.0033052649826446345,-0.009020708661257757,0.015631238626547028,-0.0028920898671974046,-0.01101695111534993,0.0052327713809551205,-0.0036213833470090558,-0.011238895407869699,0.003996128713851587,0.0013216961205571327,-0.005371369101056218,0.008014761342170483,0.0024384547211820317,-0.0030348098881850184,0.007911719330549082,-0.0036844795058928272,-0.010048708692527884,0.002679749680742229
112.36363636363636,0.008250564701487124,-0.001997103458695427,0.018498232861669676,0.009091739336476355,0.0012287697037483628,0.016954708969204348,0.014624570550907842,0.007062471377459872,0.02218666972435581,0.00041615612766277054,-0.006362973479219677,0.007195285734545217,0.13490913976568497,0.06528653912182225,0.2045317404095477,0.00545952896166314,-0.010422528864294414,0.021341586787620694,0.003770862426272569,-0.008293220461277805,0.015834945313822943,-0.0025237058534530003,-0.010471490915279975,0.005424079208373974,-0.0032607245660788648,-0.010712217793653854,0.0041907686614961245,0.0014877998001150798,-0.005059394319448254,0.008034993919678414,0.002544869429227201,-0.0028091088570659987,0.0078988477155204,-0.003342424715958665,-0.009567949572901031,0.002883100140983701
113.7070707070707,0.00812546908144492,-0.0019086699362654055,0.018159608099155247,0.009141448460647175,0.0014423183606516342,0.016840578560642715,0.014680816102260049,0.007276287268381651,0.022085344936138444,0.0003343510898852803,-0.00630352279822886,0.006972224977999422,0.1393749347316555,0.07420973679520568,0.2045401326681053,0.009117728181050964,-0.006042161175878993,0.02427761753798092,0.004149949372818963,-0.00764599761166799,0.015945896357305915,-0.002183645910429485,-0.009965824152999809,0.00559853233214084,-0.0029263162518776437,-0.010222543819582423,0.004369911315827137,0.001638097814003692,-0.004772673392161494,0.008048869020168879,0.002647565143274028,-0.0025948530910720248,0.00788998337762008,-0.003006109513817682,-0.009101914032107049,0.003089695004471686
115.05050505050505,0.007965946121249248,-0.00186852527119662,0.017800417513695117,0.009176032642124275,0.001630106222180898,0.01672195906206765,0.014703382408833525,0.007446195034531603,0.021960569783135448,0.0002454166993475248,-0.006260371265529413,0.006751204664224464,0.14171342313093926,0.0807765378646445,0.20265030839723402,0.012835583217571807,-0.0015779665115342664,0.02724913294667788,0.004450111131251617,-0.007071849423462086,0.01597207168596532,-0.001871341584207679,-0.009498663585865237,0.005755980417449879,-0.0026174116861945136,-0.00976845286279375,0.004533629490404724,0.0017722126456974825,-0.004510991714862963,0.008055417006257929,0.0027464850079093836,-0.002391615237853148,0.007884585253671915,-0.0026764192146810544,-0.008650924355904296,0.003298085926542187
116.39393939393939,0.007770816615219906,-0.001876893829824873,0.017418527060264685,0.009195340174253979,0.0017927142237481415,0.016597966124759816,0.01469103712061065,0.007571666933975058,0.021810407307246243,0.00015064662136825974,-0.006231593561891831,0.006532886804628351,0.14167882316061992,0.08450937840030903,0.1988482679209308,0.016541434938673008,0.00287793042737188,0.030204939449974134,0.004678933010538323,-0.006563708225921771,0.015921574246998416,-0.001586224420868398,-0.00906870021510733,0.005896251373370534,-0.0023332641508185996,-0.009348503902841854,0.004681975601204656,0.0018897667786709638,-0.00427411676104757,0.008053650318389498,0.0028415721677201382,-0.0021989532891749926,0.007882097624615269,-0.0023542391337599586,-0.00821528578841069,0.0035068075208907735
117.73737373737373,0.007538901357676611,-0.0019339966409887745,0.017011799356342,0.009199219350382601,0.00193072586160546,0.016467712839159744,0.014642547887573784,0.00765217768762887,0.021632918087518698,5.133452126623384e-05,-0.006215262160235406,0.0063179312027678725,0.13902535301778107,0.08538439145030492,0.19266631458525724,0.02016362421180199,0.007239330956649574,0.03308791746695441,0.004844000319646862,-0.006114650452244913,0.01580265109153864,-0.0013277259664924608,-0.008674622453494065,0.0060191705205091435,-0.0020731269275390263,-0.008961253492451755,0.004814999637373703,0.001990382696398648,-0.0040618138718965975,0.008042579264693893,0.0029327697672931617,-0.002016423493100362,0.007881963027686685,-0.002040454586265568,-0.007795301546192926,0.0037143923736617903
119.08080808080808,0.007269017860882139,-0.0020400901879288162,0.016578125909693094,0.009187517149871989,0.0020446986323878757,0.016330335667356102,0.014556685310730186,0.007687181226378851,0.02142618939508152,-5.1227246988839147e-05,-0.006209472127767438,0.0061070176337897596,0.1335107967653123,0.08378506207573658,0.18323653145488802,0.023630389049025723,0.011425572047909886,0.03583520605014156,0.004952898173512816,-0.005717996703670255,0.015623793050695887,-0.0010952781209871386,-0.008315144019528778,0.006124587777554502,-0.001836254125388903,-0.008605282405403286,0.00493277415462548,0.002073684400807931,-0.0038738674249206907,0.008021236226536553,0.0030200187677693643,-0.0018436010898435161,0.007883638625382244,-0.001735951030823905,-0.007391294534140707,0.003919392472492898
120.42424242424242,0.00695952184142179,-0.002196140278755908,0.016115183961599486,0.009159895670362267,0.002134815223456695,0.016184976117267838,0.014432635209510297,0.00767636403941307,0.021188906379607526,-0.00015593084033520927,-0.006212666790341137,0.005900805109670719,0.12539466692834453,0.08035032102081659,0.17043901283587248,0.026855495388953383,0.015336191819134707,0.03837479895877206,0.005013184386128959,-0.0053683226784625,0.015394691450720418,-0.0008883625687486317,-0.00798922039244568,0.006212495254948417,-0.0016220162492170016,-0.008279467799761128,0.005035435301327124,0.0021395095448914414,-0.0037100062919746477,0.00798902538175753,0.0031029529126191907,-0.0016804978609463862,0.007886403686184767,-0.0014416341049790895,-0.0070037582116516195,0.004120490001693441
121.76767676767676,0.00660783506553354,-0.002404473974292958,0.015620144105360037,0.009115643098786638,0.002200556545120038,0.016030729652453238,0.014270423154363238,0.007619937046144492,0.020920909262581985,-0.00026204157647245676,-0.006223945307474396,0.005699862154529482,0.11595118772044093,0.07571820470733467,0.15618417073354718,0.029723440385984387,0.01882677191182621,0.04062010886014256,0.005032361557188354,-0.0050623303730706806,0.015127053487447388,-0.0007065616799157032,-0.007696239140160987,0.00628311578032958,-0.0014300192064922116,-0.007983232945010039,0.005123194532025615,0.002188127876389197,-0.0035698002519342336,0.007946056004712628,0.0031805846184708507,-0.0015279701624184854,0.007889139399360187,-0.0011584502567645307,-0.006633486437569859,0.004316585924040797
123.11111111111111,0.006211266632592145,-0.0026676108558576894,0.01509014412104198,0.009054002515455024,0.002241297129886649,0.0158667079010234,0.014070176018889232,0.007518153542455316,0.02062219849532315,-0.00036886978925394407,-0.006242504680331456,0.005504765101823568,0.10657699284228794,0.07029230655260874,0.14286167913196715,0.03211519036215977,0.021755995596949074,0.042474385127370465,0.005017925625621009,-0.00479713062489001,0.014832981876132028,-0.0005494699708261507,-0.007435661908879335,0.006336721967227034,-0.0012598973024188099,-0.0077160875731694745,0.005196292968331855,0.0022198612686814487,-0.003452817976200195,0.007892540513563091,0.003251851348346556,-0.0013869910240601525,0.007890693720753265,-0.000887350857376666,-0.006281326505501651,0.004506624790748318
124.45454545454545,0.005767125641972383,-0.0029880923230820953,0.014522343607026861,0.008974217000677355,0.0022563947692135706,0.01569203923214114,0.013832020676688522,0.007371250723759457,0.020292790629617585,-0.0004757258125330291,-0.006267556343524052,0.005316104718457993,0.09866871599457214,0.06471206006227292,0.13262537192687135,0.03391171163952058,0.023998986393811886,0.04382443688522927,0.004977372530356922,-0.0045699123169410435,0.014524657377654888,-0.00041668195781776295,-0.00720696726643763,0.006373603350802104,-0.0011112848422010612,-0.007477557281236026,0.0052549875968339035,0.0022350315951484507,-0.0033586420758068367,0.007828705266103738,0.0033156905652685204,-0.0012585448748289835,0.007889926005366024,-0.0006292872780119373,-0.005948138963820629,0.004689564407796754
125.79797979797979,0.005272721193048991,-0.0033684787654689186,0.0139139211515669,0.008875529634763554,0.0022451926837526092,0.015505866585774498,0.013556084001361325,0.007179451772206195,0.019932716230516456,-0.0005819199801630755,-0.006298324294013984,0.005134484333687834,0.09362299087797987,0.06041752592449659,0.12682845583146315,0.03499397054010788,0.025450600307538304,0.04453734077267746,0.004918198210326099,-0.004377894279264237,0.014214290699916435,-0.00030779215722833743,-0.007009648508648785,0.00639406419419211,-0.000983816131043232,-0.0072671814745079106,0.0052995492124214465,0.0022339607291704524,-0.003286867294340758,0.007754788752681663,0.0033710397322589537,-0.0011436260650962986,0.007885705529614206,-0.0003852108898667805,-0.005634795897370017,0.0048643741176364556
127.14141414141415,0.004725359073762998,-0.0038113697553836083,0.013262087902909604,0.008757206547817923,0.0022070296200340303,0.015307383475601816,0.013242535728473889,0.0069429962611762845,0.019542075195771492,-0.0006867767197399474,-0.006334070352495885,0.00496051691301599,0.0928148937774274,0.05962498527328206,0.12600480228157274,0.03524556392121932,0.02602358859105175,0.044467539251386884,0.004847792133933618,-0.004218502409420684,0.01391408667728792,-0.0002223970720809671,-0.006843228738818937,0.006398434594657003,-0.0008771319693640835,-0.007084532137062032,0.005330268198333865,0.0022169808119527463,-0.0032371010256757467,0.007671062649581239,0.003416837073062232,-0.0010432469258335624,0.007876921071958027,-0.00015606645650380335,-0.005342184575484927,0.00503005166247732
128.4848484848485,0.004122224856391337,-0.004319782063889938,0.012564231776672612,0.008619350651401453,0.0021418532328795837,0.015096848069923324,0.012893101620417142,0.0066634606371006174,0.019122742603733665,-0.0007901321069109489,-0.0063747644506036445,0.004794500236781747,0.09683689765080539,0.06348823246241185,0.1301855628391989,0.03464558550608525,0.02571415183049141,0.04357701918167909,0.004769678548078964,-0.004094365387693113,0.01363372248385104,-0.00016016532844676662,-0.006707533514465022,0.0063872028575714885,-0.0007911089546987667,-0.006929632998445368,0.0053474150890478345,0.0021847967396784215,-0.0032087676499781945,0.007578361129335038,0.0034520484280768427,-0.0009585473325803514,0.007862644188734037,5.744113681298204e-05,-0.005071132808320924,0.005186015081946888
129.82828282828282,0.00346035270442048,-0.004897127240602423,0.011817832649443383,0.00846311876356288,0.0020504783475526036,0.014875759179573157,0.01251146721862891,0.006344201534721378,0.01867873290253644,-0.0008924666259638181,-0.0064211819247642216,0.004636248672836586,0.10529580504340005,0.07142382034275904,0.13916778974404106,0.03329340506583394,0.02461223639129155,0.04197457374037633,0.004682513544435881,-0.004013953246220477,0.013378980335092239,-0.00012085638967291625,-0.00660266798069035,0.006360955201344517,-0.0007259206654831631,-0.006802981733083403,0.0053511404021170765,0.0021385828846241265,-0.003200977559285459,0.007478143328533712,0.003475674420225099,-0.0008907595288799052,0.007842108369330103,0.000254909125872972,-0.0048223141336876255,0.0053321323854335695
131.17171717171718,0.002736767127011052,-0.005546629923584274,0.011020164177606378,0.008289734902917621,0.0019339378136118525,0.01464553199222339,0.01210144302654702,0.005988845603356026,0.01821404044973801,-0.0009943018508145908,-0.006474009167005945,0.004485405465376763,0.11773556889183902,0.08291406130542836,0.15255707647824968,0.03129606157059229,0.022813064923215606,0.03977905821796897,0.004584642804984385,-0.003984543941516041,0.01315382955148481,-0.00010423551119205683,-0.006528590624065889,0.0063201196016817755,-0.0006817596166385723,-0.006704952020902194,0.0053414327876250495,0.0020795435544164647,-0.0032126856251337727,0.007371772733966702,0.003486717890278173,-0.0008410108429717602,0.007814446623528107,0.00043595401070413604,-0.004596263410111102,0.005468171431519374
132.5151515151515,0.0019484926333237645,-0.006271241774427878,0.010168227041075407,0.00810042308808112,0.0017934739337001062,0.014407372242462132,0.011666839547609342,0.005601220930845579,0.017732458164373105,-0.001096159355379293,-0.006533751987507116,0.00434143327674853,0.13370014213274894,0.09791075512159003,0.16948952914390786,0.028760593990487367,0.020418917550211847,0.03710227043076289,0.004474412011704509,-0.004011077942992313,0.012959901966401332,-0.00011006794843683096,-0.006485048218772784,0.006264912321899122,-0.0006588183230863062,-0.006635719049615627,0.005318082403443014,0.00200888305668205,-0.0032426723154861774,0.0072604384288502775,0.0034841816790072417,-0.0008102859842992389,0.007778649342313723,0.0006001922913344273,-0.004393349661141395,0.005593734243810249
133.85858585858585,0.0010925537325192775,-0.00707361850788937,0.009258725972927925,0.007896407337668804,0.0016305560885573498,0.014162258586780257,0.01121146728525372,0.005185373994160273,0.017237560576347163,-0.0011985607135739584,-0.006600720419033201,0.004203598991885285,0.15273347770275775,0.11673725437974217,0.18872970102577333,0.02579404129564604,0.017541854193925885,0.03404622839736619,0.004350166846576312,-0.004095703087001114,0.012796036780153737,-0.0001381189568398708,-0.006471558011473524,0.0061953200977937824,-0.0006572892997476557,-0.006595242812045221,0.00528066421254991,0.0019278056990474903,-0.00328952901905802,0.007145140417153001,0.0034670686271834846,-0.0007994150424535441,0.007733552296820514,0.0007472404677918197,-0.004213762120706433,0.005708243056290072
135.2020202020202,0.00016608260666993793,-0.007956037366554349,0.008288202579894224,0.007678922023976175,0.0014468717951270013,0.013910972252825348,0.010739140165850238,0.0047455545250881855,0.016732725806612288,-0.0013020008192111154,-0.006675018672684932,0.004071017034262702,0.17434875587497684,0.13967488402643882,0.20902262772351485,0.022504043477078763,0.014298918015702978,0.03070916893845455,0.004210112332749108,-0.00423789439272162,0.012658119058219836,-0.0001881230683931142,-0.006487396501580528,0.0061111503647943,-0.0006773271289210771,-0.006583248459316127,0.0052285942014739725,0.0018375127530428862,-0.0033516771480999186,0.007026702654185691,0.0034344168601180432,-0.0008090513411919101,0.007677885061427997,0.0008767587537692407,-0.004057481796763488,0.005810999304301969
136.54545454545456,-0.0008320999278780723,-0.008919103240864914,0.00725490338510877,0.007449363896063222,0.0012442584539434556,0.01365446933818299,0.010253725797615115,0.004286053922131652,0.016221397673098575,-0.0014065561420400939,-0.00675634330660114,0.003943231022520952,0.1975765492406047,0.1654521085210237,0.22970098996018568,0.01900766633631104,0.010795248900943182,0.0272200837716789,0.004050247540930606,-0.004437725454525993,0.012538220536387205,-0.0002593329793678569,-0.006531370980719093,0.006012705021983379,-0.0007184914955807378,-0.0065988780846234964,0.005161895093462021,0.0017391578750968243,-0.0034275961325518248,0.006905911882745473,0.00338581787056247,-0.0008393033435637105,0.007610939084688651,0.0009890929243674676,-0.003923814027361733,0.005901999876096668
137.88888888888889,-0.0019018323116823908,-0.009962157474632567,0.006158492851267785,0.007209258627014135,0.0010246231572155562,0.013393894096812714,0.009759134411116682,0.0038111492402754755,0.015707119581957887,-0.0015119709311614334,-0.006844109725972071,0.0038201678636492044,0.2210642491847447,0.19141660637453972,0.2507118919949497,0.015429459586909052,0.007126939314877789,0.023731979858940315,0.0038648200580687943,-0.004695885079483373,0.012425525195620962,-0.0003506188177516828,-0.006601966043501653,0.005900728407998287,-0.0007798697476809856,-0.006640857576809283,0.0050811180814473115,0.0016338569161641844,-0.0035158525283398895,0.006783566360668259,0.003321302514360053,-0.0008898804814532284,0.007532485510173334,0.0010851330772435617,-0.0038115667253474754,0.005981832879834599
139.23232323232324,-0.0030429160534919814,-0.011084439669051808,0.004998607562067846,0.006960135441225352,0.0007899262773792869,0.013130344605071419,0.009259277410989001,0.003325166534646572,0.015193388287331432,-0.0016179802844001768,-0.006937681310483644,0.0037017207416832907,0.24344869206891528,0.21487670166234243,0.2720206824754881,0.011894179092601887,0.0033985948521481936,0.02038976333305558,0.0036480292251327186,-0.005011650493301151,0.012307708943566588,-0.0004608401733920287,-0.006697605481075127,0.00577592513429107,-0.0008605362222865332,-0.0067078526872705975,0.004986780242697531,0.0015227246858187412,-0.0036149725254056597,0.006660421897043143,0.0032409137499512923,-0.0009604462232091116,0.0074422737231116965,0.0011657843038416797,-0.003719493436793603,0.006051062044476962
140.57575757575756,-0.004255152662055745,-0.012285151278755757,0.003774845954644267,0.00670352356309333,0.0005421574564809153,0.012864889669705745,0.008758066201866171,0.002832460010003128,0.014683672393729214,-0.0017243192995813608,-0.007036396204765458,0.003587757605602737,0.26336671425463376,0.23386775571151316,0.29286567279775433,0.008526580717118827,-0.0002696478181816696,0.017322809252419323,0.0033940743830914444,-0.005383187649285482,0.012171336415468371,-0.0005888566361363194,-0.0068166834992539,0.005638970226981261,-0.0009595652564620936,-0.0067985014294998005,0.004879370916575613,0.0014068759936342761,-0.0037234579420055247,0.0065372099292740765,0.0031446945357766925,-0.0010506441071961516,0.007340033178749537,0.0012319516956059672,-0.003646324533489666,0.0061102279247016
141.91919191919192,-0.005538343646122676,-0.013563507099362257,0.002486819807116906,0.006440952217014504,0.0002832961001152951,0.012598608333913713,0.008259412188382245,0.0023373740263417965,0.014181450350422693,-0.00183072307453003,-0.007139601378895253,0.0034781552298351927,0.27945515210341887,0.24748678273598088,0.31142352147085683,0.005451420324188886,-0.0037428057584270435,0.014645646406804816,0.0030971548729140236,-0.005808032330147319,0.012002342075975366,-0.0007335277958319848,-0.006957604650721195,0.005490549059057225,-0.0010760311872723746,-0.006911451517757764,0.0047593891432130145,0.001287425649184563,-0.0038398191198974977,0.0064146704182666235,0.0030326878302767498,-0.0011601246418859973,0.007225500302439496,0.0012845403439805817,-0.0035907984919598722,0.006159879179921036
143.26262626262627,-0.006892127701289474,-0.014918715881148273,0.0011344604785693251,0.006173920486190863,1.5171185753045345e-05,0.01233266978662868,0.007767004019569882,0.0018439145038145035,0.01369009353532526,-0.0019369280744818175,-0.007246748876813903,0.0033728927278502676,0.2904969729302892,0.25526350100765405,0.32573044485292435,0.0027821023972900653,-0.006891218430590412,0.012455423225170542,0.002751981220178664,-0.006283408835684838,0.011787371276042166,-0.0008937093201854783,-0.007118891150447077,0.0053314725100761205,-0.0012089880999536645,-0.007045444406681482,0.004627468206774153,0.0011654652449660124,-0.0039626897762434134,0.006293620266175437,0.0029049461617704155,-0.0012886106705007933,0.007098502994041625,0.0013244603868260568,-0.00355174397977402,0.006200664753426134
144.60606060606062,-0.008314793885861926,-0.016349433800544155,-0.0002801539711796974,0.005903677598825052,-0.0002612497457704999,0.012068604943420602,0.007282683815097541,0.0013536526532719239,0.01321171497692316,-0.0020426820998028766,-0.007357829358171113,0.00327246515856536,0.29648649449412645,0.25716496862877947,0.33580802035947344,0.000537934316060645,-0.00969057515901209,0.01076644379113338,0.0023575014079520763,-0.006805222846388169,0.011520225662292322,-0.0010682243643718413,-0.007299650879448673,0.005163202150704991,-0.00135732220250084,-0.00719963325067512,0.00448498884567344,0.0010418939158450828,-0.004091405326475353,0.006175193158165518,0.002761601387946846,-0.0014361621392268323,0.006959364915120524,0.0013526637941992112,-0.003528432053516494,0.006233759641914916
145.94949494949495,-0.009803963924310691,-0.017854243610928182,-0.0017536842376932003,0.005631349241264399,-0.0005455783993855851,0.011808276881914383,0.006807380670423026,0.0008668083946019242,0.012747952946244128,-0.00214773855556232,-0.007473231976522276,0.003177754865397636,0.2980169918757417,0.2536489950958859,0.3423849886555975,-0.0013083032486286873,-0.012159338718714066,0.009542732221456691,0.0019147586479789265,-0.007369330603115802,0.011198847899073655,-0.00125588000760821,-0.007499436262233053,0.004987676247016633,-0.00151983669530068,-0.007373520053041856,0.004333846662440496,0.0009175156352036226,-0.0042257757947291846,0.006060807065136429,0.0026028245912359566,-0.0016031100630697777,0.0068087592455416904,0.0013701232202622607,-0.0035204738903181236,0.006260720330842645
147.29292929292927,-0.011357254798256356,-0.019431995143187324,-0.003282514453325386,0.005358060221824164,-0.0008376359240612578,0.011553756367709585,0.0063420171919925114,0.00038339457329115544,0.012300639810693868,-0.0022518508866627993,-0.007593525742304748,0.0030898239689791497,0.29568599704307585,0.24564191424324436,0.3457300798429073,-0.0027841602987958413,-0.014301294385838305,0.008732973788246622,0.0014248110431349693,-0.00797225003969907,0.01082187212596901,-0.0014554832148572835,-0.007718010424796791,0.004807043995082224,-0.0016953341887913937,-0.00756680387869281,0.0041761355011100225,0.0007931337000953225,-0.00436578554640681,0.005952052946597455,0.002428787132844269,-0.0017899271930347164,0.006647501458723254,0.0013778114661827197,-0.003527645652934966,0.006283268585300405
148.63636363636363,-0.012972283489319517,-0.021081758201915234,-0.0048628087767238,0.005084935348819599,-0.0011374122531718168,0.011307282950811015,0.005887515986252178,-9.673829117407603e-05,0.011871770263678433,-0.0023547725380069677,-0.007719425184940727,0.0030098801089267916,0.2900910419640696,0.23440828983554834,0.34577379409259085,-0.003917186836458709,-0.01610753129345159,0.008273157620534172,0.0008887166962959457,-0.008610987115381689,0.01038842050797358,-0.0016658409510817603,-0.007955307098167037,0.0046236251960035165,-0.001882617293411196,-0.0077793437443017715,0.0040141091574793794,0.0006695514075738727,-0.0045115594872297705,0.005850662302377517,0.0022396603739783063,-0.0019972012071941075,0.00647652195515072,0.001376701333128106,-0.0035498571395762664,0.006303259805832478
149.97979797979798,-0.014646666979120695,-0.02280277876074182,-0.0064905551974995725,0.004813099430565971,-0.0014450324934559972,0.01107123135458794,0.005444799659648225,-0.0005738696803675248,0.011463468999663974,-0.0024562569544974732,-0.00785176137477776,0.002939247465782813,0.28182965860666376,0.22127031737010786,0.3423889998432197,-0.004734932863635121,-0.017561874982506644,0.0080920092552364,0.0003075337103376208,-0.009282973182592042,0.009898040603267284,-0.0018857601812443305,-0.0082113966448088,0.0044398762823201375,-0.0020804886195982825,-0.008011126766160958,0.003850149526964393,0.0005475720546929685,-0.004663335076610919,0.005758479185996856,0.002035615675844598,-0.0022256118245784586,0.006296843176267655,0.0013677656222659375,-0.0035871251722831964,0.0063226564168150715
151.32323232323233,-0.016377854486967477,-0.02459433675685034,-0.008161372217084613,0.004543571392831951,-0.001760882417154228,0.01084802520281813,0.00501458061753914,-0.0010486381372555387,0.01107779937233382,-0.002556104577025932,-0.007991545825661698,0.0028793366716098347,0.2715677553068989,0.20728238200478066,0.33585312860901717,-0.005265729559827471,-0.01865316339931185,0.00812170427965691,-0.00031811244986765935,-0.009986892845391896,0.009350667945656577,-0.002114228485200204,-0.008486686494630706,0.004258229524230299,-0.0022879251338874607,-0.008262461099680433,0.0036866108319055122,0.00042796775809052635,-0.004821509836226424,0.005677445352407477,0.0018167789258802976,-0.0024759896313211365,0.006109547483081732,0.0013519261670068856,-0.003639640090625601,0.006343492424639372
152.66666666666669,-0.018162494388293853,-0.02645530956602021,-0.009869679210567497,0.004276864711817503,-0.0020861588456438417,0.01063988826927885,0.004596567832210256,-0.0015229795439143943,0.010716115208334907,-0.0026543401903736615,-0.008140277870729561,0.0028315974899822374,0.26029764741386713,0.19300655580440318,0.3275887390233311,-0.005541637197154137,-0.01940156267822519,0.008318288283916916,-0.0009896615955414627,-0.010725765961517976,0.008746442770435051,-0.0023510956408010113,-0.00878275517151433,0.0040805638899123085,-0.0025047361233107726,-0.008534776828030298,0.003525304581408752,0.0003113617890261285,-0.004986884594204567,0.0056096081722568246,0.0015830589342246027,-0.002749590376796673,0.005915708245245878,0.0013298614969165234,-0.0037080774972013987,0.006367800491034446
154.010101010101,-0.019996996357664654,-0.028384439043406047,-0.011609553671923263,0.00401334220857574,-0.0024222884249845344,0.010448972842136015,0.004190171191000831,-0.001999205007540839,0.010379547389542502,-0.0027510554476383115,-0.008299591968157941,0.0027974810728813183,0.2491089396988495,0.17908505756343876,0.3191328218342603,-0.005595827547337992,-0.019836341384272597,0.008644686289596613,-0.001709169117564465,-0.011504351871895491,0.008086013636766561,-0.0025964684140803935,-0.009101518211036138,0.003908581382875351,-0.002730978957744724,-0.008829827143746291,0.003367869228256842,0.00019833305365605093,-0.005160370465221584,0.005557036572533687,0.0013342998085929133,-0.0030477884201684066,0.005716388037354234,0.0013021776220079736,-0.003793248196828484,0.006397603440844431
155.35353535353534,-0.021877770028687193,-0.030380382284318604,-0.013375157773055781,0.00375336667830953,-0.002770632822831585,0.010277366179450645,0.003794800529931486,-0.002479563169733188,0.01006916422959616,-0.0028463420133911644,-0.008471066543597425,0.0027783825168150957,0.23909125362657577,0.16653840085111654,0.311644106402035,-0.005461472572819039,-0.01998398729907,0.009061042153431923,-0.0024786905124419105,-0.012327918384411251,0.00737053735952743,-0.002850453615167452,-0.009444825487432536,0.003743918257097631,-0.0029667110496332484,-0.009149303679409127,0.0032158815801426295,8.946045052415767e-05,-0.005342824445009135,0.00552174534605745,0.0010703456455986222,-0.0033719138696246035,0.0055126051608218474,0.0012694805398510483,-0.0038959115394952447,0.006434872619197341
156.6969696969697,-0.023801225034968763,-0.03244162428136474,-0.01516082578857279,0.0034973009162217418,-0.003132421653546472,0.010127023485989955,0.0034098656850228438,-0.0029661756717132334,0.009785907041758921,-0.002940291552203503,-0.008656166171770056,0.0027755830673630516,0.23133421066177576,0.15677873081927868,0.30588969050427284,-0.005171744236037281,-0.019866992618613546,0.009523504146538984,-0.003300281276679043,-0.013202170214755294,0.0066016076613972085,-0.003113158054191276,-0.009814393397227955,0.0035880772888454027,-0.0032119898114202705,-0.009494772924775564,0.0030707933019350226,-1.4677121825685657e-05,-0.00553499357357108,0.005505639329919709,0.0007910405418551235,-0.0037232069168842215,0.005305288000594469,0.001232376248015558,-0.004016722321681491,0.006481474817712607
158.04040404040404,-0.025763770785729393,-0.03456640580822415,-0.016961135763234637,0.0032455074700285377,-0.003508697563541866,0.009999712503598941,0.003034776385764459,-0.003460984209452349,0.009530536980981268,-0.003032995828146573,-0.008856194117435393,0.0027902024611422454,0.22692682316945822,0.15147455838067458,0.30237908795824187,-0.004759813012478287,-0.019504525695218124,0.00998489967026155,-0.004175996799065024,-0.01413324211590061,0.005781248517770562,-0.0033846885962683726,-0.010211749157063549,0.0034423719645268035,-0.003466872709029167,-0.00986762400480157,0.0029338785867432373,-0.0001135010858153763,-0.00573746932474333,0.005510467153112576,0.0004962285809362072,-0.004102780289757104,0.005095237451629519,0.0011914703929365358,-0.004156187462736681,0.0065391282486097525
159.3838383838384,-0.027761625203761946,-0.03675252059007792,-0.018770729817445972,0.0029981376884661358,-0.0039005183070825486,0.00989679368401482,0.002668851450681839,-0.003965832802033662,0.009303535703397339,-0.0031246315160774287,-0.009072369494418801,0.0028231064622639434,0.22643831303960626,0.1515863199543781,0.30129030612483443,-0.004257580447880984,-0.018919876188836553,0.010404715293074586,-0.005107800546215482,-0.015127977960047024,0.00491237686761606,-0.0036651990314092,-0.010638268702172058,0.0033078706393536578,-0.0037314628464145657,-0.010269105852974922,0.002806180160145791,-0.00020670676802846556,-0.005950953798940173,0.005537540262883242,0.00018574271873436675,-0.004511624323233933,0.004883109760702666,0.0011470689713987793,-0.0043149582760449385,0.006609096218842497
160.72727272727272,-0.02979046577528694,-0.03899699107899942,-0.020583940471574462,0.0027547468485049193,-0.004309360590815549,0.009818854287825389,0.002311153118184038,-0.004482651706609561,0.009104957942977637,-0.003215614936527774,-0.00930599835715933,0.0028747684841037803,0.2289708854824339,0.15588080025185574,0.3020609707130121,-0.0036933667582116237,-0.018151823582412987,0.01076509006598974,-0.006097396550669548,-0.016194342901478094,0.0039995498001389965,-0.003954975586837699,-0.011095281375083931,0.0031853302014085323,-0.00400599213280224,-0.01070042835749057,0.0026884440918860915,-0.00029476254109899337,-0.0061767746620890246,0.005587249579891038,-0.00014061549477017402,-0.004950640155776316,0.004669409166235969,0.0010986322720487511,-0.0044943915484366576,0.00669165609253416
162.07070707070707,-0.03184587532317483,-0.0412963682681774,-0.02239538237817226,0.002514785818655128,-0.004736516417066527,0.009766088054376783,0.001960698683878909,-0.00501313807302938,0.008934535440787199,-0.0033064043865786226,-0.009558179475474491,0.0029453707023172457,0.2333697817630536,0.16280220539937823,0.30393735812672895,-0.003094864850531346,-0.0172414699194703,0.011051740218407607,-0.00714644340226306,-0.017340715383415032,0.0030478285788889115,-0.004254327687597816,-0.011583847484797674,0.003075192109602042,-0.004290715039063716,-0.01116254998494446,0.0025811199068170275,-0.00037827218509407616,-0.006416154254393381,0.0056596098842052285,-0.0004830500106847134,-0.005420537567015724,0.004454437545646298,0.001045472448543961,-0.004695763296000669,0.006786708193088591
163.4141414141414,-0.03392343667029592,-0.04364679166699273,-0.024200081673599105,0.00227770546742702,-0.0051829620592914755,0.009738372994145515,0.001616505443374335,-0.005558685403394098,0.008791696290142769,-0.00339745816331098,-0.009829739410712489,0.0030348230840905295,0.2384802431465775,0.1710179608062704,0.3059425254868846,-0.0024897676319013337,-0.01622889367276875,0.011249358408966082,-0.00825659969083179,-0.01857560913397937,0.002062409752315789,-0.004563564758733479,-0.012104708205772162,0.0029775786883052043,-0.004585886036070506,-0.011656129995443899,0.0024843579233028877,-0.00045783948008082343,-0.006670052020701001,0.005754373060539355,-0.000841764780116524,-0.005921811353493062,0.004238281793260015,0.000986901654541926,-0.004920099555744379,0.006893902864828231
164.75757575757575,-0.036018732639520615,-0.0460440019709743,-0.025993463308066928,0.0020429566633308415,-0.005649367783651972,0.009735281110313654,0.0012775906922781778,-0.006120392901643028,0.008675574286199384,-0.003489234563805858,-0.010121240897295254,0.003142771769683538,0.24314751089811798,0.1795017442013021,0.30679327759493386,-0.0019057680093827415,-0.015154204316085272,0.011342668297319789,-0.009429524006211564,-0.019907532837119404,0.0010484848246962754,-0.00488299622528863,-0.012658295404365517,0.002892302953788256,-0.004891759594694133,-0.012181537655443872,0.0023980184660556065,-0.00053406820612635,-0.0069391726052878255,0.005871036193035126,-0.0012169637541728975,-0.006454747948180994,0.004020820439835199,0.0009222320437001575,-0.005168184082674011,0.007012648170074326
166.1010101010101,-0.038127358286250926,-0.048483387901583914,-0.027771328670917937,0.001809991224417444,-0.006136123453396681,0.009756105902231568,0.0009429740924245303,-0.006699088645184375,0.008585036830033435,-0.003582190168280492,-0.010433004019556163,0.0032686236829951795,0.24622005661366017,0.18748925330383498,0.30495085992348536,-0.001370450867754511,-0.01406094439456081,0.011320042659051788,-0.010666867770035459,-0.021344871458430115,1.113591835919664e-05,-0.005212929066892786,-0.013244756033771761,0.0028188978999861888,-0.005208587773819239,-0.01273887499009119,0.0023216994424527125,-0.0006075612918241233,-0.007223987110819813,0.006008864527171566,-0.0016088461267511791,-0.007019438744117356,0.003801746490614997,0.0008507778798772011,-0.005440577263724395,0.007142133023478797
167.44444444444446,-0.04024590175174016,-0.050961075243074944,-0.02953072826040537,0.0015783380562416247,-0.006643345399429186,0.009800021511912435,0.0006118674053568899,-0.007295219683685908,0.008518954494399687,-0.003676642175083574,-0.010765040113282973,0.003411755763115825,0.24680860307076752,0.19420778308997041,0.2994094230515646,-0.0009026314108344022,-0.013002283290779204,0.0111970204691104,-0.011969700460568175,-0.022895636444027142,-0.0010437644771092089,-0.0055534717346517135,-0.013863839954830103,0.002756896485526676,-0.005536426817588042,-0.013327862045087631,0.0022550084099115467,-0.0006788525397313297,-0.007524733941819815,0.006167028862357156,-0.0020172248824174193,-0.007615455163661127,0.003581005398826289,0.0007720247414918068,-0.0057375126356012385,0.007281562118584852
168.78787878787878,-0.042372661480889806,-0.053474722316574214,-0.0312706006452054,0.0013476588253265066,-0.00717088079238592,0.009866198443038933,0.00028381322890387757,-0.007908771050445247,0.008476397508253002,-0.0037726677375385168,-0.011117002871362518,0.0035716673962854833,0.24447552498831676,0.19851853995511975,0.29043251002151377,-0.0005060215990268877,-0.012044853454787657,0.011032810256733881,-0.013338089326644953,-0.02456693850773426,-0.002109240145555644,-0.005904390771609513,-0.01451481724972207,0.0027060357065030443,-0.005874995735785895,-0.013947752370379556,0.002197760898807766,-0.0007483567027661967,-0.007841418878691742,0.006344705473159348,-0.0024412478716734983,-0.008241610619397524,0.0033591148760505275,0.0006857532468295836,-0.006058820700675017,0.007430327194334184
170.13131313131314,-0.04450610502111933,-0.056021910226109854,-0.03299029981612881,0.0011176283246444297,-0.00771837467700218,0.00995363132629104,-4.1613128394654524e-05,-0.008539513300514917,0.008456287043725606,-0.0038703202750439425,-0.011488359305188683,0.0037477187551007984,0.23882785317917038,0.1989617086784977,0.27869399767984304,-0.00018284009270677117,-0.01126702684178292,0.010901346656369378,-0.014772002523866939,-0.026364682354160743,-0.0031793226935731365,-0.006265418915401453,-0.015196733157089637,0.0026658953262867317,-0.006223980194891619,-0.01459758706366937,0.0021496266738861326,-0.0008164767630753081,-0.008173878558451914,0.0065409250323012974,-0.0028799971813511923,-0.008896524068537508,0.0031365297058351246,0.0005917731855951359,-0.006404153149132866,0.007587699520323138
171.47474747474746,-0.046644699919848015,-0.05860000277169258,-0.03468939706800345,0.0008879213471677558,-0.008285305362043487,0.010061148056379,-0.00036483635799881755,-0.009187056633000724,0.008457383917003087,-0.003969653206998462,-0.011878432673247485,0.003939126259250561,0.22947261845619094,0.1939091817504348,0.26503605516194706,6.469444775113187e-05,-0.01075470019688198,0.010884089092384244,-0.016271408207835156,-0.028293346555851556,-0.004249469859818758,-0.006636288903662772,-0.015908464381075484,0.0026358865737499404,-0.006583065861384008,-0.015276249212135757,0.0021101174893677407,-0.0008836157028052413,-0.0085218107834509,0.006754579377840419,-0.0033325548982822417,-0.009578700936025794,0.0029135911394613107,0.0004898943474930736,-0.00677302965756238,0.0077528183525485276
172.8181818181818,-0.048786913724495326,-0.061206189733048345,-0.03636763771594231,0.000658212685868824,-0.008871017631633976,0.010187443003371623,-0.0006862811513687565,-0.009850882831584364,0.008478320528846851,-0.004070719952800698,-0.01228643111456092,0.004144991208959524,0.2160168516322406,0.1819262373556273,0.2501074659088539,0.0002343633619720075,-0.010592794666756448,0.011061521390700463,-0.01783627453415075,-0.03035591386591936,-0.005316635202382142,-0.007016733474028739,-0.01664875266089178,0.002615285712834302,-0.006951938401741885,-0.015982495365782844,0.0020786185622990753,-0.0009501765041025797,-0.008884802175176598,0.006984449166971439,-0.0037980031092984244,-0.010286555728481835,0.0026905495098849866,0.0003799265222280022,-0.007164864184099619,0.007924717228555624
174.16161616161617,-0.05093126700124616,-0.06383758886977468,-0.03802494513271764,0.0004281831771607422,-0.00947475428492089,0.010331120639242377,-0.0010063660281666711,-0.010530375237742244,0.0085176431814089,-0.0041735633845179435,-0.012711469503966044,0.004364342734930157,0.19810317836420205,0.16227986745321993,0.23392648927518417,0.0003241462279310603,-0.010853191196078204,0.011501483651940324,-0.019466451304400268,-0.032553850968540125,-0.0063790516402604126,-0.007406467944359752,-0.017416225339547932,0.00260328945082843,-0.00733026658575612,-0.016714974257099183,0.0020544410855869435,-0.0010165547663843414,-0.009262352085539171,0.0072292425527704885,-0.004275411158974703,-0.011018424882672587,0.00246760256472318,0.00026169867485991826,-0.007578975549586457,0.008102372899306293
175.50505050505052,-0.05307768624554306,-0.06649278653338635,-0.03966258595769977,0.00019767391486886056,-0.010095645944293453,0.010490993774031173,-0.0013253458469211143,-0.01122479977270224,0.00857410807886001,-0.004277946684535154,-0.013152424479783714,0.004596531110713406,0.17631811336610617,0.13565699404884413,0.21697923268336822,0.0003372794245375607,-0.011583388044270579,0.0122579468933457,-0.021158649858344102,-0.03488454991348487,-0.007432749803203331,-0.007804745702275728,-0.018209096429098282,0.002599605024546827,-0.007717271123975369,-0.017471932123880624,0.0020373898759298865,-0.0010829503169596513,-0.009653804129262977,0.007487903495343674,-0.0047635104980962495,-0.01177233968019568,0.0022453186840031827,0.0001355482544333651,-0.008014212158852244,0.008285308667718972
176.84848484848484,-0.05522761602920161,-0.06917200920869289,-0.04128322284971033,-3.3300966475599634e-05,-0.010732743844923183,0.010666141911971985,-0.0016432987502278664,-0.011933335711669251,0.00864673821121352,-0.004383331035477165,-0.01360795142476727,0.004841289353812939,0.15226735184677725,0.1041447755602399,0.2003899281333146,0.00028267545220723826,-0.012795456316339118,0.013360807220753595,-0.022906192727436523,-0.03734103679375452,-0.008471348661118525,-0.008210321358249522,-0.019025175828149575,0.00260453311165053,-0.008111688927250928,-0.018251220156741008,0.0020278423022391523,-0.0011493515948263892,-0.010058368514439251,0.007759665324786473,-0.005260667730798853,-0.012546030325639291,0.0020246948640415853,2.3617543483010414e-06,-0.008468947522742312,0.008473671031438913
178.1919191919192,-0.05738257641364709,-0.07187554249837838,-0.042889610328915806,-0.000264718727520521,-0.011385078055234036,0.010855640600192996,-0.001960294093103261,-0.012655141461014477,0.008734553274807955,-0.004489162602381847,-0.014076679873705636,0.005098354668941941,0.1276072699550582,0.07030564501084327,0.18490889489927312,0.0001695290686940347,-0.014465372373588975,0.014804430510977044,-0.024702233927357358,-0.039914856006677345,-0.009489611848037373,-0.008621924719988659,-0.01986223593511493,0.002618386495137612,-0.008512232848454624,-0.019050653583765145,0.0020261878868558965,-0.0012157365272444523,-0.010475234477585305,0.008043761423096402,-0.005765231318434755,-0.013337200327260742,0.0018067376903912313,-0.0001369470295850151,-0.008941517903756456,0.008667623844586426
179.53535353535352,-0.05954408746030454,-0.07460364779667009,-0.044484527123938994,-0.0004965566289137587,-0.012051660068657443,0.011058546810829926,-0.0022764012305635925,-0.013389357562874321,0.008836555101747138,-0.004594887550287051,-0.014557223346791768,0.005367448246217666,0.10399424383979489,0.036762072720585404,0.17122641495900437,7.035031751907381e-06,-0.016546505308223373,0.016560575371727185,-0.02653992747378623,-0.042596385349595145,-0.01048346959797732,-0.009038285595200615,-0.020718030373052195,0.002641459182650966,-0.008917615740458242,-0.019868030030091695,0.002032798549175213,-0.0012820830414737303,-0.010903575788532523,0.008339409705585062,-0.006275549722356137,-0.014143540545410572,0.0015924411006982987,-0.00028146430155630807,-0.009430244857600086,0.00886731625448747
180.87878787878788,-0.06171366923059922,-0.07735656409520017,-0.04607077436599827,-0.000728791931303195,-0.012731484189258084,0.011273900326651693,-0.0025916895176251965,-0.014135108027756294,0.0089517289925059,-0.004699952044230641,-0.015048180544252308,0.005648276455791026,0.08308464964983026,0.00596067192574444,0.16020862737391606,-0.00019561190086520887,-0.018985194945000283,0.018593971143269862,-0.02841242738240298,-0.04537505142930533,-0.011449803335500632,-0.009458133791592915,-0.02159029539023611,0.0026740278070502797,-0.009326550456133615,-0.020701130831027908,0.0020480299187606785,-0.0013483690647741208,-0.011342551904183937,0.008645813774635696,-0.006789971403915239,-0.01496273013601971,0.0013827873281892326,-0.000430276265755326,-0.009933436330256722,0.00907288379874607
182.22222222222223,-0.0638927578947085,-0.08013443715967011,-0.04765107862974687,-0.000961398504869948,-0.013423534168192029,0.011500737158452132,-0.0029062265562371323,-0.01489150822472408,0.009079055112249816,-0.004803833508372631,-0.01554817525027274,0.0059405082335274775,0.06646208632097199,-0.02005802478284642,0.1529821974247904,-0.00042939177458555834,-0.021731487319542546,0.020872703770371426,-0.030312965692075117,-0.04823966947939133,-0.012386261904758899,-0.009880237831930531,-0.022476798710297945,0.0027163230464368818,-0.009737789099938965,-0.021547769785842708,0.0020721915859647777,-0.0014145735183426376,-0.011791317311488279,0.008962170274803005,-0.007306899507161039,-0.015792498060734222,0.0011786990464121433,-0.0005824861259452682,-0.010449411596403007,0.009284439344512471
183.56565656565658,-0.06608174158098548,-0.08293648095514722,-0.04922700220682374,-0.001194307863160203,-0.014126840591095235,0.011738224864774828,-0.0032200580475203614,-0.015657737400298993,0.009217621305258269,-0.004906399882788249,-0.016056298661871256,0.006243498896294757,0.054800957072737286,-0.040869416297891856,0.1504713304433664,-0.0006874684269587983,-0.02474886361559044,0.023373926761672843,-0.03223574917462803,-0.05117998039659245,-0.013291517952663607,-0.010303849900868571,-0.02337588187195099,0.002768182070213848,-0.010150574141005005,-0.02240633558213958,0.0021051873001295667,-0.0014806877404960994,-0.012249113180544561,0.009287737699552361,-0.007825420319554958,-0.016631317155775843,0.000980476516665928,-0.000737409459223435,-0.010976772921326405,0.009501954002879535
184.9090909090909,-0.06828029600397882,-0.08576130287247329,-0.05079928913548436,-0.0014274227274995118,-0.014840486461408793,0.01198564100640977,-0.003533214805353825,-0.016433038016347164,0.009366608405639514,-0.005007784563493889,-0.01657197744795739,0.0065564083209696125,0.048157632939099485,-0.05702026972194073,0.15333553560013968,-0.0009644901435949642,-0.028008623017817605,0.026079642730627677,-0.03417564718347368,-0.054186451266870585,-0.01416484310007677,-0.010728550955635153,-0.024286297272494817,0.00282919536122451,-0.01056448137729892,-0.023275627196589183,0.0021466644419913423,-0.0015467115101758797,-0.012715256742559205,0.009621833722207445,-0.008345084500099829,-0.017478179925663882,0.0007880109254642231,-0.0008945062049552982,-0.01151433123081307,0.009725318820902471
186.25252525252523,-0.07048808326403029,-0.08860752442740874,-0.05236864210065184,-0.0016606452689949393,-0.01556357551640728,0.0122422849784174,-0.003845727359121715,-0.01721667271987415,0.009525218001630718,-0.005108126019361236,-0.017094661700531776,0.006878409661809304,0.04657667437700967,-0.06900760982561667,0.16216095857963603,-0.0012551335778631934,-0.03148266917012257,0.02897240201439618,-0.036127541733938895,-0.05724943947288358,-0.015005643994994215,-0.01115392823629268,-0.025206825105699764,0.002898968633114403,-0.010979092976692242,-0.024154470146004567,0.002196284192620083,-0.0016126447676234443,-0.013189083112454853,0.009963793577207966,-0.008865451581925103,-0.018332102241577934,0.0006011990777277255,-0.0010532390612650686,-0.012060917061106527,0.00995443893857639
187.59595959595958,-0.07270476546148162,-0.09147378821821918,-0.053935742704744064,-0.0018938776587535456,-0.01629522766983539,0.012507472352328299,-0.004157626238208227,-0.018007919715375506,0.009692667238959054,-0.005207562719261968,-0.017623815458283468,0.007208690019759529,0.05010264184341942,-0.07722328831430852,0.17742857200114737,-0.0015540753831326352,-0.03514266389309029,0.03203451312682501,-0.03808631484135051,-0.06035922264613752,-0.015813407036563504,-0.011579568982903556,-0.026136261916296893,0.002977123950489784,-0.011393991107056509,-0.025041705277139406,0.0022537230630263905,-0.001678487453080259,-0.013669940874682223,0.010312965968521706,-0.009386081098160236,-0.019192110989425346,0.00041994879310487156,-0.0012130707262769554,-0.012615373756208898,0.010189232303654988
188.93939393939394,-0.0749300046966745,-0.09435875424198319,-0.05550125515136582,-0.0021270220678823904,-0.01703457618543478,0.012780532049670001,-0.004468941971997549,-0.018806070046516417,0.009868186102521319,-0.005306233132067772,-0.018158914269720813,0.007546448005585271,0.058780095795280235,-0.08197734006827992,0.1995375316588404,-0.001855992212772422,-0.03895987604956075,0.0352478916240159,-0.04004684852103527,-0.06350603856624512,-0.01658765847582543,-0.012005060435530169,-0.02707341774301652,0.003063296871956179,-0.011808757936263237,-0.025936186088126742,0.0023186702156002686,-0.0017442395067877865,-0.014157189729723947,0.010668710716148373,-0.009906532581934658,-0.02005724214526604,0.0002441769813967265,-0.0013734638981151596,-0.013176555230014046,0.010429627433783725
190.2828282828283,-0.07716338880691599,-0.0972610403120575,-0.057065737301774486,-0.002359991672663399,-0.017780789946371615,0.013060806601044818,-0.004779709173245729,-0.01961044251273831,0.010051024166246852,-0.0054042712144306455,-0.01869945039252801,0.007890907963666718,0.07258403892226296,-0.08364779377799632,0.22881587162252226,-0.0021560648647741334,-0.04290673978463272,0.03859461005508445,-0.04200455055927234,-0.06668075460223179,-0.017328346516312893,-0.012430036691573033,-0.028017174361683016,0.003157100978536949,-0.012223022790725962,-0.02683683656180503,0.0023907909803531045,-0.0018099016314587113,-0.014650210635878277,0.011030407372960856,-0.010426415572227269,-0.02092659845110951,7.376730665497114e-05,-0.0015339317111780111,-0.013743385321080498,0.010675521898724475
191.62626262626264,-0.07940399642433955,-0.10017889545977797,-0.05862909738890114,-0.002592775109424111,-0.0185332210416363,0.01334767082278808,-0.005089990453484919,-0.02042048753522837,0.010240506628258534,-0.005501779983712077,-0.019244978039085616,0.008241418071661462,0.09101253171601228,-0.08319263860993131,0.2652177020419559,-0.0024529309450999678,-0.04696546810668507,0.04205960621648513,-0.04395843383726391,-0.06987867765285605,-0.018038190021671778,-0.012854453138817765,-0.02896684374650502,0.003257937468869491,-0.012636738352531674,-0.027743006144029508,0.00246952943896616,-0.0018754797579019333,-0.015148479495329164,0.011397519979525298,-0.010945682487046696,-0.02179969889322289,-9.166608087050193e-05,-0.0016943331302201178,-0.014315219006298865,0.010926552745858631
192.96969696969697,-0.08165069259366257,-0.10311044710581231,-0.06019093808151284,-0.0028253926664016907,-0.019291323785293916,0.013640538452490535,-0.005399860168405679,-0.02123573515206957,0.010436014815258214,-0.005598849479708786,-0.019795099289494966,0.008597400330077396,0.11336358004011844,-0.0816013478104758,0.3083285078907127,-0.0027466780266801587,-0.051122375232970266,0.045629019179609945,-0.0459090234025226,-0.07309714842462037,-0.018720898380424827,-0.013278399931125912,-0.02992194397218309,0.003365144109931266,-0.013049992936133792,-0.02865424679302849,0.002554260920760906,-0.0019409820098647123,-0.015651533166774603,0.011769569147045177,-0.011464429565889845,-0.02267625433336802,-0.00025260479841167187,-0.0018546721794258847,-0.014891612198460358,0.01118226783960859
194.31313131313132,-0.08390234162888036,-0.10605386412306383,-0.06175081913469688,-0.0030578647401203972,-0.020054584966407753,0.013938855486166959,-0.005709392713877562,-0.022055746569747826,0.010636961141992703,-0.005695569697818845,-0.020349444084708304,0.008958304689070613,0.13893450533407875,-0.07958247921006154,0.35745148987821906,-0.0030373986430516763,-0.055363467587351486,0.04928867030124813,-0.047856849475963456,-0.07633371197967928,-0.01937998697224763,-0.013701967683418883,-0.030882026290318523,0.003478090923480757,-0.013462875320009329,-0.02957014160398537,0.0026443909639667137,-0.0020064165185967654,-0.016158935466937637,0.012146102429744106,-0.011982753540293737,-0.02355599816417908,-0.00040950891640839475,-0.002014953379255022,-0.015472146933051805,0.011442240174541762
195.65656565656565,-0.08615780784398804,-0.10900735212952435,-0.06330826355845172,-0.0032902117271044694,-0.02082251956831046,0.01424209611410152,-0.006018662485770076,-0.02288011011018641,0.010842785138646257,-0.0057920306334403125,-0.02090766667361938,0.009323605406738754,0.16702262903738835,-0.07760863401626689,0.4116538920910436,-0.003325185327751468,-0.05967426294430381,0.053023892288800875,-0.04980244227850132,-0.07958607996126876,-0.020018804595733873,-0.014125247010618042,-0.03184667045090481,0.0035961764296687238,-0.013875474282635263,-0.03049030039092092,0.002739351825650391,-0.0020717914153478025,-0.016670273688831217,0.012526690858135613,-0.012500751141795339,-0.02443868297606319,-0.0005628193075274887,-0.002175181250167226,-0.016056427568439665,0.011706065068105214
197.0,-0.08841595555298092,-0.11196914903765512,-0.06486276206830671,-0.0035224540238781633,-0.021594667353672506,0.014549759305916178,-0.006327743879952769,-0.023708437926484235,0.011052950166578696,-0.00588832228197126,-0.021469442668849727,0.009692798104907207,0.19692527258954462,-0.07598755543022773,0.46983810060931697,-0.0036101306143164983,-0.06403976662371341,0.05681950539508042,-0.05174633203105123,-0.0828521049354245,-0.02064055912667796,-0.014548328527644786,-0.03281548125056038,0.0037188241952708038,-0.014287878602488601,-0.03141435645046829,0.00283859924549109,-0.0021371148313675398,-0.017185155758275287,0.012910926095540207,-0.01301851910193167,-0.025324078231937865,-0.000712959971925475,-0.0023353603126222053,-0.01664407808208989,0.011973357456845479
