T (BPM),boeck2015/tempodetector2016_default,boeck2019/multi_task,boeck2019/multi_task_hjdb,davies2009/mirex_qm_tempotracker,echonest/version_3_2_1,gkiokas2012/default,klapuri2006/percival2014,oliveira2010/ibt,percival2014/stem,scheirer1998/percival2014,schreiber2014/default,schreiber2017/ismir2017,schreiber2017/mirex2017,schreiber2018/cnn,schreiber2018/fcn,schreiber2018/ismir2018,zplane/auftakt_v3
0.0,0.0,0.0,0.0,0.0,0.0,0.0,0.0,0.0,0.0,0.0,0.0,0.0,0.0,0.0,0.0,0.0,0.0
1.0,0.0,0.0,0.0,0.0,0.0,0.0,0.0,0.0,0.0,0.0,0.0,0.0,0.0,0.0,0.0,0.0,0.0
2.0,0.0,0.0,0.0,0.0,0.0,0.0,0.0,0.0,0.0,0.0,0.0,0.0,0.0,0.0,0.0,0.0,0.0
3.0,0.0,0.0,0.0,0.0,0.0,0.0,0.0,0.0,0.0,0.0,0.0,0.0,0.0,0.0,0.0,0.0,0.0
4.0,0.0,0.0,0.0,0.0,0.0,0.0,0.0,0.0,0.0,0.0,0.0,0.0,0.0,0.0,0.0,0.0,0.0
5.0,0.0,0.0,0.0,0.0,0.0,0.0,0.0,0.0,0.0,0.0,0.0,0.0,0.0,0.0,0.0,0.0,0.0
6.0,0.0,0.0,0.0,0.0,0.0,0.0,0.0,0.0,0.0,0.0,0.0,0.0,0.0,0.0,0.0,0.0,0.0
7.0,0.0,0.0,0.0,0.0,0.0,0.0,0.0,0.0,0.0,0.0,0.0,0.0,0.0,0.0,0.0,0.0,0.0
8.0,0.0,0.0,0.0,0.0,0.0,0.0,0.0,0.0,0.0,0.0,0.0,0.0,0.0,0.0,0.0,0.0,0.0
9.0,0.0,0.0,0.0,0.0,0.0,0.0,0.0,0.0,0.0,0.0,0.0,0.0,0.0,0.0,0.0,0.0,0.0
10.0,0.0,0.0,0.0,0.0,0.0,0.0,0.0,0.0,0.0,0.0,0.0,0.0,0.0,0.0,0.0,0.0,0.0
11.0,0.0,0.0,0.0,0.0,0.0,0.0,0.0,0.0,0.0,0.0,0.0,0.0,0.0,0.0,0.0,0.0,0.0
12.0,0.0,0.0,0.0,0.0,0.0,0.0,0.0,0.0,0.0,0.0,0.0,0.0,0.0,0.0,0.0,0.0,0.0
13.0,0.0,0.0,0.0,0.0,0.0,0.0,0.0,0.0,0.0,0.0,0.0,0.0,0.0,0.0,0.0,0.0,0.0
14.0,0.0,0.0,0.0,0.0,0.0,0.0,0.0,0.0,0.0,0.0,0.0,0.0,0.0,0.0,0.0,0.0,0.0
15.0,0.0,0.0,0.0,0.0,0.0,0.0,0.0,0.0,0.0,0.0,0.0,0.0,0.0,0.0,0.0,0.0,0.0
16.0,0.0,0.0,0.0,0.0,0.0,0.0,0.0,0.0,0.0,0.0,0.0,0.0,0.0,0.0,0.0,0.0,0.0
17.0,0.0,0.0,0.0,0.0,0.0,0.0,0.0,0.0,0.0,0.0,0.0,0.0,0.0,0.0,0.0,0.0,0.0
18.0,0.0,0.0,0.0,0.0,0.0,0.0,0.0,0.0,0.0,0.0,0.0,0.0,0.0,0.0,0.0,0.0,0.0
19.0,0.0,0.0,0.0,0.0,0.0,0.0,0.0,0.0,0.0,0.0,0.0,0.0,0.0,0.0,0.0,0.0,0.0
20.0,0.0,0.0,0.0,0.0,0.0,0.0,0.0,0.0,0.0,0.0,0.0,0.0,0.0,0.0,0.0,0.0,0.0
21.0,0.0,0.0,0.0,0.0,0.0,0.0,0.0,0.0,0.0,0.0,0.0,0.0,0.0,0.0,0.0,0.0,0.0
22.0,0.0,0.0,0.0,0.0,0.0,0.0,0.0,0.0,0.0,0.0,0.0,0.0,0.0,0.0,0.0,0.0,0.0
23.0,0.0,0.0,0.0,0.0,0.0,0.0,0.0,0.0,0.0,0.0,0.0,0.0,0.0,0.0,0.0,0.0,0.0
24.0,0.0,0.0,0.0,0.0,0.0,0.0,0.0,0.0,0.0,0.0,0.0,0.0,0.0,0.0,0.0,0.0,0.0
25.0,0.0,0.0,0.0,0.0,0.0,0.0,0.0,0.0,0.0,0.0,0.0,0.0,0.0,0.0,0.0,0.0,0.0
26.0,0.0,0.0,0.0,0.0,0.0,0.0,0.0,0.0,0.0,0.0,0.0,0.0,0.0,0.0,0.0,0.0,0.0
27.0,0.0,0.0,0.0,0.0,0.0,0.0,0.0,0.0,0.0,0.0,0.0,0.0,0.0,0.0,0.0,0.0,0.0
28.0,0.009593412132999213,0.31581378617896066,0.317709523892034,0.1447308156511626,0.09643108972068039,0.014248045624994446,0.011912599328809566,0.11967693006818818,0.01663374753500046,0.10796384691736674,0.1987952149526705,0.029059625609432663,0.029059666460051398,0.012607276563046388,0.20124600439871426,0.022225813516705304,0.0674775580794912
29.0,0.009593412132999213,0.31581378617896066,0.317709523892034,0.1447308156511626,0.09643108972068039,0.014248045624994446,0.011912599328809566,0.11967693006818818,0.01663374753500046,0.10796384691736674,0.1987952149526705,0.029059625609432663,0.029059666460051398,0.012607276563046388,0.20124600439871426,0.022225813516705304,0.0674775580794912
30.0,0.05150033384245528,0.2443439861386588,0.23984614370971502,0.10312938472334117,0.09741839102016574,0.04612889839664793,0.021830321423742128,0.17651382524970946,0.03713513523784643,0.07997311871285516,0.17252193173481375,0.031383735957216184,0.03138376319096201,0.03975024240079288,0.16588538994796612,0.046162600369898825,0.11576458703397811
31.0,0.04462013802981197,0.2113314305048885,0.20793323270267597,0.095124087293984,0.08519997989697004,0.03953905576855537,0.020432467171863675,0.17060607639712752,0.03256786270852584,0.07271666013483714,0.14844311723320947,0.02746752085241156,0.02746754419562227,0.036600493734030896,0.1421874770982567,0.04453443148286708,0.09973008410965227
32.0,0.04462013802981197,0.2113314305048885,0.20793323270267597,0.095124087293984,0.08519997989697004,0.03953905576855537,0.020432467171863675,0.17060607639712752,0.03256786270852584,0.07271666013483714,0.14844311723320947,0.02746752085241156,0.02746754419562227,0.036600493734030896,0.1421874770982567,0.04453443148286708,0.09973008410965227
33.0,0.051811406348320245,0.18614797201142133,0.18248596064705122,0.08654282393415304,0.11846103615149682,0.04870843084822761,0.01891282428494486,0.1594715525345614,0.035667785943023174,0.08256433414244704,0.1306167422457304,0.02574853138329088,0.025748553885699674,0.04221666770435184,0.1326125851644217,0.047166170250955805,0.09283850418489621
34.0,0.051811406348320245,0.18614797201142133,0.18248596064705122,0.08654282393415304,0.11846103615149682,0.04870843084822761,0.01891282428494486,0.1594715525345614,0.035667785943023174,0.08256433414244704,0.1306167422457304,0.02574853138329088,0.025748553885699674,0.04221666770435184,0.1326125851644217,0.047166170250955805,0.09283850418489621
35.0,0.04766137201121697,0.21034997460976979,0.20718914719323747,0.08238411160989555,0.14988949828205278,0.04329638297620232,0.017993457626017714,0.14293551827511108,0.032359991432864235,0.0766870555979205,0.16151466342550852,0.0237783045717718,0.023778326935560295,0.08245817741268334,0.12023524080278551,0.043108511800794974,0.12769127338349723
36.0,0.04766137201121697,0.21034997460976979,0.20718914719323747,0.08238411160989555,0.14988949828205278,0.04329638297620232,0.017993457626017714,0.14293551827511108,0.032359991432864235,0.0766870555979205,0.16151466342550852,0.0237783045717718,0.023778326935560295,0.08245817741268334,0.12023524080278551,0.043108511800794974,0.12769127338349723
37.0,0.06224747109842695,0.1972978123588782,0.19200830855600884,0.08080018234257254,0.14382728226355626,0.06044062955788336,0.040905433970959026,0.13947958255207918,0.04819901322826207,0.10659740672677713,0.15708635638427138,0.02962936481585158,0.029629384943261228,0.11648146685364291,0.11274411577345597,0.0752740899004775,0.13794855323365937
38.0,0.05378891269544613,0.16560068470993725,0.16108081071032135,0.0733732538134629,0.12152270690191785,0.0520254877513782,0.03633511519041353,0.11871193074290363,0.04166060291355678,0.09178019837790415,0.1323292635097138,0.026017429726419423,0.0260174464992608,0.0983137508335334,0.09643237509405096,0.06438670470353998,0.11607898267859638
39.0,0.051052987661836045,0.15420652858064032,0.1502178833066203,0.06828679765596682,0.11334622080289147,0.049161758072662994,0.03513973675482462,0.10958024376268027,0.039535724562608635,0.11580805936511528,0.12334025117567646,0.025206250760327786,0.025206266242950585,0.09188938553311396,0.09015273100436093,0.0605721121823508,0.10817371120973346
40.0,0.05415639603600095,0.14641068142537053,0.14320038885222455,0.06085119693929126,0.12562616050488834,0.049818294385225156,0.04039182375859108,0.097766099963298,0.04723999753280392,0.1368414728343998,0.12648189017098493,0.0752632679196468,0.03287179830154068,0.08076518591228582,0.0722901647202665,0.06846977322493168,0.10563644592941997
41.0,0.05415639603600095,0.14641068142537053,0.14320038885222455,0.06085119693929126,0.12562616050488834,0.049818294385225156,0.04039182375859108,0.097766099963298,0.04723999753280392,0.1368414728343998,0.12648189017098493,0.0752632679196468,0.03287179830154068,0.08076518591228582,0.0722901647202665,0.06846977322493168,0.10563644592941997
42.0,0.08952396930655118,0.14192232926287043,0.1388856207969259,0.054866049862683154,0.13916331162684778,0.07691469445150251,0.03539073813355665,0.08626662654064918,0.06147631768678797,0.12321736226095097,0.1361953637495281,0.09325441179792004,0.04203336878382045,0.09935811985274678,0.08243637185330373,0.07774937182523443,0.08722555303182852
43.0,0.09607394403391711,0.15820526402803348,0.1555061957145618,0.05229966405807148,0.16589696019836492,0.0922129298952631,0.03299648939662452,0.0835419744118271,0.08609002393329222,0.13890812848526132,0.15366777307977852,0.1162532207849711,0.03938397362541847,0.1047322251738342,0.07925269388566043,0.085800417507138,0.10888883177426288
44.0,0.0860762005385983,0.1551501338748842,0.15440131066580517,0.05876428527007347,0.19415501741308366,0.07903774145812202,0.04489107415800993,0.08771925721763091,0.09175158085664566,0.17819522459997975,0.16760491822829351,0.10844550525969167,0.03745615933225753,0.08887244229898382,0.06839370226641764,0.10886719837929328,0.11322987029370928
45.0,0.09373559196620483,0.14370278185736987,0.14223511790556517,0.0619263839688897,0.18747238653353704,0.08281522383243914,0.042181125890203924,0.08370032575292137,0.08701265849127726,0.1660775896863725,0.15472312733097207,0.10852516409286853,0.04663701702997621,0.08625010698391074,0.06399957197102885,0.10288939572282757,0.10390792630019906
46.0,0.08294007302606805,0.12647791769938727,0.12485854002817463,0.06250405071550741,0.1818369651832071,0.07318319650872618,0.04773451445333476,0.08640424004355553,0.07844464057839973,0.16739254337765194,0.1354685818494154,0.10563198664063955,0.044268149988476765,0.08501697632046204,0.058192724970496754,0.10888843536586663,0.11150666708730407
47.0,0.07286837500886169,0.10911076430972874,0.10733338257865943,0.058489798599560036,0.1664867689409074,0.06570529526774373,0.04892192955182924,0.08662322417449574,0.08286372177736989,0.16037323782526536,0.1169591133087881,0.09202491393730393,0.039923542718776836,0.08172052207842909,0.059650295663199446,0.11041522849503974,0.10200786236940153
48.0,0.0673584457131314,0.09963960620589771,0.09851294166211023,0.05654824918349568,0.15218798388331237,0.061860394945992776,0.04612932099675268,0.08289988069324541,0.07692331281372397,0.14431850942702654,0.10711123330238863,0.0886948371336738,0.03864382484433431,0.07361556731363432,0.05740859519094014,0.1022422333148951,0.09747076397743772
49.0,0.06926568047143775,0.08172659476200705,0.08061685493400539,0.05001490174496883,0.15150965584844076,0.06301088817688946,0.0475237547262048,0.07792830656687663,0.07869547117898879,0.14750837810939504,0.09733880617083339,0.0900591113257439,0.038282199243625886,0.07590905380135562,0.046133653134039734,0.10485949884033859,0.09647180853314269
50.0,0.07062152217039255,0.07297570778117626,0.07310525785914351,0.051315117340561184,0.14289456845540974,0.06331883358985874,0.05145404658368884,0.07653587463486602,0.07609753631245478,0.12945490577968657,0.09103473918092803,0.08199782006431726,0.03703745592368518,0.0764437693428083,0.048549961506997225,0.10389827881224235,0.0960005234875249
51.0,0.0642627975782721,0.06656050049404841,0.06756467111179841,0.048751946801828136,0.13171549114277,0.060054610276804726,0.04783258005008751,0.06961738733612681,0.07509396576996188,0.12503673714939628,0.08269479524679743,0.07620205478822117,0.03474509657163166,0.07499519732997467,0.048939734137303764,0.1002783532720821,0.09421259815701956
52.0,0.06524423393744738,0.05805756230113176,0.058699658262254935,0.04854868061510586,0.12184868685033534,0.0542532372836835,0.05220514059899255,0.07764058625807989,0.0698027175700697,0.1151393761091072,0.08429457084575313,0.0698303957469879,0.03513272368428133,0.0744339491271264,0.047029783115403234,0.09741649545109407,0.08743400080426601
53.0,0.0624736877982918,0.05544808000877259,0.05602038109246633,0.04678882912203356,0.1172561698191512,0.060449542815988404,0.05423820414049312,0.07835454047140522,0.06669522974819181,0.1143411421642771,0.08890625739921172,0.07517992070739023,0.03371331319439955,0.07543073832725763,0.04943820628070182,0.09747341214831015,0.08772032813408825
54.0,0.05585328874991731,0.054883427130335005,0.05555429924223116,0.04823003314603314,0.10702618685248755,0.056875778274534876,0.05784724724549338,0.08001801140294766,0.06113899702528819,0.10972613017240722,0.0881164845944912,0.07240610073500169,0.03301698051827883,0.0710010945016047,0.051012206812400894,0.09494565008405832,0.08550498886830159
55.0,0.05324335417144887,0.051220260902459035,0.05193764301795606,0.046849014986437405,0.1007705330904554,0.05392979070155734,0.05488810855305904,0.07465597921665429,0.05866152187945778,0.10426874394394094,0.08414669030844593,0.07009572911312155,0.03225238577933009,0.0697262743289257,0.048019462395699576,0.08737248808653897,0.08566198049509827
56.0,0.050846971984442615,0.04551481176100309,0.04628849391343827,0.05057418906107955,0.09021119499170695,0.05283337594614132,0.05785392444557106,0.07023528409913468,0.05925967261921298,0.1026085634847641,0.07679986345755753,0.06708174109942948,0.030344285588675798,0.06380272580307386,0.046995489510792264,0.08218741401511445,0.07802731646795681
57.0,0.04913848188814088,0.04403301209616882,0.04474439318999501,0.0494933157580883,0.08717182704136339,0.05431078001181314,0.055925642405572504,0.06886297549408847,0.057777144740882726,0.09962896290285665,0.07398540066065173,0.06463975697609274,0.02943302877828713,0.061594010798769395,0.04548707601866621,0.07921267033530832,0.07517398699398574
58.0,0.04799123109178133,0.04244101646123703,0.044455022466091315,0.049955839850858295,0.08139455706722351,0.05289526957307496,0.05212448908356274,0.07056416622303811,0.056255117653560505,0.09517556872245454,0.07302274754531606,0.06135885156381107,0.028860333761253357,0.06013858823813104,0.048808802546635346,0.07375837616318821,0.07597233809743234
59.0,0.04670228107181836,0.0429660905384261,0.04486509951152998,0.05278931142561895,0.08263350120738232,0.05326677148254459,0.05432496405231021,0.07496090710323754,0.059916338246900215,0.09681881550255479,0.07493967973720878,0.060265415102946085,0.028970546107890516,0.06039775679723592,0.04782863455908221,0.0745624229942348,0.07901492809410474
60.0,0.045199310805779276,0.0428377483953661,0.04271496233478846,0.050277368068915515,0.08233202192450784,0.05121558539552367,0.053796998918972,0.07596659953490044,0.05871216954400054,0.09445716047498305,0.07455228984156997,0.06176245288846899,0.0331196921237539,0.06003002487440005,0.04705772628125836,0.07214901553684161,0.07626301644712727
61.0,0.04387263782681187,0.03943476503692407,0.03937373530039382,0.04994101799048128,0.079041760624668,0.049931671299784035,0.05474348061334187,0.08165992161550342,0.0591178256686061,0.09212711434591218,0.07300480048964987,0.058216285397803234,0.03197972530999855,0.06049997325268487,0.04861561539259632,0.07218543558361959,0.07951348492947831
62.0,0.04119366751809533,0.03738558801974872,0.03732328551379141,0.048577287580845285,0.07552592505747065,0.04670827954099203,0.05447471728843354,0.07936770633363016,0.055781479073130684,0.09597958884876999,0.07056818510460562,0.05465587131385417,0.030469041965607693,0.058838189134481335,0.04622905172398784,0.06752772642186754,0.07838002673342499
63.0,0.03450403533598419,0.03330079133672251,0.033194834616307345,0.04734656246513077,0.07258070372441171,0.040826475697990805,0.054042694404499596,0.07788901069668079,0.05104986455201315,0.09342718164388855,0.06591258880547751,0.05097452258503459,0.02775516692662846,0.05443834517809334,0.043727889963831534,0.06244502883100745,0.08059613224152287
64.0,0.0316722047872181,0.02818480352117009,0.027989454063954693,0.04803459271331472,0.06824528677974606,0.03639111846625077,0.05487059750720961,0.07718349260230191,0.0466540480239994,0.08955499092892448,0.05867220813243017,0.04464008596812235,0.026773942534210445,0.0499200181362185,0.04064042531404374,0.057775990477027826,0.07617298158136218
65.0,0.02841142705890685,0.022404818472605822,0.02191669353453843,0.04530890664508834,0.05838393947838293,0.03428273810774538,0.04968441440977525,0.07404936775290383,0.04117131981601539,0.07847054569449309,0.05085224682531495,0.04204876966179106,0.025131270286783983,0.04709055886796877,0.03815519770487255,0.04904609842091301,0.07040035738777015
66.0,0.024750912762489422,0.02074158344913324,0.020438567647360316,0.04271219525387677,0.054484534862188225,0.031159329417350914,0.047974523169637705,0.07064208311461988,0.038932182226285,0.07617646226310783,0.04804241388029032,0.038637622918604946,0.02229849947915383,0.044505464617739035,0.03632626097187349,0.04652721123000154,0.06762544288633036
67.0,0.02426536852781454,0.02052553365481239,0.020327491068134636,0.041463425292066536,0.05067548201623481,0.030945814623472685,0.04572958447118763,0.06831627652494228,0.03832183742349097,0.07147321489409163,0.04760309345059605,0.036321766612584266,0.02159456334590192,0.04229010953531065,0.0357382747134327,0.04261319405156789,0.06325233777201801
68.0,0.024046434696905684,0.020317547895185924,0.020378606069493967,0.04064968693762365,0.049468874666809846,0.030278942455368246,0.04726622414969333,0.06710477434525071,0.034582976646080094,0.06745545611739187,0.047111379961378035,0.03580201808651709,0.02119857293650691,0.040240166596311744,0.03511065426490017,0.040273495688444454,0.06250047204072469
69.0,0.023170758570882494,0.019511519813761494,0.01948946443758966,0.04009531213396618,0.04816724063509662,0.029236340043246475,0.04923789863730355,0.06795931821108811,0.033336839586354236,0.06917614551403657,0.04728781895125226,0.035527962253042736,0.02221960059491932,0.03939739301173942,0.0353225556132468,0.03880685029327484,0.06293866584930412
70.0,0.02319834539318169,0.01948539600425852,0.019500704145411864,0.03939884783169032,0.04907609852631407,0.029849314945043306,0.049742367992894825,0.06882432040213991,0.033616231224687466,0.06569795628948356,0.045889008853747436,0.034685597857360966,0.022053051801905067,0.03809831560953392,0.03500550023444432,0.0393018430037264,0.06531791108635508
71.0,0.020012087860045494,0.018459938220403024,0.018244065809048172,0.03778564730967302,0.04496139690803478,0.027410979948977877,0.04763313779879657,0.07272025726106755,0.03129787374455839,0.06677236702676698,0.04384178238744133,0.03331661841977575,0.021234051606384165,0.03505968035227208,0.03295981515492954,0.03507157980342315,0.06369317975580058
72.0,0.019464939945480198,0.01940232611908297,0.019068500552400853,0.03913301995314177,0.04714874801823466,0.026971937547763076,0.047945935918372096,0.07345448452512582,0.030489638194614175,0.06608155226431181,0.04414415791759231,0.03380875717363613,0.02082901516177069,0.032747258326313596,0.03211668166485041,0.0341225783496273,0.06085504443696171
73.0,0.016751021007884205,0.01955630601097404,0.019323651060712006,0.03771699336149831,0.04597775396917148,0.02951889127796467,0.04672207756821996,0.06934993708037124,0.029558219570376,0.06442708740742129,0.03988057086516173,0.03272384618854152,0.019487587652659948,0.029633530451036366,0.031293287201195126,0.030617188829389963,0.060697928571396234
74.0,0.01670871541515259,0.0192549535698985,0.019103863467537112,0.03749134474622644,0.04708280297185835,0.02569067289111083,0.047217540563830124,0.06687084239218831,0.028867597005254667,0.0644297278534205,0.03570095220367975,0.0287383362511454,0.019051035056580224,0.0271206601830091,0.028866652972050967,0.02956100333715734,0.05759310700752769
75.0,0.01681836650906549,0.01903538619662537,0.018875070315654847,0.036708323839291776,0.04866146124998781,0.02627740723769458,0.04558537154458844,0.06353452485694575,0.028511001392978,0.06435965497443007,0.03250990134998977,0.026915198698030045,0.018323152200224097,0.025903748362424633,0.026311664619230138,0.028011248840076396,0.056654265950278004
76.0,0.015826543909341424,0.020081895115963557,0.01993195671513084,0.037855539620013666,0.04782370909720236,0.02563592471594335,0.04530226493682788,0.06399068299880079,0.02743647850577959,0.06779688901135988,0.03087537328291377,0.02510902553757099,0.01762399401487539,0.023641950021857205,0.026127000382911377,0.027630221627571356,0.05377490294563601
77.0,0.014752445956258327,0.01950562509809281,0.01931077508230329,0.03465466083859966,0.0481025437814867,0.025830604899644134,0.04225279977090413,0.06516275427753009,0.02476889400071648,0.06529199537774855,0.03130059686494195,0.025426986211364664,0.017632655861345447,0.022176681437012288,0.024795382950050897,0.02647585838821017,0.05527514604958135
78.0,0.01453083597850714,0.020620240330056036,0.019279036538501864,0.034137746319155775,0.04843655973638615,0.02327040801500091,0.042645658612210285,0.0627572446422238,0.023860268662806525,0.06483969399639472,0.03169271694136251,0.024735479047671535,0.017160266418335592,0.021681648660281185,0.024265952091676455,0.025798837757675237,0.05380543389232428
79.0,0.014412630623726903,0.019925066819733335,0.017810789200786038,0.03418216761058443,0.05090322400104259,0.02313124094639559,0.04278387258495527,0.06147181280058003,0.02204129732348759,0.06462112263669433,0.029242102062023406,0.024168848702514508,0.016342176387204737,0.01865717307947911,0.020636380305896273,0.0248961326957709,0.05215676235028054
80.0,0.014382019028020786,0.021061243124018362,0.01817792738930765,0.0361541267954345,0.04907748067162665,0.021447263409910135,0.040960952063455514,0.0582429369319922,0.01828748397702444,0.06313454371089221,0.02591532968650002,0.02486213918659138,0.01560486645163537,0.016966739422559607,0.021732132530079395,0.022275903275970014,0.047840021269307566
81.0,0.013238790762087753,0.01927459514373112,0.01772177016860241,0.03647048456078058,0.04796963284047432,0.022057642224980835,0.03938446940815856,0.05784073402528676,0.01643370340340438,0.05969983678098616,0.02394456540951397,0.02127836624439278,0.011751089213648739,0.014399078713383185,0.020386558645052358,0.020544279717379387,0.04889025684686888
82.0,0.01386918484997091,0.02063113473665131,0.019256285749977228,0.0396215256783295,0.05155921740710452,0.023360576996553622,0.04038224586101867,0.0527352949336661,0.01552348727306228,0.05979811819832803,0.023002425665896598,0.020720090405633614,0.013164286381476717,0.014091827023158887,0.01958458845275815,0.02078578302137989,0.051134558896911646
83.0,0.014009852761999661,0.021469692748343466,0.02002196596567187,0.040469619809692235,0.050801224875427285,0.023493026001799183,0.03832061173217577,0.051290701677155444,0.015073227729198318,0.05645640300828513,0.02114456053768713,0.020546788696510505,0.012841660874729531,0.012289096049959036,0.020283236734923514,0.020697435772888417,0.04928172887932786
84.0,0.017546644253426016,0.023083309861451094,0.021719585215754594,0.04190469437748538,0.05034390304501611,0.023825685032999304,0.03964363364436645,0.04966836889962209,0.018427286564039552,0.05733220789178565,0.021262599722985397,0.020652772872509224,0.013089357880446125,0.012529175168196785,0.018998206202371234,0.02425348122632674,0.04646300038223494
85.0,0.017207558629832396,0.022659545463291332,0.023029969569992145,0.03993566959835012,0.04718147805055039,0.024974407928101308,0.03762063853134096,0.047955895603061,0.01666904173344525,0.05851094024172311,0.02282635531450246,0.022155209872906534,0.014679741566797659,0.012157501005295158,0.02077274413979299,0.025154144209631073,0.04405248928417956
86.0,0.018048676639915513,0.023093759641256435,0.023556569125165558,0.039679354996795535,0.04575081490621979,0.025266944693495816,0.03880591995220651,0.04579864516635438,0.01683580108183175,0.06488857362729063,0.021448954797902237,0.020856370744930148,0.014777522055382969,0.01186267294673498,0.021089963596439578,0.025539463731550135,0.04342455682121082
87.0,0.018088758891052385,0.023387297855796456,0.023717820042026574,0.039854630133048116,0.04527523834731418,0.025447130124698018,0.038816620284556735,0.04644399938886577,0.017141606753635134,0.06924982399661864,0.021617684950881736,0.021033204881590502,0.014978671586801514,0.012075177340193694,0.021436958599681696,0.027472304916543535,0.04347572659904064
88.0,0.017966965361895387,0.022664898880551104,0.02296883121999565,0.038517273897885305,0.04320270973635587,0.02437205698327515,0.03712949430277917,0.04361084666918943,0.0165115588137801,0.06969553128910935,0.021020763516023628,0.020527316004173537,0.014793856444714268,0.011914782000915688,0.020560219973912768,0.026445983739390465,0.04305569339991473
89.0,0.017837757903586715,0.02254492556565993,0.02260034869320161,0.038705472476488215,0.044813612289878284,0.025622864637047167,0.03386205892750644,0.04132113518429792,0.01651438810663336,0.07434280970415375,0.020834143981796702,0.02037702229252458,0.014686671451557488,0.01204094665856232,0.018849446841870288,0.024769823487687095,0.04194152470465705
90.0,0.01726998568307612,0.022008800736929384,0.022028663847182522,0.03719328324285523,0.044607228761145035,0.024896002127713975,0.03023523679093897,0.03787257438900856,0.01645985536741078,0.0751977485009046,0.020728740077538346,0.020093660969098738,0.014648936783137417,0.011880528545756202,0.016775455116701827,0.024159743239145628,0.04003265628098228
91.0,0.01696110466548784,0.021669076916687163,0.021630567958909355,0.03669556959754558,0.0426170836781223,0.025313480500677322,0.02818206325542562,0.03492556201718491,0.015197191515890541,0.0802134724616194,0.0203391146987867,0.01973090593166614,0.014166077194811258,0.011454167668442043,0.01572756779679542,0.022397232072841056,0.035826937553195104
92.0,0.01670211234802391,0.020804411859773872,0.02067635387009626,0.0355955003127119,0.0424367037737927,0.02478436308073021,0.02731078838700419,0.03164044019935155,0.015205485087335928,0.0826743949145862,0.019577897544798824,0.019014607461056657,0.01384862310465895,0.011809199856765139,0.015273531700652813,0.02327374286733109,0.032541750730725086
93.0,0.01667158101661322,0.01974940569102623,0.019611771278305903,0.034526895344396444,0.04000270757556994,0.02420368721490023,0.026480421706253813,0.0284540727808927,0.013999268562966193,0.08377723969912117,0.018617873206902436,0.01817401047934387,0.01395914328197311,0.011927087917750104,0.014272336944602691,0.022317329632299234,0.03176662898846189
94.0,0.016115176985884883,0.019490309039719454,0.01928991407451504,0.034514967615355566,0.040849953549257315,0.022690222711483583,0.024594242495289208,0.027214270531805564,0.013377017549976564,0.0858233916612841,0.018506551517764713,0.017990740968997075,0.01383381015100037,0.011758746088462153,0.013806875868301236,0.021738945389302433,0.030321029408469907
95.0,0.016144123573144754,0.019660514176330267,0.019316405769596257,0.03444718335374295,0.042188900689240964,0.022843925902874578,0.021836740981600176,0.027850684175701728,0.013646205090202123,0.08597378137196346,0.0187100243161057,0.018247188627170584,0.01411863276356293,0.012214692637438853,0.014318907082165641,0.020861881517942594,0.031640564289160275
96.0,0.016236835711874214,0.020745726936014838,0.020364930791818177,0.03374535675018729,0.03893687813751892,0.023965475698386824,0.020241376773041178,0.027852023020674167,0.014938317938327634,0.0896666898410969,0.019907186177574865,0.018091647681948084,0.014045938863693092,0.013402182403964078,0.015672381613152958,0.0190874324698476,0.029851647988360163
97.0,0.016114822767099003,0.01936813963890497,0.018963442144135645,0.032354987931193346,0.03834444671453459,0.023750983897954655,0.02012507328828311,0.027655314911467454,0.014780379786500097,0.08824580172602252,0.019739969474902475,0.017989383150530704,0.01397055611844352,0.013224820495937326,0.015490981707384348,0.019051896512466686,0.029510960361021087
98.0,0.01637657484195164,0.019356950686483597,0.01892685453623261,0.03275972258298733,0.03875192460606755,0.022120704618580476,0.02009504134141629,0.027483137950411445,0.01493493571807631,0.09004672269997703,0.01846863015958223,0.01666829850013354,0.014121409404982334,0.01300618038133313,0.015271072910955202,0.018821982787247026,0.027691959984742685
99.0,0.01663950491574647,0.018454949424099854,0.018998189451265916,0.03388352717980956,0.03816936525515826,0.02254954079343212,0.019226839051153605,0.028158339057599784,0.01511827137604408,0.0920465961702033,0.017822037354588396,0.017012520199227155,0.014398607706835131,0.013073980587953124,0.015453430891707073,0.019136238733780887,0.028306586515109942
100.0,0.01516386647670614,0.017993209009592618,0.01846332111194169,0.0318794582224044,0.03545259099132114,0.020624282126182225,0.018720424617170595,0.02578376285953001,0.01485777686252469,0.08991310672363408,0.017461785134349768,0.016641872326067293,0.014158655458294866,0.012770012051447944,0.014922893196733298,0.018463478961054373,0.02733366745417843
101.0,0.015075572418272934,0.016186948122628955,0.017332529738295174,0.028136714413352665,0.034722098126644965,0.020934928051627357,0.017699926537428,0.024418458498149852,0.014870227640846504,0.09155143229569425,0.01770982168907557,0.01557336112825496,0.0143095436277976,0.012862708391077811,0.013640955324667418,0.01884279265938075,0.027561481537222356
102.0,0.015249850293122836,0.01629756227009645,0.017362762640439847,0.02860860576717846,0.037577419109355935,0.021004832584409005,0.018264769310730088,0.023357415525801326,0.017320827423172654,0.09114159202856807,0.018090581705335312,0.016825409509515964,0.014360361889074115,0.012724653677793416,0.013410276146119443,0.020156368894049894,0.025764932509004183
103.0,0.014586473068275985,0.014997435641706181,0.016027336824847346,0.02538892007835693,0.03308183286776058,0.019811544998622126,0.014769489594794866,0.02148335491191975,0.016805854680387314,0.09132874515003486,0.017226411745897553,0.01572679968189803,0.013138909440639402,0.011876943647035709,0.012538860299787378,0.01847879411628582,0.01883552352452388
104.0,0.01839037661744419,0.016722641649871542,0.01784689421064192,0.025321076604354887,0.03434909320263436,0.0219359662562231,0.016285077993979605,0.023233665564309045,0.0180368119164364,0.09053614775477772,0.018437956953598136,0.01755130532528461,0.013858962204732919,0.013206174125149413,0.012751919612271926,0.020923281930127498,0.023510535960783986
105.0,0.015668091004852808,0.015408484654572159,0.016527846696283578,0.024451668918160904,0.03198787812248474,0.02194867318680467,0.014028064672320342,0.022923814366965195,0.015522934945530724,0.09330216210775646,0.017075459266502786,0.016189806126423626,0.013761927812540833,0.012000112638197854,0.012742977501625412,0.018272554372108132,0.022334799473661987
106.0,0.015604760043127967,0.01566376380591814,0.015450113131382155,0.02555042030155912,0.031771084405320636,0.022150902051055004,0.01288792647075862,0.021488808849384727,0.017009772847970304,0.09459209513567958,0.015620575137001153,0.014753512403384236,0.012226537015465415,0.012065607421686502,0.011286262971924844,0.01711220414783545,0.023061935937095275
107.0,0.01562799576398984,0.015444556058790564,0.015348133372544497,0.025478856616504928,0.031576865452494496,0.02183743792138878,0.012774120376110486,0.02191207589299511,0.01832046206475788,0.09122554704664021,0.01542120337240786,0.01456409825713621,0.012054197027243866,0.012062010706936833,0.011179989215270419,0.01712517088318184,0.022872205733397512
108.0,0.01616377621590845,0.01568533638602675,0.015736898481508964,0.025852932403348215,0.03134687589760288,0.023067168432407918,0.012749874764437594,0.022848285871193745,0.018205614679464122,0.08904070674070455,0.015438093701060245,0.014573945769098763,0.012080889513903684,0.012440350686863952,0.011621583003987107,0.015959800056266914,0.023285440093138758
109.0,0.016592520428785014,0.016105079156023706,0.016137931079767798,0.02652354776401906,0.033118678015069895,0.02423874501254149,0.013185127231435743,0.02415251536728751,0.019057096511200213,0.09262084867042442,0.01586595120870242,0.01493451157270981,0.01226209875239278,0.012864622207295463,0.01209367519499394,0.016581880885063335,0.022988881988212598
110.0,0.01629683650333469,0.016177586454340632,0.016289611150406585,0.026656194213167003,0.030233553754531642,0.022951682034756633,0.013359144324894932,0.024776958234360675,0.019312799859196917,0.09030225633559273,0.016186255823473047,0.016658397698557707,0.012581044658673983,0.01576257464011089,0.012506711280219143,0.019006341430281373,0.023016652916380304
111.0,0.01721015205819335,0.016725181066077593,0.016862448105067263,0.027583077133650654,0.030225229456922492,0.02399044675015744,0.013479579938514126,0.02525642817117294,0.019839145335218467,0.09093646063378595,0.01483157802297307,0.015347461713216484,0.010961218291523387,0.016403184763845724,0.013030976356423703,0.01961584766048415,0.021716812235003144
112.0,0.018268693672240422,0.01671944861896311,0.016950110095647074,0.027496332067479947,0.029563650632962974,0.021768654389154363,0.013362618256215293,0.025206019883456787,0.019449365729915537,0.08667206426243407,0.014728305222308459,0.015205654328424368,0.010994860643598996,0.01615990802813125,0.013050025830253043,0.019191349038960723,0.02130575162188871
113.0,0.018699726769557962,0.017317541224021512,0.01765486031149,0.02788934854259562,0.028773812314971916,0.02219915579928569,0.012757555500679972,0.02216030093270823,0.019728958116339596,0.08362520559772196,0.01499984531961243,0.01553804242002244,0.01090616936671453,0.016065255741920838,0.01314972726622922,0.01800929048205369,0.022190075240425093
114.0,0.018754856111329852,0.016907588799476674,0.017313783648241977,0.027713543648788464,0.027945328396764925,0.021403317363609186,0.012641748778933325,0.022128456281946166,0.019193878656159884,0.08097436302827855,0.014515105331842805,0.015063673422296283,0.010557960335420882,0.015419440341317951,0.01239776915423172,0.017463936374639947,0.02318895202629282
115.0,0.018855304200860176,0.01710600301820594,0.017582783283413773,0.027917031905828473,0.026655860328382044,0.020201141949501723,0.012777893845010043,0.02281354637132159,0.0196838028161049,0.08048998724702996,0.014728606450893163,0.015226501417967163,0.01061308204216247,0.01560171668283109,0.012707294010246666,0.01764485364159086,0.023654148027671795
116.0,0.01909206707205088,0.01716801179174557,0.017720160594962966,0.029727044039650683,0.022757406150979993,0.020345071556760654,0.012621047524480806,0.0233509726509615,0.019778877740669297,0.0792590938622597,0.014754291450029607,0.015232159088422426,0.010486387517410224,0.015543642290069375,0.012484264778886938,0.017533294115010863,0.023946962921106676
117.0,0.019062813814148538,0.013893069219079126,0.01446704665660734,0.02974501309827197,0.022791894659151647,0.017011088937473866,0.012597161509181241,0.023208438594361783,0.018344111786630212,0.07434419693886264,0.012970943511121541,0.015291659793576308,0.010300417220757458,0.013968342543957709,0.010468835887456755,0.017789648908969894,0.024576295546533376
118.0,0.019040743975531134,0.013972556083925784,0.014502731983390013,0.029569872535550226,0.022857146503770073,0.017011502801443732,0.012460989898466744,0.023088924350852823,0.01830163336716206,0.07257805976906623,0.012830302432765782,0.015144975197981915,0.010153732625163071,0.013988160526366363,0.010257779076286428,0.017576449170360595,0.02449632770232147
119.0,0.01897830024614479,0.013828019357503621,0.014373956403980034,0.02898275945818634,0.021722451187643228,0.017307742496378956,0.0121790689968005,0.022566099413356577,0.01834796141481512,0.07198259412639375,0.012500309823955686,0.015028115409172302,0.009740589355716377,0.014478651529508786,0.010478744844247228,0.017915330014460617,0.02509773589066554
120.0,0.02024193540198242,0.013699738644688169,0.01422194888948875,0.029598251101371563,0.021195596555967817,0.018914333379629496,0.01214097756714527,0.023277173465224288,0.018017184716280988,0.06947500209820814,0.012452855420349296,0.014931066400958553,0.009896422028320083,0.014256028650913436,0.012423465075363028,0.017519497159878307,0.026275171371343806
121.0,0.020785459198661888,0.014072843628434285,0.0146612195787208,0.03052941907184327,0.02226588209022313,0.01977843338417416,0.01237911359101156,0.02517961003780558,0.01875335525260749,0.07190150036452274,0.012727345828861092,0.015475266024223267,0.010038795574895343,0.014871515723620264,0.013068295750307726,0.018508077528928416,0.02580688938833206
122.0,0.021037191271311845,0.01414302630853222,0.014778212704237507,0.03079964542469526,0.022288620529728815,0.019951170627638636,0.012530905405698142,0.02513819817605908,0.018877992813103272,0.07079052380017213,0.012760763348760562,0.015496291436953446,0.010085225055145745,0.015127777938742521,0.013332984226987525,0.01857297396424925,0.02580743822955769
123.0,0.02117465167590587,0.014095547434116286,0.014795022165996258,0.030498923658842002,0.015401619973286092,0.018272110673435062,0.011623017088801493,0.023622540412384964,0.015165977672623307,0.07232895025038145,0.010464156820166673,0.013331518426514545,0.0095407133303932,0.015292834281778345,0.013484687885663576,0.016419685870916172,0.026345879125163774
124.0,0.021827204242601057,0.014384469953106565,0.015113517774796895,0.030652523685371417,0.01575398781604984,0.020690261738735404,0.0118197254869097,0.024080434558700164,0.015594214366244943,0.07574995060819348,0.010730117761051539,0.013761004514285488,0.009874953058965118,0.015668396950063827,0.013687638258111607,0.016823561393200095,0.027083767926108827
125.0,0.016421676467241814,0.010912197833554961,0.011560651271863674,0.029973054845517502,0.013774534622722419,0.020509497968240878,0.009751361884167772,0.022606558973297754,0.014291954240381884,0.07682949217035862,0.009307542168044167,0.011591728972177006,0.009360344450146477,0.014359581127971534,0.012744150130926475,0.013668939957324572,0.019632240604690706
126.0,0.01672056614206674,0.01087469305074633,0.01159744172872601,0.029566815711499776,0.013966649545411991,0.02105600125247218,0.009747081370854472,0.024424241901331436,0.014533624445993338,0.07260107423357522,0.009421087505527191,0.011879000900478555,0.009507357922777534,0.014679988560107781,0.012813807587838214,0.013650315742270215,0.02076112326308097
127.0,0.016834416222667303,0.010887940202428326,0.011543658153773423,0.027461212088997728,0.013959827771284202,0.019307660172313487,0.009782487664617121,0.02638281190185809,0.012587134500139015,0.06888636323395182,0.009436394735744624,0.012061304009340997,0.009634184002921825,0.015102496700375577,0.013318197778986034,0.013913604421606806,0.021272915698710863
128.0,0.017180781420604287,0.01142036755070538,0.011870674289102434,0.02832604706246631,0.014574503906695062,0.020144026719158895,0.00980567870116465,0.027120146371094594,0.010401184194760533,0.06426142044351783,0.009767807567809796,0.012522573983175985,0.009976332152660826,0.01543241595730412,0.013774031818778072,0.014850642984271582,0.02216475996780733
129.0,0.016729074845305277,0.010520344252143892,0.010792870426670998,0.028440999651647366,0.014948768061195859,0.01837561694828467,0.010456114688698228,0.026091840390735154,0.010305052098242451,0.06231455539202842,0.010830685636051066,0.012593568919431804,0.009808083030483217,0.014763235863757999,0.013059380354886392,0.014235746861367679,0.02462325786315568
130.0,0.01660813715478459,0.010363059791767626,0.010596103340427699,0.028877544217928163,0.014745139760565724,0.018456280121889896,0.010424078949389017,0.02586330284313255,0.01036015293359602,0.05911225478692443,0.010969558053569582,0.012636188061140651,0.00988759602502582,0.014746096678490694,0.013133793003811688,0.014293095682410458,0.02466234184026393
131.0,0.01775864043392383,0.010166872273797438,0.010440921036586217,0.02899981478292672,0.014130323552820087,0.018981255522903858,0.010089684211153334,0.02659758691332489,0.009766441476750183,0.0560591587859207,0.010543092626674244,0.009483821139891194,0.009483821899783019,0.008862371311219122,0.013079522863265712,0.009649616913186219,0.025839864819385557
132.0,0.017786657852837267,0.010098441995688759,0.010345511300178845,0.0288898212161719,0.013625908388487417,0.0190503513293748,0.00994780494337962,0.026640610054195536,0.00980912375734304,0.05442596847600944,0.01046238192935204,0.00939672159922164,0.00939672237651557,0.008791143745840722,0.013012712262433609,0.009596417873043706,0.0262261996390273
133.0,0.015199512329263344,0.010063655331931562,0.010054118472411607,0.030485712322293544,0.01477479608200495,0.02430410301985159,0.010177424180440106,0.031278016669784185,0.009873305535605266,0.05532720506365843,0.010913949124385617,0.009675032907066996,0.009675033808177658,0.009113143212167746,0.013607442710017783,0.010136919121632167,0.029135790020317884
134.0,0.01560386282308924,0.010177560670596513,0.01008336427978259,0.03154968432535676,0.015176572761103565,0.024993101575350136,0.010485891049303671,0.032726072997089024,0.010097701796170441,0.057517430385891175,0.011214402367757366,0.009918128918155475,0.009918129860984223,0.00931695229094674,0.014129252048003464,0.010388125233256738,0.030223452551192815
135.0,0.01573141731327456,0.01078209983301247,0.010502166316795018,0.03275591904237063,0.016726649113923086,0.028448138551702036,0.010650398266249597,0.03584226485684793,0.010832537855791583,0.06160975790002793,0.012207065262408478,0.010678480145221424,0.010678481228471473,0.01008321087429863,0.016319581605937966,0.011295129401819133,0.029433899803407423
136.0,0.016325532489249357,0.010473198571146662,0.010061477193057007,0.033574991753135636,0.013059419514007608,0.030250375692119517,0.010627390717066709,0.0360602402019795,0.010339377176196075,0.061398060435896434,0.01231442240365537,0.010784030325981403,0.010784031523928516,0.010075065179054642,0.01670138896509945,0.011552737492402437,0.030984747210152448
137.0,0.016108379415814247,0.01053390606039171,0.01026906517149291,0.02954580210076328,0.012955229274572714,0.032076007678327585,0.011170087764083321,0.03258567323504724,0.010553767492122612,0.06850620085034413,0.01283387790548483,0.011104085400960384,0.011104087947433875,0.01023182556164145,0.01713521402653542,0.011966662759946246,0.028373204027319864
138.0,0.016210185124315532,0.010849072844641443,0.010477629083336585,0.03227458196261245,0.016332468056998874,0.031910122348744276,0.014695686787083394,0.03846726875941991,0.012088907435269943,0.06887424108126479,0.012822272849115354,0.011084270940835,0.0110842719890988,0.009896596240238803,0.01713521402653542,0.012068721241929349,0.02805574145796185
139.0,0.017687164621881277,0.011316038653528562,0.010893780858862265,0.034505563968211896,0.01751728799285563,0.03561083224810916,0.015935434504426145,0.041966116849584165,0.013142790841740928,0.07024608958537311,0.014125071245103732,0.012144563500262206,0.01214456470268245,0.010694101186495846,0.018997221588424318,0.01318565633549383,0.03129029463187925
140.0,0.017550597239593683,0.011645363152062896,0.011154554998640577,0.04151643624370904,0.021543862614771606,0.03656616872022328,0.019681322242323097,0.04420094262521007,0.013640750122580545,0.07203551899603723,0.014597643306709191,0.012594621483116738,0.012594624194870757,0.01079869657399682,0.019358503036603057,0.013277377882490332,0.03230776165416284
141.0,0.011945465164333844,0.012033074650617374,0.011203475866249398,0.03871358811906068,0.025630464948889087,0.036539340507051626,0.02276997264863037,0.04887600950939988,0.015008912218140116,0.08312532152997461,0.016210460380053315,0.013218715055334972,0.013218718652559693,0.011848092856095274,0.013387384019616254,0.014908781171337683,0.03080727177688966
142.0,0.012556883153436308,0.014684815028589742,0.018234844449104826,0.03979892401301246,0.02888477616003836,0.038408367248631496,0.024560980811094688,0.0501408216011797,0.015760789942848935,0.07920826809894907,0.01700352723163681,0.013824717395004993,0.013824721226831326,0.01210864846148218,0.01371096001879395,0.015128616699262229,0.039320251203660804
143.0,0.011869915651279421,0.015075796691622815,0.01897459139157974,0.04168195227847735,0.03116974636540898,0.04112672539549211,0.026142493055436818,0.05470969003373061,0.015891577952230777,0.08738558289734501,0.017695122990996383,0.014157304518751614,0.014157309273900189,0.011395389328762686,0.013193104734527113,0.01504526604902953,0.042400633755150775
144.0,0.01224206840142727,0.01561846121775663,0.019780771330336,0.04265428562412568,0.032609961640340246,0.043196033067994265,0.027139462522366032,0.05822901280973541,0.01639741233187122,0.09116895591346383,0.018371844963029554,0.01464314410662865,0.014643149665088296,0.011700580675295743,0.013869674208092602,0.015816818154107966,0.044035179524216525
145.0,0.011239866227228935,0.014794289593229601,0.019338193399056285,0.04350564692445086,0.033448270976638994,0.033485484804256026,0.027759711189445917,0.05959672718561041,0.015994486228794614,0.08071954886397718,0.018335975771434657,0.013804828854435043,0.013804834876099658,0.010604880360318885,0.012954731687515488,0.015064137629032128,0.04569173230866664
146.0,0.011091243640516354,0.013987848718322638,0.01907083012156622,0.04486304956074469,0.03358770578162546,0.02080782783936672,0.028929747093718285,0.05857785633986648,0.015395952859992542,0.07356739875538441,0.016496343353362267,0.011596474111078618,0.011596483448690357,0.008874380484794633,0.011242510418209138,0.013871157959154048,0.0483972514410253
147.0,0.01135435809098278,0.014792174369802801,0.02000297794720152,0.046167400119827305,0.03634419320751985,0.02150387488631243,0.043193275772750936,0.06705344748017011,0.028165264857051453,0.08743810901199014,0.01645035581546558,0.01108451402278476,0.011084523912721947,0.009656807790300776,0.023835787334458396,0.01433799825471107,0.052958508923853884
148.0,0.011280057357967992,0.015255341955786202,0.021036337237762527,0.04809560022521797,0.03838039579873353,0.022759211051955597,0.04583599161953914,0.05987843417706278,0.028874663439760216,0.09207691028898149,0.017322619087795355,0.011069593375015162,0.011069603903012815,0.008822582848505038,0.022938818433451125,0.01474646857354859,0.04195976155690853
149.0,0.010132421770471951,0.01572689617608342,0.022949664061883795,0.05247715694424118,0.04217055796913998,0.025928237655000016,0.05353843613460889,0.0661288110316428,0.03217965993285071,0.10818006742115492,0.01902671210083525,0.011508508860121471,0.011508517461822233,0.009311488643193576,0.02574461783211164,0.012194695371398665,0.04847155762186464
150.0,0.01087232517368046,0.015908241948091085,0.023817038380189382,0.05540753562826195,0.042801281804643335,0.02613203788557295,0.05061383807605977,0.07519255036063836,0.033400353165396385,0.11187725141552582,0.011800913444060148,0.011617460674528951,0.011617472408057194,0.01040082450881181,0.026360724776537746,0.013340807791144861,0.03543738600703725
151.0,0.01448351810821283,0.020127887219277524,0.028571274477826106,0.058973739761763594,0.049474736810546836,0.029708882033927533,0.05916844381530448,0.09230175733016943,0.039776948770876966,0.1295615018829842,0.013042211473328265,0.01279651540853451,0.01279652874208933,0.011111000915122245,0.03225655420379146,0.01438482310654925,0.03838553075113513
152.0,0.014453218164425316,0.02055812145582094,0.029467374252405948,0.06054827890961553,0.05112151656441693,0.03063462234726565,0.06133727028629696,0.0962081107528524,0.041022453839388864,0.13567991875395796,0.012908064721130668,0.012650668843727684,0.012650682812213685,0.010658654307495392,0.03330361223950405,0.014580846328107447,0.0397244448129117
153.0,0.014740324237042402,0.02137235506926327,0.030849246543993014,0.06279006032754708,0.05348836009602137,0.032166353464628934,0.06419463146331016,0.1000096221936135,0.04278713098492122,0.14142797513346478,0.013382589232640888,0.013112323561367753,0.013112338228278056,0.011191587022870162,0.034968792851479254,0.015309888644512822,0.04155843044683538
154.0,0.016221124645422247,0.02129020745359922,0.03193955705800008,0.06914579666646598,0.05226619292627802,0.013249185395534636,0.0697368945125957,0.08839402782139544,0.04643555973566756,0.14559055270572444,0.012763716154297673,0.012508311938336682,0.012508328234903686,0.011310183661666032,0.03829175776421542,0.015319642846497407,0.0438025516499347
155.0,0.01613203510131568,0.021151594321559535,0.03137109442642904,0.06628896356322687,0.04998526502993013,0.013013449828808187,0.07425256973127736,0.08560514931138508,0.0441639582776251,0.16088956023012063,0.015749351226497794,0.015469322339328602,0.015469337778181552,0.011176500817774774,0.03719124831495338,0.015906620136744442,0.05893612362755407
156.0,0.016290966844295394,0.022149995637989188,0.032727934274440894,0.06851684591004366,0.0527367933550386,0.013185559882348489,0.07805963325487812,0.08980631935242747,0.046299424017512095,0.16900091438938702,0.016136420020005884,0.015840833972438403,0.015840850269005405,0.011797417529873372,0.038159470175704674,0.016239461874058978,0.061659493336580246
157.0,0.016290966844295394,0.022149995637989188,0.032727934274440894,0.06851684591004366,0.0527367933550386,0.013185559882348489,0.07805963325487812,0.08980631935242747,0.046299424017512095,0.16900091438938702,0.016136420020005884,0.015840833972438403,0.015840850269005405,0.011797417529873372,0.038159470175704674,0.016239461874058978,0.061659493336580246
158.0,0.017086132458645667,0.020533613819142805,0.030486743625737164,0.06492427299407334,0.05012658156581568,0.012886160448501204,0.07398142834226493,0.08637285433378346,0.043287860925099564,0.14041274555302408,0.015966454703697907,0.015759374947534883,0.01575938077102568,0.010661710249743965,0.03695472135250335,0.014358638847750758,0.05853167586141415
159.0,0.01809074010762697,0.022332528323844334,0.035751026015842464,0.061443382078637795,0.044008013873042366,0.01567040184859583,0.07301642646699348,0.07503752819819878,0.04508035742326429,0.14693325831246132,0.018787002239726333,0.01862692041597192,0.018626935583083967,0.012200696877330964,0.0468093137131709,0.016896587549355545,0.07329759666477331
160.0,0.01809074010762697,0.022332528323844334,0.035751026015842464,0.061443382078637795,0.044008013873042366,0.01567040184859583,0.07301642646699348,0.07503752819819878,0.04508035742326429,0.14693325831246132,0.018787002239726333,0.01862692041597192,0.018626935583083967,0.012200696877330964,0.0468093137131709,0.016896587549355545,0.07329759666477331
161.0,0.019382935829600326,0.021901893270739697,0.03692143324076471,0.03482208247629968,0.028795994687356514,0.016789716266352676,0.061360584189705136,0.07901411415043218,0.04655650809334383,0.12786955346503168,0.01863263731062158,0.018141256205476554,0.01814126570599412,0.011688937735216667,0.05015283612125454,0.018103486660023798,0.07812011409839954
162.0,0.019382935829600326,0.021901893270739697,0.03692143324076471,0.03482208247629968,0.028795994687356514,0.016789716266352676,0.061360584189705136,0.07901411415043218,0.04655650809334383,0.12786955346503168,0.01863263731062158,0.018141256205476554,0.01814126570599412,0.011688937735216667,0.05015283612125454,0.018103486660023798,0.07812011409839954
163.0,0.0195313832009083,0.015328705388974767,0.015643931104776885,0.03749997409401776,0.0217513196540873,0.017348711816186992,0.06443717311537095,0.08509212293123466,0.04890767033050065,0.13730953985972855,0.01889421790422521,0.01833655606590478,0.018336566297231394,0.011855565705732835,0.05256005218817291,0.018763541470909743,0.05924889806522909
164.0,0.021637834180523303,0.01644999894326866,0.016494027646288077,0.03820931083188747,0.02295885574379697,0.017922859294600777,0.0742099636097505,0.09534570834484386,0.05683197294583602,0.12130941430319776,0.020473480858375834,0.019746432606577248,0.019746442998410496,0.012296666083928275,0.06040196829044837,0.020460637442773714,0.06848244141953219
165.0,0.023651649285602743,0.017832451896913196,0.0177870007936028,0.039610249511727744,0.025233192964889163,0.018781358766127226,0.08138036988025218,0.10209685835965569,0.062264322037967425,0.1326423395523695,0.022255373852607355,0.021492496197505425,0.021492507628522,0.013526332692321102,0.0664421651194932,0.022506701187051083,0.07514344412820838
166.0,0.023651649285602743,0.017832451896913196,0.0177870007936028,0.039610249511727744,0.025233192964889163,0.018781358766127226,0.08138036988025218,0.10209685835965569,0.062264322037967425,0.1326423395523695,0.022255373852607355,0.021492496197505425,0.021492507628522,0.013526332692321102,0.0664421651194932,0.022506701187051083,0.07514344412820838
167.0,0.020071614225122415,0.015415129856645556,0.015005123112282782,0.03845814360105401,0.026376748990712875,0.018826117594046416,0.08673456310465051,0.10838376937157643,0.06487687791194348,0.13967623177260832,0.022936608109663234,0.021928792915349323,0.021928795465227593,0.012987199734261833,0.06777487413028395,0.018957691983126038,0.07943428502855221
168.0,0.023476292132992172,0.015572833564528854,0.014534452473413954,0.03780027815038013,0.016495044166902395,0.016426753474863054,0.04154368607061799,0.0735981672960495,0.01910686499809314,0.10647259524532349,0.026089302883688253,0.026286028582416594,0.02628602925701154,0.011488207475306466,0.02476201620121436,0.019164554652417582,0.06211471246405696
169.0,0.03246490589102992,0.018977510084489977,0.015536319230886105,0.04404139804220147,0.01809050356972746,0.01748974914474218,0.051410104942098224,0.09937343450027891,0.021636601517894063,0.14113096990474713,0.030550734888191756,0.03082615086641144,0.030826151810844367,0.012419490751238669,0.03283482282460491,0.01947896478744281,0.08145159582228985
170.0,0.03246490589102992,0.018977510084489977,0.015536319230886105,0.04404139804220147,0.01809050356972746,0.01748974914474218,0.051410104942098224,0.09937343450027891,0.021636601517894063,0.14113096990474713,0.030550734888191756,0.03082615086641144,0.030826151810844367,0.012419490751238669,0.03283482282460491,0.01947896478744281,0.08145159582228985
171.0,0.0357446101625844,0.020400990901006732,0.017083605973794484,0.04023672578690767,0.01960506547917378,0.021862186430927723,0.06203406175938391,0.0656004797160929,0.023682420226698263,0.17220941236572834,0.03658669935096799,0.0367523894810181,0.03675236800790475,0.011043886439732756,0.04104352853075614,0.017648691148374692,0.0960006567027866
172.0,0.017473175972698995,0.007307312055394256,0.00870838141695719,0.021123201790929136,0.008394565024540503,0.00868273368652254,0.05417824424740256,0.02325228030732525,0.0030425589412231215,0.1683562913345791,0.03409253583103833,0.03431345600443847,0.03431342737362067,0.0029234032092440494,0.017382498796304397,0.008824070453730357,0.11736632646383334
173.0,0.017473175972698995,0.007307312055394256,0.00870838141695719,0.021123201790929136,0.008394565024540503,0.00868273368652254,0.05417824424740256,0.02325228030732525,0.0030425589412231215,0.1683562913345791,0.03409253583103833,0.03431345600443847,0.03431342737362067,0.0029234032092440494,0.017382498796304397,0.008824070453730357,0.11736632646383334
174.0,0.017473175972698995,0.007307312055394256,0.00870838141695719,0.021123201790929136,0.008394565024540503,0.00868273368652254,0.05417824424740256,0.02325228030732525,0.0030425589412231215,0.1683562913345791,0.03409253583103833,0.03431345600443847,0.03431342737362067,0.0029234032092440494,0.017382498796304397,0.008824070453730357,0.11736632646383334
175.0,0.017473175972698995,0.007307312055394256,0.00870838141695719,0.021123201790929136,0.008394565024540503,0.00868273368652254,0.05417824424740256,0.02325228030732525,0.0030425589412231215,0.1683562913345791,0.03409253583103833,0.03431345600443847,0.03431342737362067,0.0029234032092440494,0.017382498796304397,0.008824070453730357,0.11736632646383334
176.0,0.018945552305349743,0.0016326891106687648,0.0024931885963606036,0.024251818833932053,0.00812756608897679,0.008638995715917735,0.0035000045373302646,0.01717575239538844,0.002926272395404245,0.03439858916724227,0.016393412483507532,0.017086429228066143,0.017086386281839443,0.0,0.01738270908033832,0.0,0.010379280083398746
177.0,0.018945552305349743,0.0016326891106687648,0.0024931885963606036,0.024251818833932053,0.00812756608897679,0.008638995715917735,0.0035000045373302646,0.01717575239538844,0.002926272395404245,0.03439858916724227,0.016393412483507532,0.017086429228066143,0.017086386281839443,0.0,0.01738270908033832,0.0,0.010379280083398746
178.0,0.018945552305349743,0.0016326891106687648,0.0024931885963606036,0.024251818833932053,0.00812756608897679,0.008638995715917735,0.0035000045373302646,0.01717575239538844,0.002926272395404245,0.03439858916724227,0.016393412483507532,0.017086429228066143,0.017086386281839443,0.0,0.01738270908033832,0.0,0.010379280083398746
179.0,0.0,0.0,0.0,0.0,0.0,0.0,0.0,0.0,0.0,0.0,0.0,0.0,0.0,0.0,0.0,0.0,0.0
180.0,0.0,0.0,0.0,0.0,0.0,0.0,0.0,0.0,0.0,0.0,0.0,0.0,0.0,0.0,0.0,0.0,0.0
181.0,0.0,0.0,0.0,0.0,0.0,0.0,0.0,0.0,0.0,0.0,0.0,0.0,0.0,0.0,0.0,0.0,0.0
182.0,0.0,0.0,0.0,0.0,0.0,0.0,0.0,0.0,0.0,0.0,0.0,0.0,0.0,0.0,0.0,0.0,0.0
183.0,0.0,0.0,0.0,0.0,0.0,0.0,0.0,0.0,0.0,0.0,0.0,0.0,0.0,0.0,0.0,0.0,0.0
184.0,0.0,0.0,0.0,0.0,0.0,0.0,0.0,0.0,0.0,0.0,0.0,0.0,0.0,0.0,0.0,0.0,0.0
185.0,0.0,0.0,0.0,0.0,0.0,0.0,0.0,0.0,0.0,0.0,0.0,0.0,0.0,0.0,0.0,0.0,0.0
186.0,0.0,0.0,0.0,0.0,0.0,0.0,0.0,0.0,0.0,0.0,0.0,0.0,0.0,0.0,0.0,0.0,0.0
187.0,0.0,0.0,0.0,0.0,0.0,0.0,0.0,0.0,0.0,0.0,0.0,0.0,0.0,0.0,0.0,0.0,0.0
188.0,0.0,0.0,0.0,0.0,0.0,0.0,0.0,0.0,0.0,0.0,0.0,0.0,0.0,0.0,0.0,0.0,0.0
189.0,0.0,0.0,0.0,0.0,0.0,0.0,0.0,0.0,0.0,0.0,0.0,0.0,0.0,0.0,0.0,0.0,0.0
190.0,0.0,0.0,0.0,0.0,0.0,0.0,0.0,0.0,0.0,0.0,0.0,0.0,0.0,0.0,0.0,0.0,0.0
191.0,0.0,0.0,0.0,0.0,0.0,0.0,0.0,0.0,0.0,0.0,0.0,0.0,0.0,0.0,0.0,0.0,0.0
192.0,0.0,0.0,0.0,0.0,0.0,0.0,0.0,0.0,0.0,0.0,0.0,0.0,0.0,0.0,0.0,0.0,0.0
193.0,0.0,0.0,0.0,0.0,0.0,0.0,0.0,0.0,0.0,0.0,0.0,0.0,0.0,0.0,0.0,0.0,0.0
194.0,0.0,0.0,0.0,0.0,0.0,0.0,0.0,0.0,0.0,0.0,0.0,0.0,0.0,0.0,0.0,0.0,0.0
195.0,0.0,0.0,0.0,0.0,0.0,0.0,0.0,0.0,0.0,0.0,0.0,0.0,0.0,0.0,0.0,0.0,0.0
196.0,0.0,0.0,0.0,0.0,0.0,0.0,0.0,0.0,0.0,0.0,0.0,0.0,0.0,0.0,0.0,0.0,0.0
197.0,0.0,0.0,0.0,0.0,0.0,0.0,0.0,0.0,0.0,0.0,0.0,0.0,0.0,0.0,0.0,0.0,0.0
198.0,0.0,0.0,0.0,0.0,0.0,0.0,0.0,0.0,0.0,0.0,0.0,0.0,0.0,0.0,0.0,0.0,0.0
199.0,0.0,0.0,0.0,0.0,0.0,0.0,0.0,0.0,0.0,0.0,0.0,0.0,0.0,0.0,0.0,0.0,0.0
200.0,0.0,0.0,0.0,0.0,0.0,0.0,0.0,0.0,0.0,0.0,0.0,0.0,0.0,0.0,0.0,0.0,0.0
201.0,0.0,0.0,0.0,0.0,0.0,0.0,0.0,0.0,0.0,0.0,0.0,0.0,0.0,0.0,0.0,0.0,0.0
202.0,0.0,0.0,0.0,0.0,0.0,0.0,0.0,0.0,0.0,0.0,0.0,0.0,0.0,0.0,0.0,0.0,0.0
203.0,0.0,0.0,0.0,0.0,0.0,0.0,0.0,0.0,0.0,0.0,0.0,0.0,0.0,0.0,0.0,0.0,0.0
204.0,0.0,0.0,0.0,0.0,0.0,0.0,0.0,0.0,0.0,0.0,0.0,0.0,0.0,0.0,0.0,0.0,0.0
205.0,0.0,0.0,0.0,0.0,0.0,0.0,0.0,0.0,0.0,0.0,0.0,0.0,0.0,0.0,0.0,0.0,0.0
206.0,0.0,0.0,0.0,0.0,0.0,0.0,0.0,0.0,0.0,0.0,0.0,0.0,0.0,0.0,0.0,0.0,0.0
207.0,0.0,0.0,0.0,0.0,0.0,0.0,0.0,0.0,0.0,0.0,0.0,0.0,0.0,0.0,0.0,0.0,0.0
208.0,0.0,0.0,0.0,0.0,0.0,0.0,0.0,0.0,0.0,0.0,0.0,0.0,0.0,0.0,0.0,0.0,0.0
209.0,0.0,0.0,0.0,0.0,0.0,0.0,0.0,0.0,0.0,0.0,0.0,0.0,0.0,0.0,0.0,0.0,0.0
210.0,0.0,0.0,0.0,0.0,0.0,0.0,0.0,0.0,0.0,0.0,0.0,0.0,0.0,0.0,0.0,0.0,0.0
211.0,0.0,0.0,0.0,0.0,0.0,0.0,0.0,0.0,0.0,0.0,0.0,0.0,0.0,0.0,0.0,0.0,0.0
212.0,0.0,0.0,0.0,0.0,0.0,0.0,0.0,0.0,0.0,0.0,0.0,0.0,0.0,0.0,0.0,0.0,0.0
213.0,0.0,0.0,0.0,0.0,0.0,0.0,0.0,0.0,0.0,0.0,0.0,0.0,0.0,0.0,0.0,0.0,0.0
214.0,0.0,0.0,0.0,0.0,0.0,0.0,0.0,0.0,0.0,0.0,0.0,0.0,0.0,0.0,0.0,0.0,0.0
215.0,0.0,0.0,0.0,0.0,0.0,0.0,0.0,0.0,0.0,0.0,0.0,0.0,0.0,0.0,0.0,0.0,0.0
216.0,0.0,0.0,0.0,0.0,0.0,0.0,0.0,0.0,0.0,0.0,0.0,0.0,0.0,0.0,0.0,0.0,0.0
217.0,0.0,0.0,0.0,0.0,0.0,0.0,0.0,0.0,0.0,0.0,0.0,0.0,0.0,0.0,0.0,0.0,0.0
218.0,0.0,0.0,0.0,0.0,0.0,0.0,0.0,0.0,0.0,0.0,0.0,0.0,0.0,0.0,0.0,0.0,0.0
219.0,0.0,0.0,0.0,0.0,0.0,0.0,0.0,0.0,0.0,0.0,0.0,0.0,0.0,0.0,0.0,0.0,0.0
220.0,0.0,0.0,0.0,0.0,0.0,0.0,0.0,0.0,0.0,0.0,0.0,0.0,0.0,0.0,0.0,0.0,0.0
221.0,0.0,0.0,0.0,0.0,0.0,0.0,0.0,0.0,0.0,0.0,0.0,0.0,0.0,0.0,0.0,0.0,0.0
222.0,0.0,0.0,0.0,0.0,0.0,0.0,0.0,0.0,0.0,0.0,0.0,0.0,0.0,0.0,0.0,0.0,0.0
223.0,0.0,0.0,0.0,0.0,0.0,0.0,0.0,0.0,0.0,0.0,0.0,0.0,0.0,0.0,0.0,0.0,0.0
224.0,0.0,0.0,0.0,0.0,0.0,0.0,0.0,0.0,0.0,0.0,0.0,0.0,0.0,0.0,0.0,0.0,0.0
225.0,0.0,0.0,0.0,0.0,0.0,0.0,0.0,0.0,0.0,0.0,0.0,0.0,0.0,0.0,0.0,0.0,0.0
226.0,0.0,0.0,0.0,0.0,0.0,0.0,0.0,0.0,0.0,0.0,0.0,0.0,0.0,0.0,0.0,0.0,0.0
227.0,0.0,0.0,0.0,0.0,0.0,0.0,0.0,0.0,0.0,0.0,0.0,0.0,0.0,0.0,0.0,0.0,0.0
228.0,0.0,0.0,0.0,0.0,0.0,0.0,0.0,0.0,0.0,0.0,0.0,0.0,0.0,0.0,0.0,0.0,0.0
229.0,0.0,0.0,0.0,0.0,0.0,0.0,0.0,0.0,0.0,0.0,0.0,0.0,0.0,0.0,0.0,0.0,0.0
230.0,0.0,0.0,0.0,0.0,0.0,0.0,0.0,0.0,0.0,0.0,0.0,0.0,0.0,0.0,0.0,0.0,0.0
231.0,0.0,0.0,0.0,0.0,0.0,0.0,0.0,0.0,0.0,0.0,0.0,0.0,0.0,0.0,0.0,0.0,0.0
232.0,0.0,0.0,0.0,0.0,0.0,0.0,0.0,0.0,0.0,0.0,0.0,0.0,0.0,0.0,0.0,0.0,0.0
233.0,0.0,0.0,0.0,0.0,0.0,0.0,0.0,0.0,0.0,0.0,0.0,0.0,0.0,0.0,0.0,0.0,0.0
234.0,0.0,0.0,0.0,0.0,0.0,0.0,0.0,0.0,0.0,0.0,0.0,0.0,0.0,0.0,0.0,0.0,0.0
235.0,0.0,0.0,0.0,0.0,0.0,0.0,0.0,0.0,0.0,0.0,0.0,0.0,0.0,0.0,0.0,0.0,0.0
236.0,0.0,0.0,0.0,0.0,0.0,0.0,0.0,0.0,0.0,0.0,0.0,0.0,0.0,0.0,0.0,0.0,0.0
237.0,0.0,0.0,0.0,0.0,0.0,0.0,0.0,0.0,0.0,0.0,0.0,0.0,0.0,0.0,0.0,0.0,0.0
238.0,0.0,0.0,0.0,0.0,0.0,0.0,0.0,0.0,0.0,0.0,0.0,0.0,0.0,0.0,0.0,0.0,0.0
239.0,0.0,0.0,0.0,0.0,0.0,0.0,0.0,0.0,0.0,0.0,0.0,0.0,0.0,0.0,0.0,0.0,0.0
240.0,0.0,0.0,0.0,0.0,0.0,0.0,0.0,0.0,0.0,0.0,0.0,0.0,0.0,0.0,0.0,0.0,0.0
241.0,0.0,0.0,0.0,0.0,0.0,0.0,0.0,0.0,0.0,0.0,0.0,0.0,0.0,0.0,0.0,0.0,0.0
242.0,0.0,0.0,0.0,0.0,0.0,0.0,0.0,0.0,0.0,0.0,0.0,0.0,0.0,0.0,0.0,0.0,0.0
243.0,0.0,0.0,0.0,0.0,0.0,0.0,0.0,0.0,0.0,0.0,0.0,0.0,0.0,0.0,0.0,0.0,0.0
244.0,0.0,0.0,0.0,0.0,0.0,0.0,0.0,0.0,0.0,0.0,0.0,0.0,0.0,0.0,0.0,0.0,0.0
245.0,0.0,0.0,0.0,0.0,0.0,0.0,0.0,0.0,0.0,0.0,0.0,0.0,0.0,0.0,0.0,0.0,0.0
246.0,0.0,0.0,0.0,0.0,0.0,0.0,0.0,0.0,0.0,0.0,0.0,0.0,0.0,0.0,0.0,0.0,0.0
247.0,0.0,0.0,0.0,0.0,0.0,0.0,0.0,0.0,0.0,0.0,0.0,0.0,0.0,0.0,0.0,0.0,0.0
248.0,0.0,0.0,0.0,0.0,0.0,0.0,0.0,0.0,0.0,0.0,0.0,0.0,0.0,0.0,0.0,0.0,0.0
249.0,0.0,0.0,0.0,0.0,0.0,0.0,0.0,0.0,0.0,0.0,0.0,0.0,0.0,0.0,0.0,0.0,0.0
250.0,0.0,0.0,0.0,0.0,0.0,0.0,0.0,0.0,0.0,0.0,0.0,0.0,0.0,0.0,0.0,0.0,0.0
251.0,0.0,0.0,0.0,0.0,0.0,0.0,0.0,0.0,0.0,0.0,0.0,0.0,0.0,0.0,0.0,0.0,0.0
252.0,0.0,0.0,0.0,0.0,0.0,0.0,0.0,0.0,0.0,0.0,0.0,0.0,0.0,0.0,0.0,0.0,0.0
253.0,0.0,0.0,0.0,0.0,0.0,0.0,0.0,0.0,0.0,0.0,0.0,0.0,0.0,0.0,0.0,0.0,0.0
254.0,0.0,0.0,0.0,0.0,0.0,0.0,0.0,0.0,0.0,0.0,0.0,0.0,0.0,0.0,0.0,0.0,0.0
255.0,0.0,0.0,0.0,0.0,0.0,0.0,0.0,0.0,0.0,0.0,0.0,0.0,0.0,0.0,0.0,0.0,0.0
256.0,0.0,0.0,0.0,0.0,0.0,0.0,0.0,0.0,0.0,0.0,0.0,0.0,0.0,0.0,0.0,0.0,0.0
257.0,0.0,0.0,0.0,0.0,0.0,0.0,0.0,0.0,0.0,0.0,0.0,0.0,0.0,0.0,0.0,0.0,0.0
258.0,0.0,0.0,0.0,0.0,0.0,0.0,0.0,0.0,0.0,0.0,0.0,0.0,0.0,0.0,0.0,0.0,0.0
259.0,0.0,0.0,0.0,0.0,0.0,0.0,0.0,0.0,0.0,0.0,0.0,0.0,0.0,0.0,0.0,0.0,0.0
260.0,0.0,0.0,0.0,0.0,0.0,0.0,0.0,0.0,0.0,0.0,0.0,0.0,0.0,0.0,0.0,0.0,0.0
261.0,0.0,0.0,0.0,0.0,0.0,0.0,0.0,0.0,0.0,0.0,0.0,0.0,0.0,0.0,0.0,0.0,0.0
262.0,0.0,0.0,0.0,0.0,0.0,0.0,0.0,0.0,0.0,0.0,0.0,0.0,0.0,0.0,0.0,0.0,0.0
263.0,0.0,0.0,0.0,0.0,0.0,0.0,0.0,0.0,0.0,0.0,0.0,0.0,0.0,0.0,0.0,0.0,0.0
264.0,0.0,0.0,0.0,0.0,0.0,0.0,0.0,0.0,0.0,0.0,0.0,0.0,0.0,0.0,0.0,0.0,0.0
265.0,0.0,0.0,0.0,0.0,0.0,0.0,0.0,0.0,0.0,0.0,0.0,0.0,0.0,0.0,0.0,0.0,0.0
266.0,0.0,0.0,0.0,0.0,0.0,0.0,0.0,0.0,0.0,0.0,0.0,0.0,0.0,0.0,0.0,0.0,0.0
267.0,0.0,0.0,0.0,0.0,0.0,0.0,0.0,0.0,0.0,0.0,0.0,0.0,0.0,0.0,0.0,0.0,0.0
268.0,0.0,0.0,0.0,0.0,0.0,0.0,0.0,0.0,0.0,0.0,0.0,0.0,0.0,0.0,0.0,0.0,0.0
269.0,0.0,0.0,0.0,0.0,0.0,0.0,0.0,0.0,0.0,0.0,0.0,0.0,0.0,0.0,0.0,0.0,0.0
270.0,0.0,0.0,0.0,0.0,0.0,0.0,0.0,0.0,0.0,0.0,0.0,0.0,0.0,0.0,0.0,0.0,0.0
271.0,0.0,0.0,0.0,0.0,0.0,0.0,0.0,0.0,0.0,0.0,0.0,0.0,0.0,0.0,0.0,0.0,0.0
272.0,0.0,0.0,0.0,0.0,0.0,0.0,0.0,0.0,0.0,0.0,0.0,0.0,0.0,0.0,0.0,0.0,0.0
273.0,0.0,0.0,0.0,0.0,0.0,0.0,0.0,0.0,0.0,0.0,0.0,0.0,0.0,0.0,0.0,0.0,0.0
274.0,0.0,0.0,0.0,0.0,0.0,0.0,0.0,0.0,0.0,0.0,0.0,0.0,0.0,0.0,0.0,0.0,0.0
275.0,0.0,0.0,0.0,0.0,0.0,0.0,0.0,0.0,0.0,0.0,0.0,0.0,0.0,0.0,0.0,0.0,0.0
276.0,0.0,0.0,0.0,0.0,0.0,0.0,0.0,0.0,0.0,0.0,0.0,0.0,0.0,0.0,0.0,0.0,0.0
277.0,0.0,0.0,0.0,0.0,0.0,0.0,0.0,0.0,0.0,0.0,0.0,0.0,0.0,0.0,0.0,0.0,0.0
278.0,0.0,0.0,0.0,0.0,0.0,0.0,0.0,0.0,0.0,0.0,0.0,0.0,0.0,0.0,0.0,0.0,0.0
279.0,0.0,0.0,0.0,0.0,0.0,0.0,0.0,0.0,0.0,0.0,0.0,0.0,0.0,0.0,0.0,0.0,0.0
280.0,0.0,0.0,0.0,0.0,0.0,0.0,0.0,0.0,0.0,0.0,0.0,0.0,0.0,0.0,0.0,0.0,0.0
281.0,0.0,0.0,0.0,0.0,0.0,0.0,0.0,0.0,0.0,0.0,0.0,0.0,0.0,0.0,0.0,0.0,0.0
282.0,0.0,0.0,0.0,0.0,0.0,0.0,0.0,0.0,0.0,0.0,0.0,0.0,0.0,0.0,0.0,0.0,0.0
283.0,0.0,0.0,0.0,0.0,0.0,0.0,0.0,0.0,0.0,0.0,0.0,0.0,0.0,0.0,0.0,0.0,0.0
284.0,0.0,0.0,0.0,0.0,0.0,0.0,0.0,0.0,0.0,0.0,0.0,0.0,0.0,0.0,0.0,0.0,0.0
285.0,0.0,0.0,0.0,0.0,0.0,0.0,0.0,0.0,0.0,0.0,0.0,0.0,0.0,0.0,0.0,0.0,0.0
286.0,0.0,0.0,0.0,0.0,0.0,0.0,0.0,0.0,0.0,0.0,0.0,0.0,0.0,0.0,0.0,0.0,0.0
287.0,0.0,0.0,0.0,0.0,0.0,0.0,0.0,0.0,0.0,0.0,0.0,0.0,0.0,0.0,0.0,0.0,0.0
288.0,0.0,0.0,0.0,0.0,0.0,0.0,0.0,0.0,0.0,0.0,0.0,0.0,0.0,0.0,0.0,0.0,0.0
289.0,0.0,0.0,0.0,0.0,0.0,0.0,0.0,0.0,0.0,0.0,0.0,0.0,0.0,0.0,0.0,0.0,0.0
290.0,0.0,0.0,0.0,0.0,0.0,0.0,0.0,0.0,0.0,0.0,0.0,0.0,0.0,0.0,0.0,0.0,0.0
291.0,0.0,0.0,0.0,0.0,0.0,0.0,0.0,0.0,0.0,0.0,0.0,0.0,0.0,0.0,0.0,0.0,0.0
292.0,0.0,0.0,0.0,0.0,0.0,0.0,0.0,0.0,0.0,0.0,0.0,0.0,0.0,0.0,0.0,0.0,0.0
293.0,0.0,0.0,0.0,0.0,0.0,0.0,0.0,0.0,0.0,0.0,0.0,0.0,0.0,0.0,0.0,0.0,0.0
294.0,0.0,0.0,0.0,0.0,0.0,0.0,0.0,0.0,0.0,0.0,0.0,0.0,0.0,0.0,0.0,0.0,0.0
295.0,0.0,0.0,0.0,0.0,0.0,0.0,0.0,0.0,0.0,0.0,0.0,0.0,0.0,0.0,0.0,0.0,0.0
296.0,0.0,0.0,0.0,0.0,0.0,0.0,0.0,0.0,0.0,0.0,0.0,0.0,0.0,0.0,0.0,0.0,0.0
297.0,0.0,0.0,0.0,0.0,0.0,0.0,0.0,0.0,0.0,0.0,0.0,0.0,0.0,0.0,0.0,0.0,0.0
298.0,0.0,0.0,0.0,0.0,0.0,0.0,0.0,0.0,0.0,0.0,0.0,0.0,0.0,0.0,0.0,0.0,0.0
299.0,0.0,0.0,0.0,0.0,0.0,0.0,0.0,0.0,0.0,0.0,0.0,0.0,0.0,0.0,0.0,0.0,0.0
300.0,0.0,0.0,0.0,0.0,0.0,0.0,0.0,0.0,0.0,0.0,0.0,0.0,0.0,0.0,0.0,0.0,0.0
