T (BPM),boeck2015/tempodetector2016_default,boeck2019/multi_task,boeck2019/multi_task_hjdb,davies2009/mirex_qm_tempotracker,percival2014/stem,schreiber2014/default,schreiber2017/ismir2017,schreiber2017/mirex2017,schreiber2018/cnn,schreiber2018/fcn,schreiber2018/ismir2018
0.0,0.0,0.0,0.0,0.0,0.0,0.0,0.0,0.0,0.0,0.0,0.0
1.0,0.0,0.0,0.0,0.0,0.0,0.0,0.0,0.0,0.0,0.0,0.0
2.0,0.0,0.0,0.0,0.0,0.0,0.0,0.0,0.0,0.0,0.0,0.0
3.0,0.0,0.0,0.0,0.0,0.0,0.0,0.0,0.0,0.0,0.0,0.0
4.0,0.0,0.0,0.0,0.0,0.0,0.0,0.0,0.0,0.0,0.0,0.0
5.0,0.0,0.0,0.0,0.0,0.0,0.0,0.0,0.0,0.0,0.0,0.0
6.0,0.0,0.0,0.0,0.0,0.0,0.0,0.0,0.0,0.0,0.0,0.0
7.0,0.0,0.0,0.0,0.0,0.0,0.0,0.0,0.0,0.0,0.0,0.0
8.0,0.0,0.0,0.0,0.0,0.0,0.0,0.0,0.0,0.0,0.0,0.0
9.0,0.0,0.0,0.0,0.0,0.0,0.0,0.0,0.0,0.0,0.0,0.0
10.0,0.0,0.0,0.0,0.0,0.0,0.0,0.0,0.0,0.0,0.0,0.0
11.0,0.0,0.0,0.0,0.0,0.0,0.0,0.0,0.0,0.0,0.0,0.0
12.0,0.0,0.0,0.0,0.0,0.0,0.0,0.0,0.0,0.0,0.0,0.0
13.0,0.0,0.0,0.0,0.0,0.0,0.0,0.0,0.0,0.0,0.0,0.0
14.0,0.0,0.0,0.0,0.0,0.0,0.0,0.0,0.0,0.0,0.0,0.0
15.0,0.0,0.0,0.0,0.0,0.0,0.0,0.0,0.0,0.0,0.0,0.0
16.0,0.0,0.0,0.0,0.0,0.0,0.0,0.0,0.0,0.0,0.0,0.0
17.0,0.0,0.0,0.0,0.0,0.0,0.0,0.0,0.0,0.0,0.0,0.0
18.0,0.0,0.0,0.0,0.0,0.0,0.0,0.0,0.0,0.0,0.0,0.0
19.0,0.0,0.0,0.0,0.0,0.0,0.0,0.0,0.0,0.0,0.0,0.0
20.0,0.0,0.0,0.0,0.0,0.0,0.0,0.0,0.0,0.0,0.0,0.0
21.0,0.0,0.0,0.0,0.0,0.0,0.0,0.0,0.0,0.0,0.0,0.0
22.0,0.0,0.0,0.0,0.0,0.0,0.0,0.0,0.0,0.0,0.0,0.0
23.0,0.0,0.0,0.0,0.0,0.0,0.0,0.0,0.0,0.0,0.0,0.0
24.0,0.0,0.0,0.0,0.0,0.0,0.0,0.0,0.0,0.0,0.0,0.0
25.0,0.0,0.0,0.0,0.0,0.0,0.0,0.0,0.0,0.0,0.0,0.0
26.0,0.0,0.0,0.0,0.0,0.0,0.0,0.0,0.0,0.0,0.0,0.0
27.0,0.0,0.0,0.0,0.0,0.0,0.0,0.0,0.0,0.0,0.0,0.0
28.0,0.0,0.0,0.0,0.0,0.0,0.0,0.0,0.0,0.0,0.0,0.0
29.0,0.0,0.0,0.0,0.0,0.0,0.0,0.0,0.0,0.0,0.0,0.0
30.0,0.0,0.0,0.0,0.0,0.0,0.0,0.0,0.0,0.0,0.0,0.0
31.0,0.0,0.0,0.0,0.0,0.0,0.0,0.0,0.0,0.0,0.0,0.0
32.0,0.0,0.0,0.0,0.0,0.0,0.0,0.0,0.0,0.0,0.0,0.0
33.0,0.0,0.0,0.0,0.0,0.0,0.0,0.0,0.0,0.0,0.0,0.0
34.0,0.0,0.0,0.0,0.0,0.0,0.0,0.0,0.0,0.0,0.0,0.0
35.0,0.0,0.0,0.0,0.0,0.0,0.0,0.0,0.0,0.0,0.0,0.0
36.0,0.0,0.0,0.0,0.0,0.0,0.0,0.0,0.0,0.0,0.0,0.0
37.0,0.0,0.0,0.0,0.0,0.0,0.0,0.0,0.0,0.0,0.0,0.0
38.0,0.0,0.0,0.0,0.0,0.0,0.0,0.0,0.0,0.0,0.0,0.0
39.0,0.0,0.0,0.0,0.0,0.0,0.0,0.0,0.0,0.0,0.0,0.0
40.0,0.0,0.0,0.0,0.0,0.0,0.0,0.0,0.0,0.0,0.0,0.0
41.0,0.0,0.0,0.0,0.0,0.0,0.0,0.0,0.0,0.0,0.0,0.0
42.0,0.0,0.0,0.0,0.0,0.0,0.0,0.0,0.0,0.0,0.0,0.0
43.0,0.0,0.0,0.0,0.0,0.0,0.0,0.0,0.0,0.0,0.0,0.0
44.0,0.0,0.0,0.0,0.0,0.0,0.0,0.0,0.0,0.0,0.0,0.0
45.0,0.0,0.0,0.0,0.0,0.0,0.0,0.0,0.0,0.0,0.0,0.0
46.0,0.0,0.0,0.0,0.0,0.0,0.0,0.0,0.0,0.0,0.0,0.0
47.0,0.0,0.0,0.0,0.0,0.0,0.0,0.0,0.0,0.0,0.0,0.0
48.0,0.0,0.0,0.0,0.0,0.0,0.0,0.0,0.0,0.0,0.0,0.0
49.0,0.0,0.0,0.0,0.0,0.0,0.0,0.0,0.0,0.0,0.0,0.0
50.0,0.0,0.0,0.0,0.0,0.0,0.0,0.0,0.0,0.0,0.0,0.0
51.0,0.0,0.0,0.0,0.0,0.0,0.0,0.0,0.0,0.0,0.0,0.0
52.0,0.0,0.0,0.0,0.0,0.0,0.0,0.0,0.0,0.0,0.0,0.0
53.0,0.0,0.0,0.0,0.0,0.0,0.0,0.0,0.0,0.0,0.0,0.0
54.0,0.0,0.0,0.0,0.0,0.0,0.0,0.0,0.0,0.0,0.0,0.0
55.0,0.0,0.0,0.0,0.0,0.0,0.0,0.0,0.0,0.0,0.0,0.0
56.0,0.0,0.0,0.0,0.0,0.0,0.0,0.0,0.0,0.0,0.0,0.0
57.0,0.0,0.0,0.0,0.0,0.0,0.0,0.0,0.0,0.0,0.0,0.0
58.0,0.0,0.0,0.0,0.0,0.0,0.0,0.0,0.0,0.0,0.0,0.0
59.0,0.0,0.0,0.0,0.0,0.0,0.0,0.0,0.0,0.0,0.0,0.0
60.0,0.0,0.0,0.0,0.0,0.0,0.0,0.0,0.0,0.0,0.0,0.0
61.0,0.0,0.0,0.0,0.0,0.0,0.0,0.0,0.0,0.0,0.0,0.0
62.0,0.0,0.0,0.0,0.0,0.0,0.0,0.0,0.0,0.0,0.0,0.0
63.0,0.0,0.0,0.0,0.0,0.0,0.0,0.0,0.0,0.0,0.0,0.0
64.0,0.0,0.0,0.0,0.0,0.0,0.0,0.0,0.0,0.0,0.0,0.0
65.0,0.0,0.0,0.0,0.0,0.0,0.0,0.0,0.0,0.0,0.0,0.0
66.0,0.0,0.0,0.0,0.0,0.0,0.0,0.0,0.0,0.0,0.0,0.0
67.0,0.0,0.0,0.0,0.0,0.0,0.0,0.0,0.0,0.0,0.0,0.0
68.0,0.0,0.0,0.0,0.0,0.0,0.0,0.0,0.0,0.0,0.0,0.0
69.0,0.0,0.0,0.0,0.0,0.0,0.0,0.0,0.0,0.0,0.0,0.0
70.0,0.0,0.0,0.0,0.0,0.0,0.0,0.0,0.0,0.0,0.0,0.0
71.0,0.0,0.0,0.0,0.0,0.0,0.0,0.0,0.0,0.0,0.0,0.0
72.0,0.0,0.0,0.0,0.0,0.0,0.0,0.0,0.0,0.0,0.0,0.0
73.0,0.0,0.0,0.0,0.0,0.0,0.0,0.0,0.0,0.0,0.0,0.0
74.0,0.0,0.0,0.0,0.0,0.0,0.0,0.0,0.0,0.0,0.0,0.0
75.0,0.0,0.0,0.0,0.0,0.0,0.0,0.0,0.0,0.0,0.0,0.0
76.0,0.0,0.0,0.0,0.0,0.0,0.0,0.0,0.0,0.0,0.0,0.0
77.0,0.0,0.0,0.0,0.0,0.0,0.0,0.0,0.0,0.0,0.0,0.0
78.0,0.0,0.0,0.0,0.0,0.0,0.0,0.0,0.0,0.0,0.0,0.0
79.0,0.0,0.0,0.0,0.0,0.0,0.0,0.0,0.0,0.0,0.0,0.0
80.0,0.0,0.0,0.0,0.0,0.0,0.0,0.0,0.0,0.0,0.0,0.0
81.0,0.0,0.0,0.0,0.0,0.0,0.0,0.0,0.0,0.0,0.0,0.0
82.0,0.0,0.0,0.0,0.0,0.0,0.0,0.0,0.0,0.0,0.0,0.0
83.0,0.0,0.0,0.0,0.0,0.0,0.0,0.0,0.0,0.0,0.0,0.0
84.0,0.0,0.0,0.0,0.0,0.0,0.0,0.0,0.0,0.0,0.0,0.0
85.0,0.0,0.0,0.0,0.0,0.0,0.0,0.0,0.0,0.0,0.0,0.0
86.0,0.0,0.0,0.0,0.0,0.0,0.0,0.0,0.0,0.0,0.0,0.0
87.0,0.0,0.0,0.0,0.0,0.0,0.0,0.0,0.0,0.0,0.0,0.0
88.0,0.0,0.0,0.0,0.0,0.0,0.0,0.0,0.0,0.0,0.0,0.0
89.0,0.0,0.0,0.0,0.0,0.0,0.0,0.0,0.0,0.0,0.0,0.0
90.0,0.0,0.0,0.0,0.0,0.0,0.0,0.0,0.0,0.0,0.0,0.0
91.0,0.0,0.0,0.0,0.0,0.0,0.0,0.0,0.0,0.0,0.0,0.0
92.0,0.0,0.0,0.0,0.0,0.0,0.0,0.0,0.0,0.0,0.0,0.0
93.0,0.0,0.0,0.0,0.0,0.0,0.0,0.0,0.0,0.0,0.0,0.0
94.0,0.0,0.0,0.0,0.0,0.0,0.0,0.0,0.0,0.0,0.0,0.0
95.0,0.0,0.0,0.0,0.0,0.0,0.0,0.0,0.0,0.0,0.0,0.0
96.0,0.0,0.0,0.0,0.0,0.0,0.0,0.0,0.0,0.0,0.0,0.0
97.0,0.0,0.0,0.0,0.0,0.0,0.0,0.0,0.0,0.0,0.0,0.0
98.0,0.0,0.0,0.0,0.0,0.0,0.0,0.0,0.0,0.0,0.0,0.0
99.0,0.0,0.0,0.0,0.0,0.0,0.0,0.0,0.0,0.0,0.0,0.0
100.0,0.0,0.0,0.0,0.0,0.0,0.0,0.0,0.0,0.0,0.0,0.0
101.0,0.0,0.0,0.0,0.0,0.0,0.0,0.0,0.0,0.0,0.0,0.0
102.0,0.0,0.0,0.0,0.0,0.0,0.0,0.0,0.0,0.0,0.0,0.0
103.0,0.0,0.0,0.0,0.0,0.0,0.0,0.0,0.0,0.0,0.0,0.0
104.0,0.0,0.0,0.0,0.0,0.0,0.0,0.0,0.0,0.0,0.0,0.0
105.0,0.0,0.0,0.0,0.0,0.0,0.0,0.0,0.0,0.0,0.0,0.0
106.0,0.0,0.0,0.0,0.0,0.0,0.0,0.0,0.0,0.0,0.0,0.0
107.0,0.0,0.0,0.0,0.0,0.0,0.0,0.0,0.0,0.0,0.0,0.0
108.0,0.0,0.0,0.0,0.0,0.0,0.0,0.0,0.0,0.0,0.0,0.0
109.0,0.0,0.0,0.0,0.0,0.0,0.0,0.0,0.0,0.0,0.0,0.0
110.0,0.0,0.003722156470871008,-0.0025269280290389756,0.0022224421620449684,-0.006132446576216935,-0.0026028042939187737,-0.0026028042939187737,-0.0026028042939187737,0.0,0.0,0.0
111.0,0.0,0.003722156470871008,-0.0025269280290389756,0.0022224421620449684,-0.006132446576216935,-0.0026028042939187737,-0.0026028042939187737,-0.0026028042939187737,0.0,0.0,0.0
112.0,0.0,0.003722156470871008,-0.0025269280290389756,0.0022224421620449684,-0.006132446576216935,-0.0026028042939187737,-0.0026028042939187737,-0.0026028042939187737,0.0,0.0,0.0
113.0,0.0,0.003722156470871008,-0.0025269280290389756,0.0022224421620449684,-0.006132446576216935,-0.0026028042939187737,-0.0026028042939187737,-0.0026028042939187737,0.0,0.0,0.0
114.0,0.0,0.003722156470871008,-0.0025269280290389756,0.0022224421620449684,-0.006132446576216935,-0.0026028042939187737,-0.0026028042939187737,-0.0026028042939187737,0.0,0.0,0.0
115.0,6.406853007629832e-16,0.0022649197818027664,-0.002302953055821789,0.007133787225957578,-0.003608880688247042,-0.0011416269402785048,-0.0009141944075401519,-0.0009141944075401519,6.406853007629832e-16,6.406853007629832e-16,6.406853007629832e-16
116.0,-2.6695220865124417e-15,0.004501428459195929,0.002411063553069706,0.020644794394294067,0.0016091236377885401,0.0028208537372529986,0.002821921162219238,0.002821921162219238,0.0038318796126071675,0.0038318796126071675,0.0038318796126071675
117.0,-2.6695220865124417e-15,0.004501428459195929,0.002411063553069706,0.020644794394294067,0.0016091236377885401,0.0028208537372529986,0.002821921162219238,0.002821921162219238,0.0038318796126071675,0.0038318796126071675,0.0038318796126071675
118.0,-1.1121285506668863e-05,0.001898151064924732,0.0014226400807785542,0.018550022702519542,0.0007754312936590281,0.0009559160106039471,0.0010124470403423092,0.0010124470403423092,0.002423832135243034,0.002423832135243034,0.002423832135243034
119.0,-1.1121285506668863e-05,0.001898151064924732,0.0014226400807785542,0.018550022702519542,0.0007754312936590281,0.0009559160106039471,0.0010124470403423092,0.0010124470403423092,0.002423832135243034,0.002423832135243034,0.002423832135243034
120.0,-1.1121285506668863e-05,0.001898151064924732,0.0014226400807785542,0.018550022702519542,0.0007754312936590281,0.0009559160106039471,0.0010124470403423092,0.0010124470403423092,0.002423832135243034,0.002423832135243034,0.002423832135243034
121.0,0.0007926515135169818,0.0009865635982069007,0.0009823916489917778,0.021007278358806596,-0.0004601965156890531,-0.0005180213597850022,-0.0005396246264338266,-0.0005396246264338266,0.001718449377494152,0.0011321042403783397,0.001718449377494152
122.0,0.0007926515135169818,0.0009865635982069007,0.0009823916489917778,0.021007278358806596,-0.0004601965156890531,-0.0005180213597850022,-0.0005396246264338266,-0.0005396246264338266,0.001718449377494152,0.0011321042403783397,0.001718449377494152
123.0,0.0007926515135169818,0.0009865635982069007,0.0009823916489917778,0.021007278358806596,-0.0004601965156890531,-0.0005180213597850022,-0.0005396246264338266,-0.0005396246264338266,0.001718449377494152,0.0011321042403783397,0.001718449377494152
124.0,0.0006796443307364093,0.0019249776044170442,0.0024595688894717017,0.022036996415241664,0.0009263178600120214,0.0009251499302088392,0.0009064796551657007,0.0009064796551657007,0.0029528840444569405,0.0024464950624023753,0.0029528840444569405
125.0,0.0006796443307364093,0.0019249776044170442,0.0024595688894717017,0.022036996415241664,0.0009263178600120214,0.0009251499302088392,0.0009064796551657007,0.0009064796551657007,0.0029528840444569405,0.0024464950624023753,0.0029528840444569405
126.0,0.0006796443307364093,0.0019249776044170442,0.0024595688894717017,0.022036996415241664,0.0009263178600120214,0.0009251499302088392,0.0009064796551657007,0.0009064796551657007,0.0029528840444569405,0.0024464950624023753,0.0029528840444569405
127.0,-0.0007032926001795956,-0.0003745026938597631,0.0013298903353809745,0.020468115891331497,0.00035611963730928565,0.00019957923770446372,0.00018294271739273868,0.00018294271739273868,0.0017072490320964027,0.0012616267278883855,0.0017072490320964027
128.0,-0.0007032926001795956,-0.0003745026938597631,0.0013298903353809745,0.020468115891331497,0.00035611963730928565,0.00019957923770446372,0.00018294271739273868,0.00018294271739273868,0.0017072490320964027,0.0012616267278883855,0.0017072490320964027
129.0,-0.0007032926001795956,-0.0003745026938597631,0.0013298903353809745,0.020468115891331497,0.00035611963730928565,0.00019957923770446372,0.00018294271739273868,0.00018294271739273868,0.0017072490320964027,0.0012616267278883855,0.0017072490320964027
130.0,-0.000989192597483733,0.000435342361880564,0.0010860288257717075,0.03404153277010065,-0.00016041932575769293,-0.00025242258195363993,-0.000264333512886326,-0.000264333512886326,0.0005185181555047049,0.0007911847508680645,0.0011094863967309342
131.0,-0.001018286497409725,0.0003386713586749626,0.0011922922626779041,0.034977388376219935,1.5228534549931606e-05,-0.0001832937080723123,-0.00019555496050301904,-0.00019555496050301904,0.0005337686894901374,0.0008144548905994785,0.0011421183495759616
132.0,-0.0014784499851706308,0.00029219109728801724,0.0011477119398846823,0.03466101230877313,-0.0001522425074567782,-0.00031719426996484234,-0.0003291052008975285,-0.0003291052008975285,0.00046125553718211367,0.00044054111957898237,0.0010522237784083431
133.0,-0.0011434936301808782,0.010295876719799268,0.00105616538141225,0.03167821298139432,-0.00021375990659921462,-0.0003255458152235577,-0.00034377337221470666,-0.00034377337221470666,0.0008947903038650466,0.0006552643198643201,0.0011278596669101477
134.0,-0.0011434936301808782,0.010295876719799268,0.00105616538141225,0.03167821298139432,-0.00021375990659921462,-0.0003255458152235577,-0.00034377337221470666,-0.00034377337221470666,0.0008947903038650466,0.0006552643198643201,0.0011278596669101477
135.0,-0.0007598588655300489,0.010461579461563873,0.0012639636722961837,0.03208119630833347,-8.633454968411152e-05,-0.00023124920023717734,-0.0002595848697944754,-0.0002595848697944754,0.0009835080967896316,0.0007439821127889049,0.0012165774598347327
136.0,-0.000777128385200975,0.010495377953554364,0.001023619738238081,0.03172697784418271,-0.0003620497051282892,-0.00048072793415884063,-0.0004994425327838502,-0.0004994425327838502,0.0007445960344934821,0.0004996262781291025,0.0009829624285168808
137.0,-0.0011949648963636684,0.0068637478739333666,0.00024698413961912535,0.05008563610688799,-0.0011215884540610828,-0.00113585862060491,-0.0011500940925847246,-0.0011500944312133941,-0.00026263989459873505,-0.0004461289750083528,9.267928688275854e-05
138.0,-0.00121741712409755,0.00730427594917466,0.000216788105526032,0.06011303400195819,-0.0012531666948411792,-0.0011916100028854096,-0.0012152156202527695,-0.0012152159839650442,-0.00038914314050616703,-0.000586224004649831,-7.504019655673981e-06
139.0,-0.00121741712409755,0.00730427594917466,0.000216788105526032,0.06011303400195819,-0.0012531666948411792,-0.0011916100028854096,-0.0012152156202527695,-0.0012152159839650442,-0.00038914314050616703,-0.000586224004649831,-7.504019655673981e-06
140.0,-0.0010435003920833547,0.004964645752302453,-0.0005311365503563363,0.05425393364478444,-0.0020157396237263617,-0.001892741900593273,-0.0019008625690298479,-0.0019008628807832266,-0.0007941146744121747,-0.0009630411293924581,-0.0006201727300914219
141.0,-0.0012256041476087015,0.011811425600462382,-0.00017543390551524258,0.05236402248172981,-0.0013976264613805604,-0.0011763543432303275,-0.0011710464876478037,-0.001171048237671588,-0.00023366872944182118,-0.0003713635459229627,-0.00035716085755541245
142.0,-0.0012071321094566374,0.011660816108928402,-0.00017547136008631633,0.05821760676831116,-0.0013625576367110072,-0.001144904000165891,-0.0011396767829676942,-0.0011396770902125058,-0.00021583074486143398,-0.0003514704148279315,-0.0003374797068837776
143.0,-0.0012071321094566374,0.011660816108928402,-0.00017547136008631633,0.05821760676831116,-0.0013625576367110072,-0.001144904000165891,-0.0011396767829676942,-0.0011396770902125058,-0.00021583074486143398,-0.0003514704148279315,-0.0003374797068837776
144.0,-0.0006914713733646119,0.004164189583128364,0.002574978733347954,0.05967151198439137,0.0014406975360844298,0.0013867874063542567,0.001418968010799306,0.001418968490719913,0.002343293453259633,0.0020976528955487838,0.003058018142638218
145.0,-0.0007496447060945071,0.004278840029281072,0.0025947687676075447,0.06304752638852358,0.0014919685508755834,0.001432115265302464,0.0014608322642237557,0.0014608327399711402,0.0023521549640204416,0.002189327051054998,0.004654640424474514
146.0,-0.0007496447060945071,0.004278840029281072,0.0025947687676075447,0.06304752638852358,0.0014919685508755834,0.001432115265302464,0.0014608322642237557,0.0014608327399711402,0.0023521549640204416,0.002189327051054998,0.004654640424474514
147.0,-0.0003585207489955748,0.004837789299446943,0.002828089737202129,0.06393760034606284,0.00158380430856193,0.0015802276128351292,0.0016030551464524287,0.0016030556306201207,0.0026352797236645375,0.0024695699007351037,0.004896937227406481
148.0,0.0006524870614853924,0.007721123332236223,0.004743871841788442,0.10703064606012475,0.0035694617060918876,0.003676777293323225,0.0036918667527722736,0.0036918664360233093,0.005112500959788097,0.004895603567427595,0.006506721855103083
149.0,0.0006524870614853924,0.007721123332236223,0.004743871841788442,0.10703064606012475,0.0035694617060918876,0.003676777293323225,0.0036918667527722736,0.0036918664360233093,0.005112500959788097,0.004895603567427595,0.006506721855103083
150.0,0.0007997639147497342,0.008049946352924024,0.005010590391165937,0.10947161925344355,0.003883288483561702,0.003992977569849608,0.004009016180357041,0.004009015843811266,0.0055853640845232614,0.005225636302371991,0.006937449483027197
151.0,0.0006742460869103987,0.007967497559168658,0.004978435567016975,0.11145151182977184,0.0038713981279361177,0.003962207649682292,0.003978146641490921,0.003978146307035493,0.005549079202512395,0.005247416706133832,0.006892766555062891
152.0,0.0007854851785100977,0.00802534528010014,0.005011850908280111,0.1119986823661105,0.003932133478333749,0.004017407781082249,0.004033446391589682,0.004033446055043907,0.005596287145286165,0.005356916354891656,0.006948372543790102
153.0,0.0003883631736734718,0.003969119183964658,0.004518399206044119,0.11941775340306304,0.0035002095962098317,0.0029871004569970174,0.0034344587192909185,0.0034344583987711333,0.004803303713096038,0.004847233938652176,0.006523603732896147
154.0,0.0003883631736734718,0.003969119183964658,0.004518399206044119,0.11941775340306304,0.0035002095962098317,0.0029871004569970174,0.0034344587192909185,0.0034344583987711333,0.004803303713096038,0.004847233938652176,0.006523603732896147
155.0,0.0004846147524905318,0.003730281363147788,0.004442690692941042,0.1187372382326482,0.0034854410873872152,0.002588301951826009,0.0009677006173749986,0.0009677002987517798,0.004780025567495719,0.0048752770171675555,0.00654172746351659
156.0,0.0004846147524905318,0.003730281363147788,0.004442690692941042,0.1187372382326482,0.0034854410873872152,0.002588301951826009,0.0009677006173749986,0.0009677002987517798,0.004780025567495719,0.0048752770171675555,0.00654172746351659
157.0,0.00034065228678353067,0.0023715610780117463,0.0035238387350568037,0.11928261449602841,0.0028680159672270504,0.00536363424003826,0.0037657727738429924,0.003765772572626162,0.004112568083198319,0.004155175958048404,0.005906311112258576
158.0,0.0003220853239610681,0.0023973428139224292,0.0035356401027937323,0.11745823505314386,0.002892340273245993,0.005391125408841177,0.003783809141070789,0.003783808938663327,0.004124391547930165,0.004167251540382913,0.005928748441067701
159.0,0.0003220853239610681,0.0023973428139224292,0.0035356401027937323,0.11745823505314386,0.002892340273245993,0.005391125408841177,0.003783809141070789,0.003783808938663327,0.004124391547930165,0.004167251540382913,0.005928748441067701
160.0,0.00043727703955959314,0.0031208170394365527,0.003989922360501951,0.12173499115889685,0.0034053312957122925,0.00503320941602453,0.0043028753259611386,0.004302875114807675,0.004508390570684728,0.004605334505701458,0.006450282453240055
161.0,0.00048189714563742206,0.00019267404057515786,0.004206494930270404,0.13206260860455532,0.0036314563174711335,0.005394011019940081,0.004589158415409566,0.004589158834826206,0.004642804782419554,0.004814852172228454,0.006912840890730216
162.0,0.0004755901021870735,-5.681782549656626e-05,0.003949516285654943,0.13318161124379985,0.0034374784930176986,0.005163839534443878,0.00436535908809964,0.004365358864865268,0.0043870781784254645,0.004555822738029609,0.006626644003403097
163.0,0.0004755901021870735,-5.681782549656626e-05,0.003949516285654943,0.13318161124379985,0.0034374784930176986,0.005163839534443878,0.00436535908809964,0.004365358864865268,0.0043870781784254645,0.004555822738029609,0.006626644003403097
164.0,0.0006961718579441072,0.002772590019104417,0.002502310056541444,0.17026678515418597,0.0022982897774547276,0.005095091454506346,0.003859822082030323,0.0038598209854821086,0.0034319760020446077,0.0038770073664112646,0.005897291283630583
165.0,0.0007785961078956042,0.0026238512347004825,0.0024783455400449184,0.1674336587939267,0.0022468757523566424,0.005079740436844185,0.0038356023363917443,0.003835601228654263,0.003432686296037385,0.0037875872295505286,0.004052676086996078
166.0,0.0007785961078956042,0.0026238512347004825,0.0024783455400449184,0.1674336587939267,0.0022468757523566424,0.005079740436844185,0.0038356023363917443,0.003835601228654263,0.003432686296037385,0.0037875872295505286,0.004052676086996078
167.0,0.0006509341473205331,0.0026210918368467532,0.002500674103910125,0.16914563176527794,0.0023121270330069828,0.005147483665898215,0.003898025693627065,0.00389802457446961,0.00341646074510891,0.0037750204511325,0.004137878575452524
168.0,-0.002207375819973124,-0.012791871686712957,-0.006107967118022812,0.13592163225289636,-0.005089057024161137,0.0013204873994387052,-0.001709090603508423,-0.001709090603508423,-0.005998546552857984,-0.004675355597994299,-0.0037853646712924212
169.0,-0.002207375819973124,-0.012791871686712957,-0.006107967118022812,0.13592163225289636,-0.005089057024161137,0.0013204873994387052,-0.001709090603508423,-0.001709090603508423,-0.005998546552857984,-0.004675355597994299,-0.0037853646712924212
170.0,-0.002207375819973124,-0.012791871686712957,-0.006107967118022812,0.13592163225289636,-0.005089057024161137,0.0013204873994387052,-0.001709090603508423,-0.001709090603508423,-0.005998546552857984,-0.004675355597994299,-0.0037853646712924212
171.0,-0.0017663186264497866,-0.012985911744277647,-0.006260316626258859,0.1284264350275272,-0.00527003133831508,0.001378986552682986,-0.0017282729375191963,-0.0017282729375191963,-0.006145778466540854,-0.005019141159687193,-0.0038758483316018153
172.0,-0.0017663186264497866,-0.012985911744277647,-0.006260316626258859,0.1284264350275272,-0.00527003133831508,0.001378986552682986,-0.0017282729375191963,-0.0017282729375191963,-0.006145778466540854,-0.005019141159687193,-0.0038758483316018153
173.0,-0.0004163022461858033,-0.016299766671559756,-0.009938323522965576,0.12637397236099832,-0.007625446180388699,0.009441933618504183,0.00023384918897497218,0.00023384918897497218,-0.008350288601047352,-0.007954435492730057,-0.007109988467584376
174.0,-0.0004163022461858033,-0.016299766671559756,-0.009938323522965576,0.12637397236099832,-0.007625446180388699,0.009441933618504183,0.00023384918897497218,0.00023384918897497218,-0.008350288601047352,-0.007954435492730057,-0.007109988467584376
175.0,-0.0022453048196287946,-0.016534996528463696,-0.010931599972688093,0.13785596568294084,-0.00872565935022383,0.013585660779881182,0.021778715546590798,0.021778715546590798,-0.009485139916328638,-0.00950641895982579,-0.00857308277413846
176.0,-0.0022453048196287946,-0.016534996528463696,-0.010931599972688093,0.13785596568294084,-0.00872565935022383,0.013585660779881182,0.021778715546590798,0.021778715546590798,-0.009485139916328638,-0.00950641895982579,-0.00857308277413846
177.0,0.004110631971250605,-0.005803378415643546,-0.006306017237281969,0.22470806897828377,-0.003797188751128456,-0.0428848663095176,-0.004528596476071019,-0.004528596476071019,-0.00588364306068549,-0.0038052551038592133,-0.00588364306068549
178.0,0.004110631971250605,-0.005803378415643546,-0.006306017237281969,0.22470806897828377,-0.003797188751128456,-0.0428848663095176,-0.004528596476071019,-0.004528596476071019,-0.00588364306068549,-0.0038052551038592133,-0.00588364306068549
179.0,0.004110631971250605,-0.005803378415643546,-0.006306017237281969,0.22470806897828377,-0.003797188751128456,-0.0428848663095176,-0.004528596476071019,-0.004528596476071019,-0.00588364306068549,-0.0038052551038592133,-0.00588364306068549
180.0,1.2022408584164123e-05,-0.01168945009861693,-0.010018257182980043,0.29180359337974054,-0.006895932805713374,-0.007525570218989101,-0.007745686404146787,-0.007745686404146787,-0.009285392730945355,-0.009334735037908921,-0.009285392730945355
181.0,1.2022408584164123e-05,-0.01168945009861693,-0.010018257182980043,0.29180359337974054,-0.006895932805713374,-0.007525570218989101,-0.007745686404146787,-0.007745686404146787,-0.009285392730945355,-0.009334735037908921,-0.009285392730945355
182.0,0.0,0.0,0.0,0.0,0.0,0.0,0.0,0.0,0.0,0.0,0.0
183.0,0.0,0.0,0.0,0.0,0.0,0.0,0.0,0.0,0.0,0.0,0.0
184.0,0.0,0.0,0.0,0.0,0.0,0.0,0.0,0.0,0.0,0.0,0.0
185.0,0.0,0.0,0.0,0.0,0.0,0.0,0.0,0.0,0.0,0.0,0.0
186.0,0.0,0.0,0.0,0.0,0.0,0.0,0.0,0.0,0.0,0.0,0.0
187.0,0.0,0.0,0.0,0.0,0.0,0.0,0.0,0.0,0.0,0.0,0.0
188.0,0.0,0.0,0.0,0.0,0.0,0.0,0.0,0.0,0.0,0.0,0.0
189.0,0.0,0.0,0.0,0.0,0.0,0.0,0.0,0.0,0.0,0.0,0.0
190.0,0.0,0.0,0.0,0.0,0.0,0.0,0.0,0.0,0.0,0.0,0.0
191.0,0.0,0.0,0.0,0.0,0.0,0.0,0.0,0.0,0.0,0.0,0.0
192.0,0.0,0.0,0.0,0.0,0.0,0.0,0.0,0.0,0.0,0.0,0.0
193.0,0.0,0.0,0.0,0.0,0.0,0.0,0.0,0.0,0.0,0.0,0.0
194.0,0.0,0.0,0.0,0.0,0.0,0.0,0.0,0.0,0.0,0.0,0.0
195.0,0.0,0.0,0.0,0.0,0.0,0.0,0.0,0.0,0.0,0.0,0.0
196.0,0.0,0.0,0.0,0.0,0.0,0.0,0.0,0.0,0.0,0.0,0.0
197.0,0.0,0.0,0.0,0.0,0.0,0.0,0.0,0.0,0.0,0.0,0.0
198.0,0.0,0.0,0.0,0.0,0.0,0.0,0.0,0.0,0.0,0.0,0.0
199.0,0.0,0.0,0.0,0.0,0.0,0.0,0.0,0.0,0.0,0.0,0.0
200.0,0.0,0.0,0.0,0.0,0.0,0.0,0.0,0.0,0.0,0.0,0.0
201.0,0.0,0.0,0.0,0.0,0.0,0.0,0.0,0.0,0.0,0.0,0.0
202.0,0.0,0.0,0.0,0.0,0.0,0.0,0.0,0.0,0.0,0.0,0.0
203.0,0.0,0.0,0.0,0.0,0.0,0.0,0.0,0.0,0.0,0.0,0.0
204.0,0.0,0.0,0.0,0.0,0.0,0.0,0.0,0.0,0.0,0.0,0.0
205.0,0.0,0.0,0.0,0.0,0.0,0.0,0.0,0.0,0.0,0.0,0.0
206.0,0.0,0.0,0.0,0.0,0.0,0.0,0.0,0.0,0.0,0.0,0.0
207.0,0.0,0.0,0.0,0.0,0.0,0.0,0.0,0.0,0.0,0.0,0.0
208.0,0.0,0.0,0.0,0.0,0.0,0.0,0.0,0.0,0.0,0.0,0.0
209.0,0.0,0.0,0.0,0.0,0.0,0.0,0.0,0.0,0.0,0.0,0.0
210.0,0.0,0.0,0.0,0.0,0.0,0.0,0.0,0.0,0.0,0.0,0.0
211.0,0.0,0.0,0.0,0.0,0.0,0.0,0.0,0.0,0.0,0.0,0.0
212.0,0.0,0.0,0.0,0.0,0.0,0.0,0.0,0.0,0.0,0.0,0.0
213.0,0.0,0.0,0.0,0.0,0.0,0.0,0.0,0.0,0.0,0.0,0.0
214.0,0.0,0.0,0.0,0.0,0.0,0.0,0.0,0.0,0.0,0.0,0.0
215.0,0.0,0.0,0.0,0.0,0.0,0.0,0.0,0.0,0.0,0.0,0.0
216.0,0.0,0.0,0.0,0.0,0.0,0.0,0.0,0.0,0.0,0.0,0.0
217.0,0.0,0.0,0.0,0.0,0.0,0.0,0.0,0.0,0.0,0.0,0.0
218.0,0.0,0.0,0.0,0.0,0.0,0.0,0.0,0.0,0.0,0.0,0.0
219.0,0.0,0.0,0.0,0.0,0.0,0.0,0.0,0.0,0.0,0.0,0.0
220.0,0.0,0.0,0.0,0.0,0.0,0.0,0.0,0.0,0.0,0.0,0.0
221.0,0.0,0.0,0.0,0.0,0.0,0.0,0.0,0.0,0.0,0.0,0.0
222.0,0.0,0.0,0.0,0.0,0.0,0.0,0.0,0.0,0.0,0.0,0.0
223.0,0.0,0.0,0.0,0.0,0.0,0.0,0.0,0.0,0.0,0.0,0.0
224.0,0.0,0.0,0.0,0.0,0.0,0.0,0.0,0.0,0.0,0.0,0.0
225.0,0.0,0.0,0.0,0.0,0.0,0.0,0.0,0.0,0.0,0.0,0.0
226.0,0.0,0.0,0.0,0.0,0.0,0.0,0.0,0.0,0.0,0.0,0.0
227.0,0.0,0.0,0.0,0.0,0.0,0.0,0.0,0.0,0.0,0.0,0.0
228.0,0.0,0.0,0.0,0.0,0.0,0.0,0.0,0.0,0.0,0.0,0.0
229.0,0.0,0.0,0.0,0.0,0.0,0.0,0.0,0.0,0.0,0.0,0.0
230.0,0.0,0.0,0.0,0.0,0.0,0.0,0.0,0.0,0.0,0.0,0.0
231.0,0.0,0.0,0.0,0.0,0.0,0.0,0.0,0.0,0.0,0.0,0.0
232.0,0.0,0.0,0.0,0.0,0.0,0.0,0.0,0.0,0.0,0.0,0.0
233.0,0.0,0.0,0.0,0.0,0.0,0.0,0.0,0.0,0.0,0.0,0.0
234.0,0.0,0.0,0.0,0.0,0.0,0.0,0.0,0.0,0.0,0.0,0.0
235.0,0.0,0.0,0.0,0.0,0.0,0.0,0.0,0.0,0.0,0.0,0.0
236.0,0.0,0.0,0.0,0.0,0.0,0.0,0.0,0.0,0.0,0.0,0.0
237.0,0.0,0.0,0.0,0.0,0.0,0.0,0.0,0.0,0.0,0.0,0.0
238.0,0.0,0.0,0.0,0.0,0.0,0.0,0.0,0.0,0.0,0.0,0.0
239.0,0.0,0.0,0.0,0.0,0.0,0.0,0.0,0.0,0.0,0.0,0.0
240.0,0.0,0.0,0.0,0.0,0.0,0.0,0.0,0.0,0.0,0.0,0.0
241.0,0.0,0.0,0.0,0.0,0.0,0.0,0.0,0.0,0.0,0.0,0.0
242.0,0.0,0.0,0.0,0.0,0.0,0.0,0.0,0.0,0.0,0.0,0.0
243.0,0.0,0.0,0.0,0.0,0.0,0.0,0.0,0.0,0.0,0.0,0.0
244.0,0.0,0.0,0.0,0.0,0.0,0.0,0.0,0.0,0.0,0.0,0.0
245.0,0.0,0.0,0.0,0.0,0.0,0.0,0.0,0.0,0.0,0.0,0.0
246.0,0.0,0.0,0.0,0.0,0.0,0.0,0.0,0.0,0.0,0.0,0.0
247.0,0.0,0.0,0.0,0.0,0.0,0.0,0.0,0.0,0.0,0.0,0.0
248.0,0.0,0.0,0.0,0.0,0.0,0.0,0.0,0.0,0.0,0.0,0.0
249.0,0.0,0.0,0.0,0.0,0.0,0.0,0.0,0.0,0.0,0.0,0.0
250.0,0.0,0.0,0.0,0.0,0.0,0.0,0.0,0.0,0.0,0.0,0.0
251.0,0.0,0.0,0.0,0.0,0.0,0.0,0.0,0.0,0.0,0.0,0.0
252.0,0.0,0.0,0.0,0.0,0.0,0.0,0.0,0.0,0.0,0.0,0.0
253.0,0.0,0.0,0.0,0.0,0.0,0.0,0.0,0.0,0.0,0.0,0.0
254.0,0.0,0.0,0.0,0.0,0.0,0.0,0.0,0.0,0.0,0.0,0.0
255.0,0.0,0.0,0.0,0.0,0.0,0.0,0.0,0.0,0.0,0.0,0.0
256.0,0.0,0.0,0.0,0.0,0.0,0.0,0.0,0.0,0.0,0.0,0.0
257.0,0.0,0.0,0.0,0.0,0.0,0.0,0.0,0.0,0.0,0.0,0.0
258.0,0.0,0.0,0.0,0.0,0.0,0.0,0.0,0.0,0.0,0.0,0.0
259.0,0.0,0.0,0.0,0.0,0.0,0.0,0.0,0.0,0.0,0.0,0.0
260.0,0.0,0.0,0.0,0.0,0.0,0.0,0.0,0.0,0.0,0.0,0.0
261.0,0.0,0.0,0.0,0.0,0.0,0.0,0.0,0.0,0.0,0.0,0.0
262.0,0.0,0.0,0.0,0.0,0.0,0.0,0.0,0.0,0.0,0.0,0.0
263.0,0.0,0.0,0.0,0.0,0.0,0.0,0.0,0.0,0.0,0.0,0.0
264.0,0.0,0.0,0.0,0.0,0.0,0.0,0.0,0.0,0.0,0.0,0.0
265.0,0.0,0.0,0.0,0.0,0.0,0.0,0.0,0.0,0.0,0.0,0.0
266.0,0.0,0.0,0.0,0.0,0.0,0.0,0.0,0.0,0.0,0.0,0.0
267.0,0.0,0.0,0.0,0.0,0.0,0.0,0.0,0.0,0.0,0.0,0.0
268.0,0.0,0.0,0.0,0.0,0.0,0.0,0.0,0.0,0.0,0.0,0.0
269.0,0.0,0.0,0.0,0.0,0.0,0.0,0.0,0.0,0.0,0.0,0.0
270.0,0.0,0.0,0.0,0.0,0.0,0.0,0.0,0.0,0.0,0.0,0.0
271.0,0.0,0.0,0.0,0.0,0.0,0.0,0.0,0.0,0.0,0.0,0.0
272.0,0.0,0.0,0.0,0.0,0.0,0.0,0.0,0.0,0.0,0.0,0.0
273.0,0.0,0.0,0.0,0.0,0.0,0.0,0.0,0.0,0.0,0.0,0.0
274.0,0.0,0.0,0.0,0.0,0.0,0.0,0.0,0.0,0.0,0.0,0.0
275.0,0.0,0.0,0.0,0.0,0.0,0.0,0.0,0.0,0.0,0.0,0.0
276.0,0.0,0.0,0.0,0.0,0.0,0.0,0.0,0.0,0.0,0.0,0.0
277.0,0.0,0.0,0.0,0.0,0.0,0.0,0.0,0.0,0.0,0.0,0.0
278.0,0.0,0.0,0.0,0.0,0.0,0.0,0.0,0.0,0.0,0.0,0.0
279.0,0.0,0.0,0.0,0.0,0.0,0.0,0.0,0.0,0.0,0.0,0.0
280.0,0.0,0.0,0.0,0.0,0.0,0.0,0.0,0.0,0.0,0.0,0.0
281.0,0.0,0.0,0.0,0.0,0.0,0.0,0.0,0.0,0.0,0.0,0.0
282.0,0.0,0.0,0.0,0.0,0.0,0.0,0.0,0.0,0.0,0.0,0.0
283.0,0.0,0.0,0.0,0.0,0.0,0.0,0.0,0.0,0.0,0.0,0.0
284.0,0.0,0.0,0.0,0.0,0.0,0.0,0.0,0.0,0.0,0.0,0.0
285.0,0.0,0.0,0.0,0.0,0.0,0.0,0.0,0.0,0.0,0.0,0.0
286.0,0.0,0.0,0.0,0.0,0.0,0.0,0.0,0.0,0.0,0.0,0.0
287.0,0.0,0.0,0.0,0.0,0.0,0.0,0.0,0.0,0.0,0.0,0.0
288.0,0.0,0.0,0.0,0.0,0.0,0.0,0.0,0.0,0.0,0.0,0.0
289.0,0.0,0.0,0.0,0.0,0.0,0.0,0.0,0.0,0.0,0.0,0.0
290.0,0.0,0.0,0.0,0.0,0.0,0.0,0.0,0.0,0.0,0.0,0.0
291.0,0.0,0.0,0.0,0.0,0.0,0.0,0.0,0.0,0.0,0.0,0.0
292.0,0.0,0.0,0.0,0.0,0.0,0.0,0.0,0.0,0.0,0.0,0.0
293.0,0.0,0.0,0.0,0.0,0.0,0.0,0.0,0.0,0.0,0.0,0.0
294.0,0.0,0.0,0.0,0.0,0.0,0.0,0.0,0.0,0.0,0.0,0.0
295.0,0.0,0.0,0.0,0.0,0.0,0.0,0.0,0.0,0.0,0.0,0.0
296.0,0.0,0.0,0.0,0.0,0.0,0.0,0.0,0.0,0.0,0.0,0.0
297.0,0.0,0.0,0.0,0.0,0.0,0.0,0.0,0.0,0.0,0.0,0.0
298.0,0.0,0.0,0.0,0.0,0.0,0.0,0.0,0.0,0.0,0.0,0.0
299.0,0.0,0.0,0.0,0.0,0.0,0.0,0.0,0.0,0.0,0.0,0.0
300.0,0.0,0.0,0.0,0.0,0.0,0.0,0.0,0.0,0.0,0.0,0.0
