Tempo (BPM),boeck2015/tempodetector2016_default,boeck2015/tempodetector2016_default_lowerci,boeck2015/tempodetector2016_default_upperci,davies2009/mirex_qm_tempotracker,davies2009/mirex_qm_tempotracker_lowerci,davies2009/mirex_qm_tempotracker_upperci,percival2014/stem,percival2014/stem_lowerci,percival2014/stem_upperci,schreiber2014/default,schreiber2014/default_lowerci,schreiber2014/default_upperci,schreiber2017/ismir2017,schreiber2017/ismir2017_lowerci,schreiber2017/ismir2017_upperci,schreiber2017/mirex2017,schreiber2017/mirex2017_lowerci,schreiber2017/mirex2017_upperci,schreiber2018/cnn,schreiber2018/cnn_lowerci,schreiber2018/cnn_upperci,schreiber2018/fcn,schreiber2018/fcn_lowerci,schreiber2018/fcn_upperci
69.0,0.19721730483487254,-0.1686560467219012,0.5630906563916462,0.6618275605671253,0.48662778268374973,0.8370273384505009,0.3055494607333671,0.12069644727456671,0.4904024741921674,0.007764273084064494,-0.1228726458228066,0.1384011919909356,0.061828882600515944,-0.10209106132527479,0.22574882652630668,-0.0383182869244153,-0.21483667604076734,0.13820010219193674,0.05887026214519515,-0.049164493222607596,0.16690501751299788,-0.020552193097090332,-0.1514083134790418,0.11030392728486113
69.87878787878788,0.16474809286591077,-0.16172507306532677,0.4912212587971483,0.6471593543851305,0.47688157149241994,0.8174371372778411,0.28177030967536154,0.11179721851104052,0.45174340083968256,0.007810914467954233,-0.1191559412218074,0.13477777015771586,0.06248847328455931,-0.09152237682118669,0.2164993233903053,-0.028314167875474194,-0.19416187692187112,0.13753354117092273,0.058398514666499014,-0.047471422072867316,0.16426845140586535,-0.01795392903401888,-0.1461879324307155,0.11028007436267775
70.75757575757575,0.13449740303880026,-0.15710607448148095,0.42610088055908146,0.6324749369347076,0.46701388815577555,0.7979359857136397,0.25795670334169035,0.10190786099872026,0.4140055456846604,0.007859262684066115,-0.11551601708351306,0.1312345424516453,0.06316240955402033,-0.08136032117444036,0.20768514028248103,-0.018273303746826036,-0.17390366212733777,0.1373570546336857,0.05792551088483006,-0.045806739578460855,0.161657761348121,-0.015355124160538913,-0.1409998743883952,0.11028962606731738
71.63636363636364,0.10707958458606415,-0.15507507735972859,0.3692342465318569,0.6177673838596114,0.45700754691696943,0.7785272208022533,0.23427497556807617,0.09098731887807177,0.37756263225808057,0.007910359717323567,-0.11195948278976851,0.12778020222441566,0.06387889700648988,-0.07165953427624969,0.19941732828922945,-0.008176149490880052,-0.15413169937941482,0.1377794003976547,0.05745043508049699,-0.044173094983575495,0.15907396514456948,-0.012755477727834474,-0.13584605944322856,0.11033510398755961
72.51515151515152,0.08310898674022704,-0.15557516480354652,0.3217931382840006,0.6030297708035971,0.4468452941750821,0.7592142474321121,0.2108914601902428,0.07901015684704399,0.3427727635334416,0.007965247552650045,-0.10849299831004333,0.12442349341534342,0.06466614123955886,-0.06247570864006757,0.19180799111918528,0.0019968399399540038,-0.13491678992429837,0.13891046980420638,0.05697247153380853,-0.04257318534103064,0.1565181284086477,-0.010154688987089655,-0.13072846559413637,0.11041908761995704
73.39393939393939,0.0631999587338121,-0.15799976956757492,0.28439968703519913,0.5882551734104196,0.43650985550655497,0.7400004913142841,0.18797249104391292,0.06598274358482431,0.30996223850300153,0.00802496817496895,-0.10512323914011328,0.12117317549005117,0.06555234785081815,-0.05386362734261878,0.1849683230442551,0.012265209593266962,-0.11632875567459944,0.14085917486113336,0.05649080452507337,-0.041009756319149666,0.15399136536929642,-0.00755245718948841,-0.1256491297251289,0.11054421534615208
74.27272727272727,0.04796598319492287,-0.16107597417223019,0.25700794056207593,0.5734366747317924,0.42598399756284383,0.7208893519007409,0.1656844894844647,0.05196327200573046,0.27940570696319894,0.00809056406415301,-0.10185685517711755,0.11803798330542357,0.06656574573961005,-0.04587419515366015,0.17900568663288025,0.02264848870326358,-0.09843328306578536,0.14373026047231252,0.05600461887049881,-0.039485602557823,0.15149484029882063,-0.004948481432899554,-0.1206101485323714,0.11071318566657229
75.15151515151516,0.037767237489313044,-0.16336299243966954,0.23889746741829562,0.5585695231383648,0.4152524570532004,0.7018865892235293,0.1442194585383347,0.03709771544561426,0.25134120163105517,0.008163222371900758,-0.09870049724195191,0.11502694198575343,0.0677413748208775,-0.038545488800958636,0.17402823844271365,0.03316158431001259,-0.08129420124863543,0.14761736986866061,0.05551325602746299,-0.03800345175407019,0.14902996380899616,-0.00234241600172011,-0.1156136825448117,0.11092885054137148
76.03030303030303,0.03236000408776574,-0.16411112427992572,0.2288311324554572,0.5436541292506331,0.4043048662288257,0.6830033922724403,0.12383038946573743,0.02165888649302916,0.2260018924384457,0.00824447515619628,-0.09566067011875935,0.11214962043115191,0.06913051287810451,-0.03188802342365857,0.1701490491798676,0.04380838386632058,-0.0649741649304971,0.15259093266313825,0.05501643089526369,-0.036565776996757865,0.14659863878728524,0.0002661916576492118,-0.11066192938972678,0.11119431270502521
76.9090909090909,0.03141249277481295,-0.16268346877918702,0.22550845432881292,0.5286916565572071,0.3931323962828084,0.6642509168316058,0.10477916811702612,0.00602711236960711,0.2035312238644451,0.008335904776529873,-0.09274324215783644,0.10941505171089619,0.07078680584312899,-0.025883924390331048,0.16745753607658903,0.05459116771644029,-0.04950941435328651,0.1586917497861671,0.05451391283637312,-0.035174999639873514,0.14420282531261974,0.0028778096801772846,-0.10575707441764685,0.11151269377800142
77.78787878787878,0.034592913334987346,-0.15846942149999949,0.22765524816997418,0.5136832685466969,0.38172730282900946,0.6456392342643843,0.08732768034255467,-0.009317297304535746,0.18397265798964507,0.0084390935923922,-0.08995327311605392,0.10683146030083832,0.07276389964778884,-0.020480768326449267,0.16600856762202695,0.06551221620462447,-0.034898985692522685,0.16592341810177164,0.05400547121326352,-0.033833521833987565,0.1418444642605146,0.0054929062008328144,-0.1009012797191372,0.11188709212080283
78.66666666666667,0.04156947555282128,-0.15094516616807827,0.23408411727372083,0.4986301287077123,0.37008309042602355,0.6271771669894011,0.07173781199267662,-0.023821759310265506,0.16729738329561875,0.008555623963273862,-0.08729489148031272,0.10440613940686044,0.07511544022392208,-0.015587501721826894,0.16581838216967104,0.07657380967512589,-0.02110031597993127,0.17424793533018307,0.053490875388407085,-0.032543721219595735,0.1395254719964099,0.008111949354584647,-0.09609667769715652,0.11232057640632581
79.54545454545455,0.05200475068490043,-0.1397727114954526,0.24378221286525345,0.4835335602548022,0.35819481881865556,0.6088723016909489,0.05826909428319374,-0.03691114594524893,0.1534493345116364,0.008687085399067818,-0.08477117806849606,0.1021453488666317,0.0778942322476027,-0.011077001012186505,0.1668654655073919,0.08777720933239455,-0.00803211317337163,0.18358653183816073,0.05296990874172168,-0.03130793224598333,0.1372477497294267,0.010735406510357245,-0.09134536618424922,0.11281617920496372
80.42424242424242,0.06526625312956691,-0.12544061010567,0.2559731163648038,0.46840324465381045,0.3460671918077184,0.5907392974999025,0.047057843456083215,-0.04820407197498307,0.14231975888714948,0.008835441580960363,-0.0823838807727474,0.10005476393466813,0.0811090585713041,-0.006845935270640979,0.16906405241324918,0.09907034611613,0.00435536845149917,0.19378532378076083,0.05244308816788308,-0.030127744471456094,0.13501392080722224,0.013363704950981617,-0.08664946931970759,0.11337687922167082
81.3030303030303,0.08028743505045771,-0.10944655435657083,0.2700214244574862,0.4532611593099374,0.3337184425908303,0.5728038760290445,0.03805911249713023,-0.05761939661081694,0.1337376216050774,0.009003206638714734,-0.08013327731468706,0.09813969059211652,0.0847039409325007,-0.0028525776695225435,0.17226045953452393,0.11032269607420853,0.01603681938270636,0.2046085727657107,0.05191200964529663,-0.02900365520766371,0.13282767449825697,0.015997212988080323,-0.08201115427055668,0.11400558024671732
82.18181818181819,0.09596700379316844,-0.09332069198612625,0.28525469957246313,0.4381302658655305,0.32116944674414993,0.5550910849869111,0.031213445046798904,-0.06513747770389987,0.1275643677974977,0.009192938763139119,-0.07801836496928903,0.09640424249556727,0.08861771721949308,0.0009461980163655154,0.17628923642262062,0.12139745527729846,0.026987739348372355,0.21580717120622456,0.051378355528386696,-0.02793601529189825,0.13069272634867163,0.01863629421288407,-0.07743252013064428,0.11470510855641242
83.06060606060606,0.111203666703294,-0.07840110311039018,0.3008084365169782,0.42303352596293786,0.3084428965897226,0.5376241553361532,0.026461384745553762,-0.07076435480253172,0.12368712429363925,0.009407196145041596,-0.07603678636320622,0.09485117865328942,0.09278922532058145,0.004595717007158315,0.18098273363400458,0.1321578197960675,0.037185996080383185,0.2271296435117518,0.05084380817157763,-0.026925101197799117,0.12861271754095438,0.021281312216623313,-0.07291557592151668,0.1154782003547633
83.93939393939394,0.1248961311264301,-0.06578257930195071,0.3155748415548109,0.40799390124450685,0.2955633861090475,0.5204244163799663,0.02374347523385928,-0.07452225462234531,0.12200920509006387,0.009648536975230548,-0.07418476615935311,0.09348184010981421,0.09715730312406651,0.008138339243821319,0.1861762670043117,0.14246698570118405,0.046606264128088826,0.23832770727427927,0.0503100499292938,-0.025971103769693422,0.12659120362828102,0.02393263059052872,-0.0684622269469899,0.11632748812804734
84.81818181818181,0.1359732882166166,-0.05636893360269429,0.3283155100359275,0.39303441892588065,0.2825574740617118,0.5035113637900495,0.022995829563485226,-0.07645386591468921,0.12244552504165966,0.009919611687570634,-0.07245702064415771,0.09229624401929898,0.10165849637151389,0.011606044667893556,0.19171094807513422,0.15218777400726796,0.0552141335215349,0.24916141449300103,0.04977874297168626,-0.025074138946417066,0.12463162488978959,0.026590604183102745,-0.06407427207699093,0.11725548044319642
85.69696969696969,0.14397101764887554,-0.05072121779909769,0.33866325309684875,0.37817942488458833,0.2694543313125377,0.48690451845663896,0.02406546280230787,-0.07674488242282557,0.1248758080274413,0.010224925699755472,-0.07084544667005852,0.09129529806956946,0.10618325633105807,0.014961893160691145,0.19740461950142502,0.16117546344956032,0.06294307211150173,0.2594078547876189,0.0492511435684309,-0.02423465384166877,0.12273694097853056,0.029255412028863184,-0.05975359548470911,0.11826441954243548
86.57575757575758,0.14898734665275645,-0.04908126930067991,0.3470559626061928,0.363454486244572,0.25628547091157405,0.47062350157756994,0.026716874102287735,-0.07568989120384516,0.12912363940842064,0.010570702377325963,-0.06933938731870977,0.0904807920733617,0.11057934500304528,0.01810645119679062,0.20305223880929996,0.16927834766595407,0.0696982364197147,0.2688584589121934,0.04872813207441833,-0.02345338731154121,0.12090965146037788,0.03192707033651154,-0.055502142216102474,0.11935628288912556
87.45454545454545,0.15114150151120193,-0.051504447530490605,0.35378745055289446,0.3488852161839959,0.2430839708274175,0.45468646154057435,0.030711450871336254,-0.0735503348680561,0.1349732366107286,0.010963229871069846,-0.06792698835223085,0.08985344809437054,0.11469291453990904,0.020933947263806776,0.20845188181601132,0.17634445688049166,0.0753794280229728,0.2773094857380105,0.04821057466847895,-0.022730966422279016,0.11915211575923693,0.03460558917445171,-0.051321710882359456,0.12053288923126287
88.33333333333333,0.15055270850715471,-0.057793824387852966,0.3588992414021624,0.3344972278810234,0.2298843716993178,0.43911008406272894,0.03581058051736502,-0.07053874261092602,0.14215990364565606,0.011408796331775023,-0.06659530489900865,0.0894128975625587,0.11837011709408311,0.023336861018239896,0.21340337316992633,0.182221821317216,0.07988456525651365,0.28455907737791836,0.04769933752944313,-0.022067874958292134,0.1174665500171784,0.037290978611087724,-0.04721392654584196,0.12179588376801741
89.21212121212122,0.1473401939235574,-0.06752767370894008,0.3622080615560549,0.32031613451381796,0.21672254231642563,0.4239097267112103,0.04177565044828602,-0.06681901599870235,0.1503703168952744,0.011913689910229258,-0.06533040175848716,0.08915778157894567,0.12145710481800123,0.025207186164052042,0.21770702347195042,0.18675847120016992,0.08311104315403398,0.2904058992463059,0.047195286836141236,-0.021464438476423105,0.11585501214870558,0.0399832487148236,-0.04318022261720178,0.12314672004684898
90.0909090909091,0.1416574311130488,-0.08016963966874771,0.36348450189484527,0.3063668780779609,0.20363471615623008,0.40909903999969177,0.048367842412743445,-0.06252154875267957,0.15925723357816646,0.012484425030978685,-0.0641173450639032,0.08908619512586056,0.12380824760720742,0.026443287004208893,0.22117320821020595,0.18981534449893978,0.08496717538414869,0.2946635136137309,0.046699284554878775,-0.020920822176167392,0.11431939128592494,0.04268241366502608,-0.039221829062358965,0.12458665639241112
90.96969696969697,0.13400426844972435,-0.09515913541995144,0.36316767231940017,0.2926676122252804,0.19065016064988127,0.3946850638006796,0.055346258120600234,-0.0578067247624969,0.16849924100369737,0.013129804652408483,-0.06293904491778081,0.08919865422259778,0.12536102964910956,0.02701039581789612,0.223711663480323,0.19138392818130037,0.08547432964997423,0.29729352671262654,0.04621215004646505,-0.020437125490319105,0.1128614255832492,0.04538852921935828,-0.03533980300409312,0.12611686144280967
91.84848484848484,0.12508167656651945,-0.11182368435975032,0.3619870374927892,0.2792325489635931,0.1777940793067011,0.38067101862048514,0.06246879150958748,-0.05285298617006792,0.17779056918924288,0.0138599605674522,-0.06177717376399454,0.08949709489889894,0.12610119534933567,0.02691066677052846,0.2252917239281429,0.19153151234105575,0.08471746701502074,0.29834555766709075,0.045734677932876854,-0.020013341990808974,0.11148269785656267,0.04810167527787354,-0.03153501923509297,0.12773836979084005
92.72727272727272,0.11559310345962857,-0.12927415387832486,0.360460360797582,0.26607585174873477,0.16509190730876835,0.3670597961887012,0.06949332164046357,-0.04782446836485274,0.18681111164577988,0.014685040937225918,-0.060613178729933034,0.08998326060438487,0.1260150835683106,0.02614497363317922,0.22588519350344197,0.190326320792029,0.08278046331782639,0.2978721782662316,0.04526766253136555,-0.019649287565402948,0.11018461262813405,0.050821932038003795,-0.027808136663235145,0.12945200073924273
93.60606060606061,0.10624199712524621,-0.14638565693127567,0.35886965118176806,0.2532116840365408,0.15256923177974907,0.35385413629333257,0.07617772757398719,-0.04287049923151598,0.19522595437949036,0.015615193922845938,-0.05942839364842979,0.09065878149412167,0.12508903316645906,0.024713337461416976,0.22546472887150115,0.1878365773480431,0.0797462761440086,0.2959268785520776,0.044811898159182455,-0.01934458813008435,0.10896838444844925,0.05354937969718104,-0.024159584094792616,0.13125834348915472
94.48484848484848,0.09773180555956723,-0.16184632330248577,0.35730993442162023,0.24065420928284753,0.1402516459151791,0.3410567726505159,0.0822798883709166,-0.03813018249235582,0.20268995923418903,0.016660567685428423,-0.05820414782485689,0.09152528319571374,0.12330938300420591,0.022614995380725367,0.22400377062768645,0.1841305058229213,0.07569701889834617,0.2925639927474964,0.04436817913357895,-0.01909867146446287,0.10783502973162076,0.056284098452837175,-0.02058955034514777,0.13315774725082213
95.36363636363636,0.09069129290356354,-0.1744044189846115,0.3557870047917386,0.22841620392371526,0.12816298781997176,0.32866942002745875,0.08758560253545225,-0.0337280089651196,0.2088992140360241,0.01783135524623264,-0.056922000154798924,0.0925847106472642,0.12067301878856006,0.019854637851146967,0.22149139972597315,0.17928168612047368,0.0707146760899702,0.2878486961509772,0.04393745562092775,-0.018910625172161126,0.10678553641401661,0.05902631308280408,-0.017097856385034027,0.1351504825506422
96.24242424242425,0.08532285040267279,-0.18371584559000298,0.35436154639534856,0.2165025258479371,0.11631761604180135,0.31668743565407287,0.09204006170845813,-0.029724736698407417,0.21380486011532368,0.019138005734736452,-0.05556441738561979,0.0938404288550927,0.11723703856430341,0.016473980340639863,0.21800009678796695,0.17339427626062023,0.06488684089857219,0.2819017116226683,0.04352156753600792,-0.018778551975679944,0.10582168704769579,0.06177707377977189,-0.013683382541685288,0.13723753010122908
97.12121212121212,0.08167779769356129,-0.18982339039639598,0.3531789857835186,0.20491522726015723,0.10472626322990555,0.3051041912904089,0.09564493339461363,-0.026169162157628767,0.21745902894685604,0.020591059024179625,-0.05411438710998098,0.09529650515834023,0.11307987469373794,0.012526371008491272,0.2136333783789846,0.16658326864145656,0.05830149361498131,0.2748650436679318,0.04312267004751018,-0.0187000863057176,0.10494542640073795,0.0645377231958054,-0.010344531317199493,0.13941997770881032
98.0,0.0798072773844975,-0.1927906898846643,0.3524052446536593,0.19365635707726853,0.09339929120246535,0.2939134229520717,0.09840195127802001,-0.023115841639539225,0.21991974419557925,0.02220105509413728,-0.05255517087120558,0.09695728105948014,0.10827998453909825,0.008064833847043512,0.20849513523115298,0.15896366835699507,0.05104625122304067,0.26688108549094947,0.04274291869354538,-0.018672672294076507,0.10415850968116727,0.06730960432567877,-0.00707947482060553,0.14169868347196307
98.87878787878788,0.07976243208374989,-0.192658722296303,0.35218358646380277,0.18272796421616422,0.08234670233831567,0.2831092260940128,0.10031284904277823,-0.02061744216860875,0.22124314025416522,0.023978533924184336,-0.05087029822693344,0.09882736607530211,0.10291582546261882,0.0031439595913500956,0.20268769133388753,0.15065048050124813,0.04321041786492766,0.25809054313756863,0.04238446901222435,-0.01869356570820281,0.1034625037326515,0.07009406016416603,-0.003886157006309343,0.1440742773346414
99.75757575757575,0.08159439536560573,-0.18942568299845466,0.35261447372966614,0.17213209751602937,0.07157813752283614,0.2726860575092226,0.10137936110996343,-0.018719545049201383,0.22147826726912823,0.02593403549401485,-0.049043568222696315,0.10091163921072602,0.09706585486175812,-0.002178659698130886,0.19631036942164712,0.14175870984960645,0.03488652932545462,0.2486308903737583,0.04204947654892993,-0.01875984023921641,0.10285879333707627,0.07289243371224097,-0.0007623012930217804,0.14654716871750373
100.63636363636364,0.08530165076100107,-0.18315508504345965,0.35375838656546177,0.16187035293394708,0.06110232680605261,0.26263837906184156,0.10160751698524112,-0.017460450741797598,0.22067548471227982,0.028078100476788104,-0.04705912068132351,0.10321532163489971,0.0908087354186117,-0.007842675974996105,0.1894601468122195,0.1324015042505184,0.026168011203829097,0.23863499729720766,0.04174013923015301,-0.018868364585998,0.10234864304630402,0.07570610410291284,0.002294601993843695,0.149117606211982
101.51515151515152,0.09070604036338975,-0.17422206213588548,0.355634142862665,0.1519428070028859,0.05092582312852448,0.2529597908772473,0.10101775622729606,-0.016873296047166253,0.21890880850175837,0.03042127187224611,-0.044901583499158224,0.10574412724365044,0.08422381854734673,-0.013786696089099576,0.18223433318379303,0.1226857815434234,0.017142442851687145,0.22822912023515965,0.04145879717143837,-0.019015737698659406,0.10193333204153615,0.07853657169254165,0.005287338257775526,0.15178580512730777
102.39393939393939,0.09759240307858563,-0.16298416120019554,0.3581689673573668,0.14234921796393166,0.041054438249187,0.2436439976786763,0.09963353704040015,-0.01697127242587622,0.2162383465066765,0.03297409316750807,-0.04255589941098202,0.10850408574599817,0.07739059993904718,-0.019943542742974316,0.17472474262106868,0.11271715449350585,0.007902171882055942,0.21753213710495575,0.041207820274366896,-0.019198396540634342,0.10161403708936814,0.0813853622315879,0.008218878423194673,0.15455184603998112
103.27272727272728,0.10574557781240279,-0.1496835832984858,0.3611747389232914,0.13308934405817022,0.03149359965530808,0.23468508846103237,0.09747831762882533,-0.017742515159777733,0.2126991504174284,0.03574710784969329,-0.04000729768200048,0.11150151338138706,0.07038857528479722,-0.02623891227685546,0.1670160628464499,0.10260123586595012,-0.0014527800167361687,0.20665525174863641,0.0409895784405195,-0.019412660952963928,0.10139181783400293,0.08425400147051214,0.011092335277960899,0.15741566766306336
104.15151515151516,0.11495040347065479,-0.13445523691557804,0.36435604385688763,0.12416294352668789,0.022248309522091655,0.2260775775312841,0.09457555619684371,-0.019150986277283635,0.20830209867097105,0.03875085940592091,-0.03724132470942902,0.11474304352127083,0.06329724027568137,-0.032591709907422425,0.15918619045878518,0.09244363842594117,-0.010815078085347804,0.19570235493723015,0.04080644157147709,-0.019654758108742718,0.10126764125169689,0.08714401515977477,0.013910933853146012,0.16037709646640352
105.03030303030303,0.12499054480776745,-0.11737012863290983,0.36735121824844474,0.11556976924408231,0.013323077949056947,0.2178164605391077,0.09094878082448618,-0.02114156960274305,0.2030391312517154,0.041995887052492686,-0.03424389407380267,0.11823566817878804,0.05619605197872382,-0.03891525800988126,0.1513073619673289,0.08234991407034742,-0.020071394916527194,0.18477122305722204,0.04066077879100574,-0.019920850944715685,0.10124240852672717,0.09005693045074656,0.01667797932855082,0.1634358815729423
105.9090909090909,0.13548445980863635,-0.09884383662232749,0.3698127562396002,0.10730881900329928,0.004720746307432772,0.20989689169916578,0.08663135132944536,-0.02366164367376493,0.19692434633265565,0.04549212908836234,-0.031002201529472237,0.12198645970619691,0.049159032935054525,-0.0451298800158452,0.14344794588595425,0.07241705033378634,-0.029118654395100432,0.1739527550626731,0.04055484978189536,-0.020207224562915273,0.10131692412670598,0.0929944716072591,0.019396958584230004,0.16659198463028818
106.78787878787878,0.14571648700377765,-0.08001532885867194,0.3714483028662272,0.09937756349600202,-0.003558713363291083,0.20231384035529512,0.0816765115501013,-0.02668187222680536,0.19003489532700796,0.049248308498019755,-0.027505658973298014,0.12600227596933752,0.042249214726825024,-0.051176133099198176,0.1356745625528482,0.06272471391075071,-0.0378810544047288,0.16333048222623023,0.04049069289000547,-0.02051047753440162,0.10149186331441255,0.09595876153968849,0.022071645552613164,0.16984587752676383
107.66666666666666,0.15493065850808757,-0.062088471296829734,0.37194978831300485,0.09177328919237801,-0.011516261976921127,0.19506284036167715,0.07613990402862567,-0.03017374826047732,0.18245355631772864,0.05327300165680282,-0.023744383199774774,0.13029038651338043,0.035528303044639026,-0.056996865631526186,0.12805347172080422,0.0533504820005789,-0.0462859218212122,0.15298688582237002,0.040470319760271135,-0.020827265932886967,0.10176790545342923,0.09895197124903571,0.024705824948440647,0.17319811754963077
108.54545454545455,0.1623710064364625,-0.04618879846609386,0.37093081133901884,0.0844932825626145,-0.01915356337432067,0.18814012849954967,0.0700771713071899,-0.034105922823929505,0.1742602654383093,0.057574784940049556,-0.01970901513776528,0.1348585850178644,0.029058003579099906,-0.06253539119355472,0.12065139835175454,0.04437193180260904,-0.054261084484210687,0.14300494808942876,0.04049574203762744,-0.02115428733248028,0.10214577140773515,0.1019762717363017,0.027303231219472562,0.17664931225313082
109.42424242424242,0.16728156290379834,-0.033339353129540034,0.3679024789371367,0.07753483007689932,-0.026473040961640965,0.1815427011154396,0.06354395592796586,-0.038447718024073624,0.16553562988000534,0.06216223472309759,-0.015390762082541462,0.13971523152873666,0.022900022020811622,-0.06773691752350584,0.11353696156512909,0.03586664051617991,-0.06173640997072215,0.13346969100308198,0.040568971367009446,-0.021488303019510484,0.10262624575352938,0.1050338340024873,0.029867521642618772,0.18020014636235582
110.30303030303031,0.1689227326148423,-0.02448020580019547,0.3623256710298801,0.0708951577226583,-0.033478043889065195,0.17526835933438178,0.05659699179962632,-0.04317778200767969,0.15637176560693233,0.06704384962897564,-0.010781554259821385,0.14486925351777266,0.017115742285515212,-0.07255144792954792,0.10678293250057834,0.02791161512665577,-0.06864715371063729,0.12447038396394883,0.04069200631083199,-0.021826177597879387,0.10321019021954336,0.10812683670149636,0.03240225185130066,0.18385142155169207
111.18181818181819,0.16714929779277488,-0.020172074257976624,0.3544706698435264,0.0645692957691135,-0.0401761885847995,0.16931478012302648,0.04933263293485268,-0.04830003724565389,0.14696530311535927,0.0722253056225287,-0.005877689202680433,0.15032830044773782,0.011754866829523453,-0.07696141956938896,0.10047115322843586,0.02056316202348185,-0.07497161909266173,0.11609794313962543,0.04086637049406924,-0.022165529718984597,0.10389827070712308,0.11125773631214915,0.03491091723432596,0.18760455538997234
112.06060606060606,0.16256464511159482,-0.020418501343309303,0.34554779156649895,0.058549509030250746,-0.046580054344008096,0.16367907240450957,0.041897133931867,-0.0538276791562087,0.1376219470199427,0.07770872359726483,-0.0006806580056041983,0.15609810520013384,0.0068523855868047046,-0.08098452383561872,0.09468929500922812,0.013851515684296573,-0.08073630191051909,0.10843933327911223,0.04109298936920249,-0.022504889372185775,0.10469086811059075,0.11442933922718869,0.037396983775582926,0.19146169467879445
112.93939393939394,0.1558198947434084,-0.024895824879506256,0.33653561436632307,0.0528278859854749,-0.05270300379875199,0.1583587757697018,0.03443993121542621,-0.05974524354087178,0.12862510597172422,0.08349599776357433,0.004807368945283136,0.16218462658186553,0.002442350372196006,-0.084636716311305,0.08952141705569701,0.007805248155328431,-0.08596648094973841,0.10157697726039527,0.04137275024725455,-0.022842914324046837,0.10558841481855594,0.11764447415102816,0.03986383120014357,0.19542511710191274
113.81818181818181,0.14756616686032187,-0.03285133879742205,0.3279836725180658,0.04739651511419074,-0.05855883328800493,0.1533518635163864,0.027110461210287262,-0.06598831548659313,0.12020923790716766,0.08958902233184728,0.010583897872266962,0.1685941467914276,-0.0014411869994658821,-0.0879264943151164,0.08504412031618463,0.002452931482805898,-0.09067940350934471,0.0955852664749565,0.04170654043924825,-0.02317833370515987,0.10659141458365637,0.12090596978808069,0.04231475279404602,0.19949718678211537
114.69696969696969,0.1384545816344414,-0.04312732103841324,0.32003648430729603,0.04224748489580313,-0.06416172369178026,0.1486566934833865,0.020058160341207054,-0.0724339240232708,0.11255024470568491,0.095989691512474,0.01664614826635262,0.17533323475859536,-0.004764174713344005,-0.09085254412660641,0.0813241946999184,-0.002176862287042447,-0.09488175179921843,0.09052802722513353,0.042095247256206406,-0.023509945266195875,0.10770043977860869,0.12421665484275943,0.044752958727878545,0.2036803509576403
115.57575757575758,0.1291368188243195,-0.05436629504990037,0.31263993269853935,0.03737283374884143,-0.06952631894049817,0.144271986438181,0.01343178898902092,-0.07890773999769803,0.10577131797573987,0.10269974853745525,0.022990880696387023,0.18240861637852349,-0.007492372344577197,-0.09340327109994707,0.07841852641079268,-0.006055563424625321,-0.09856934236235654,0.0864582155131059,0.042539728042635394,-0.02383665161375917,0.10891610769902996,0.12757931399752917,0.04718152444115213,0.2079771035539062
116.45454545454545,0.12027333418274556,-0.06559531935233008,0.3061419877178212,0.03276381498712638,-0.07466920910210947,0.14019683907636224,0.007369505137743593,-0.08525014185737674,0.09998915213286393,0.10971856884470889,0.02961162221828187,0.1898255154711359,-0.009588581497291887,-0.0955630197299446,0.07638585673536083,-0.00915463853216994,-0.10173684042019415,0.08342756335585427,0.04304037017816344,-0.024158011329048767,0.11023875168537564,0.13099604153863778,0.049602609674573916,0.21238947340270165
117.33333333333334,0.11253155143293783,-0.07617140166334041,0.3012345045292161,0.02841105856645809,-0.07960843768118028,0.13643055481409647,0.0020010486724791887,-0.09131388439317403,0.09531598173813241,0.1170436478892471,0.036499400960708,0.19758789481778619,-0.011013255203591199,-0.0973093131924377,0.0752828027852553,-0.011445583058668218,-0.10437412353070892,0.08148295741337248,0.043597187899355544,-0.024474086630127692,0.11166846242883878,0.13446838359103183,0.052017667948113744,0.21691909923394992
118.21212121212122,0.106579086236266,-0.08535092154246415,0.29850909401499615,0.024305177271756767,-0.08436212068995112,0.13297247523346467,-0.0025440724047327556,-0.09691916283470067,0.09183101802523516,0.12467242934049377,0.04364515200511841,0.20569970667586912,-0.011726781802339853,-0.09860602514019749,0.07515246153551779,-0.012899893247718452,-0.10645644112324086,0.08065665462780396,0.04421018516426149,-0.024784963929949277,0.11320533425847226,0.13799787118012932,0.05442812082612937,0.2215676215341293
119.0909090909091,0.10308355425409935,-0.09221480431520976,0.2983819128234084,0.02043678388794226,-0.0889483412948138,0.12982190907069832,-0.006136350091853371,-0.10185592973985479,0.08958322955614804,0.13260235686787342,0.05103983492432489,0.21416487881142193,-0.01168954963240254,-0.09940325484261331,0.07602415557780823,-0.013489065342919021,-0.10794420958175811,0.08096607889592007,0.044879365930931114,-0.02509073214757193,0.11484946400943416,0.14158603533134842,0.0568353868374816,0.22633668382521524
119.96969696969697,0.10271257114780724,-0.09570772312692338,0.30113286542253787,0.016796491199934677,-0.09338510462111421,0.12697808702098357,-0.008646276386843343,-0.10589717493000578,0.08860462215631909,0.14083087414081025,0.05867446748209028,0.22298728079953023,-0.010861947032643954,-0.09963928725324567,0.07791539318795776,-0.01318459558786822,-0.1087851229579202,0.08241593178218376,0.04560473415741422,-0.025391476413741988,0.11660094472857044,0.14523440707010732,0.059240889099589966,0.23122792504062467
120.84848484848484,0.10606744225209655,-0.09488613086411357,0.30702101536830667,0.013374930610483032,-0.09769041699578335,0.12444027821674941,-0.009939583830954668,-0.10882461989918255,0.08894545223727321,0.14935544304947584,0.06654007088466883,0.23217081521428284,-0.009203108511217778,-0.09924496458714759,0.08083874756471203,-0.0119564994824915,-0.10891872998914076,0.08500573102415776,0.04638621704526989,-0.02568736345981179,0.11845979755035158,0.14894451577198292,0.061646043212642,0.23624298833132384
121.72727272727272,0.11319979439954428,-0.0899298692876076,0.31632945808669616,0.010162887854563984,-0.1018829969748661,0.12220877268399406,-0.009842551517291853,-0.11048132372589635,0.09079622069131264,0.15817367652466446,0.0746271712314075,0.24172018181792143,-0.006661774964576234,-0.09815295139558029,0.08482940146642783,-0.009762517923268266,-0.10828545964213625,0.08876042379559972,0.047223105524227725,-0.02597928385384752,0.12042549490230298,0.15271787713621743,0.06405214503831617,0.24138360923411867
122.60606060606061,0.12388946357539218,-0.08155543188130848,0.32933435903209285,0.007151224977372944,-0.10598174630492775,0.12028419625967364,-0.008161950615580782,-0.11073910179643118,0.09441520056526961,0.16728326217984177,0.08292617580877688,0.25164034855090667,-0.003181548124149808,-0.096294988644664,0.08993189239636439,-0.006554322577376703,-0.10682421123231294,0.09371556607755953,0.04811437591673509,-0.026268449567098298,0.12249720140056848,0.15655600009973178,0.06646047544449649,0.24665152475496707
123.48484848484848,0.13791435410311204,-0.07037281530955397,0.34620152351577804,0.00433080456645471,-0.11000520216567786,0.11866681129858728,-0.004704413649562533,-0.1094575470810185,0.10004871978189343,0.1766818881592548,0.09142776386724923,0.2619360124512604,0.001294006803512604,-0.09359715768307578,0.09618517129010098,-0.0022835419769952903,-0.10446778567177348,0.0999007017177829,0.04905900230927417,-0.026556015317534286,0.12467401993608263,0.16046039355138578,0.06887238730681469,0.25204839979595683
124.36363636363637,0.15505237030617666,-0.05680633785875816,0.3669110784711115,0.0016924892093539423,-0.11397141982407583,0.11735639824278371,0.000723426857022369,-0.10647133479969535,0.10791818851374009,0.18636724260715126,0.10012297399335159,0.27261151122095095,0.006821324611862495,-0.08997913212683982,0.10362178135056481,0.003098195345698024,-0.10114208365890223,0.10733847435029828,0.05005595878832721,-0.02684306903339323,0.12695498661004764,0.1644325663800395,0.07128931439936219,0.2575758183607168
125.24242424242425,0.17508141650805803,-0.04110369733324987,0.3912665303493659,-0.0007728585063847271,-0.1178978845816529,0.11635216756888345,0.00831493838043268,-0.10158646802730788,0.11821634478817324,0.19633701366777834,0.10900326976574426,0.2836707575698124,0.013456840094350858,-0.08535464591556868,0.1122683261042704,0.009639260858524568,-0.09676660970814824,0.11604513142519737,0.05110421944037638,-0.027130627446429093,0.12933906632718184,0.16847402747455284,0.07371277673232726,0.2632352782167784
126.12121212121212,0.19788925247258418,-0.02338479353845202,0.4191632984836204,-0.003074203804175918,-0.12180142060470366,0.11565301299635182,0.01825577334602646,-0.09460066960480108,0.131112216296854,0.20658802078703428,0.11805961064524959,0.295116430928819,0.021255579852382633,-0.07963681094778502,0.12214797065255029,0.017387049592986342,-0.09125965849889563,0.1260337576848683,0.052202660537555415,-0.027419741421383828,0.13182506249649467,0.17258606414943542,0.07614414987501993,0.2690279784238509
127.0,0.22388805286233013,-0.0035371024733930057,0.45131320819805326,-0.00521968993177252,-0.1256980171359497,0.11525863727240464,0.030694754982317163,-0.08536608687879432,0.14675559684342865,0.2171129365214563,0.12727881885788012,0.3069470541850325,0.030265848226843445,-0.0727541411483336,0.1332858376020205,0.02638429538445078,-0.0845535327758771,0.13732212354477866,0.053349691417438325,-0.02771189619412713,0.1344112790290038,0.1767689059937883,0.07858379111350411,0.2749540208740725
127.87878787878788,0.2536463003248298,0.01880380871073606,0.4884887919389236,-0.007217215137481803,-0.12960283121446844,0.11516840093950484,0.045769729145588745,-0.07372234748017585,0.16526180577135335,0.22790319739877804,0.13664691844698917,0.3191594763505669,0.040533945910365354,-0.0646373725308556,0.14570526435158632,0.036672342744341724,-0.07658215983706315,0.1499268453257466,0.05454358224230055,-0.02800864071332833,0.1370958051979294,0.18102246732930188,0.08103183386970235,0.2810131007889014
128.75757575757575,0.28773250432779307,0.04430036446685301,0.5311646441887331,-0.009074677627572802,-0.13353014686739917,0.11538079161225355,0.06361853980856744,-0.05946957270409123,0.1867066523212261,0.23895023973464863,0.1461505841698882,0.33174989529940907,0.05210617325178335,-0.055213911393071316,0.159426257896638,0.04829253594569527,-0.06727588121967747,0.16386095311106802,0.055782603150537034,-0.028311431699518268,0.13987663800059233,0.18534666242357128,0.08348852325086567,0.2872048015962769
129.63636363636363,0.32671517433892994,0.07390541541790524,0.5795249332599546,-0.010799975608314527,-0.13749332646920281,0.11589337525257376,0.08437903094398022,-0.04237357079456455,0.211131632682525,0.2502454998447173,0.15577717801002325,0.34471382167941134,0.0650288305999327,-0.044408718509948555,0.17446637970981393,0.061286219261547675,-0.05656240498190232,0.17913484350499767,0.05706502428054277,-0.02862163384438022,0.14275168240546576,0.18974140554419167,0.08595421583335437,0.29352859525502895
130.5151515151515,0.371162321613166,0.10877436517893624,0.6335502780473957,-0.012401006692662642,-0.14150479556208365,0.11670278217675836,0.10818894543925586,-0.022176936322705676,0.2385548272012174,0.2617804136059852,0.1655147596145099,0.3580460675974605,0.07934820182581731,-0.03214600095449292,0.19084240460612756,0.07569472137021088,-0.044368625402907064,0.19575806814332883,0.058389115549617114,-0.028940522015037336,0.14571875311427157,0.19420661024423214,0.08842937654598887,0.2999838439424754
131.39393939393938,0.42121679507126003,0.14957479007682573,0.6928588000656943,-0.013885162174816612,-0.14557583561103934,0.11780551126140612,0.13509976251646033,0.001276102965933168,0.2689234220669875,0.27354604256451565,0.17535148984121846,0.37174059528781284,0.09509650903148814,-0.01837293820653997,0.20856595626951624,0.09154606280258248,-0.03064434039476903,0.213736465999934,0.05975295819763841,-0.02926948848746925,0.14877540488274607,0.1987415803181844,0.09091394688241643,0.30656921375395235
132.27272727272728,0.4758214981447765,0.19533933287509508,0.7563036634144579,-0.015258404353839933,-0.14971618396124348,0.11919937525356361,0.16491949745973292,0.027822482124880976,0.30201651279458486,0.28553239178350714,0.18527455890735567,0.3857902246596586,0.11226628746324832,-0.003101905936224003,0.22763448086272065,0.10883070419731071,-0.015404377675081876,0.2330657860697033,0.0611541009558356,-0.029610417934223678,0.1519186198458949,0.20334389862480431,0.09340619598594413,0.3132816012636645
133.15151515151516,0.5337091507472109,0.24475455520693756,0.8226637462874843,-0.016526445224738034,-0.1539345087322492,0.12088161828277313,0.1974135201935203,0.05723324368124508,0.3375937967057955,0.2977292812716797,0.19527158260079436,0.400186979942565,0.13084312078248392,0.013638183397490483,0.24804805816747735,0.12753252716894292,0.0013195341176024389,0.2537455202202834,0.06258999928074933,-0.02996521293983516,0.1551452115013338,0.20801084658221458,0.09590418284163657,0.32011751032279256
134.03030303030303,0.5936124727920649,0.29649068438775916,0.8907342611963706,-0.017694996782516792,-0.1582384843344201,0.1228484907693865,0.2323472006422717,0.08927412410132707,0.37542027718321636,0.31012653103775445,0.20533091766415434,0.41492214441135455,0.1508125926505826,0.0318135592913691,0.26981162600979613,0.147635413332028,0.01949043492426966,0.27578039173978636,0.06405810862892039,-0.030335693622363047,0.15845191088020383,0.21273970560853842,0.0984060663213309,0.3270733448957459
134.9090909090909,0.6542641841928374,0.3492338509286772,0.9592945174569976,-0.018769771022181775,-0.16263478524761843,0.12509524320325488,0.2694859087304357,0.1237096779915349,0.41526213946933654,0.3227139610904523,0.21544166643369309,0.4299862557472115,0.17216028672893152,0.05138649357882115,0.2929340798790419,0.1691232443011145,0.03906710284720838,0.2991793857550206,0.06555588445688948,-0.03072359917633842,0.1618353680901174,0.21752775712189887,0.10091010331475596,0.33414541092904176
135.78787878787878,0.7143960144572262,0.40169444043471214,1.0270975884797404,-0.019756476657970617,-0.16712910336254452,0.1276161500466033,0.3085943241984231,0.16030414215665637,0.45688450624018984,0.3354814004564375,0.2255936704804691,0.4453691304324059,0.19487166704101389,0.0723156921004727,0.31742764198155504,0.19197978671067126,0.0600044897761986,0.3239550836451439,0.06708078096248701,-0.03113059167282238,0.16529215359779642,0.22237227850005759,0.10341464161098618,0.341329915389129
136.66666666666669,0.7726592879882953,0.4524474128006323,1.0928711631759582,-0.02066055605824671,-0.17172604793575358,0.13040493581926016,0.3493810948857294,0.19875332309116764,0.5000088666802911,0.3484194102750947,0.2357781121499042,0.46106070840028524,0.2189224849267214,0.09454314747667363,0.34330182237676915,0.21617947265238957,0.08224067447917222,0.3501182708256069,0.06863015015640246,-0.031558367787511823,0.16881866810031676,0.22727021910808004,0.10591778284509792,0.3486226553710622
137.54545454545456,0.8275668546114819,0.4998734640573333,1.1552602451656306,-0.021486992887506273,-0.17642905107707443,0.1334550653020619,0.39145836986043114,0.23864050988838365,0.5442762298324786,0.3615198125385875,0.24598797034385506,0.47705165473331995,0.24427176443276793,0.11798578782715699,0.3705577410383789,0.24168065816315554,0.10568868168651871,0.3776726346397924,0.07020116806147905,-0.03200874011779262,0.17241107624075072,0.23221796340386763,0.10841713649959321,0.35601879030814204
138.42424242424244,0.8776178727824206,0.5424790108199522,1.212756734744889,-0.02224072545690789,-0.18124059613310145,0.13675914521928567,0.4344287570864719,0.2795507560354842,0.5893067581374596,0.37477455390313064,0.2562170222517173,0.493332085554544,0.2708768757314859,0.1425586733675477,0.3991950780954241,0.2684401097952379,0.13025971616453547,0.40662050342594036,0.07179099330014832,-0.03248346826580732,0.17606545486610398,0.23721183999136689,0.11091034146911982,0.36351333851361395
139.3030303030303,0.9213115009567445,0.5789376212070935,1.2636853807063955,-0.02292669207761011,-0.18616229979510293,0.1403089156398827,0.47789486452779356,0.3210833872408085,0.6347063418147787,0.38817558102493854,0.266459691280495,0.509891470769382,0.2986951889952068,0.16817834496462594,0.4292120330257877,0.29641459410090476,0.15586657712953322,0.4369626110722763,0.07339678449484172,-0.03298424344559146,0.1797778124352749,0.24224817747452415,0.11339511948280143,0.37110123546624685
140.1818181818182,0.9571468975900868,0.6080738827178966,1.3062199124622769,-0.023549831060771576,-0.19119498474894975,0.1440953226274066,0.5214593001483383,0.36284947211833385,0.6800691281783428,0.40171484056022566,0.27671099288371215,0.5267186882367392,0.32768407439626235,0.1947634096970677,0.46060473909545696,0.3255608776324239,0.18242428881319725,0.46869746645165056,0.07501570026799073,-0.03351269239175381,0.18354409292773527,0.24732330445728581,0.11586927036988429,0.3787773385446873
141.06060606060606,0.9836432489870137,0.6288411900195692,1.3384453079544583,-0.024115070236005537,-0.1963387548969053,0.14810861442489423,0.5647276774765897,0.40446874280343914,0.7249866121497403,0.4153842441111733,0.286966435603076,0.5438020526192706,0.3578002463005129,0.22223395731383608,0.49336653528718966,0.35583507521484337,0.20984952655431233,0.5018206238753744,0.07664490711296117,-0.034070374462080125,0.18736018868800247,0.25243354880721747,0.11833066529920333,0.3865364323152316
141.93939393939394,0.9998508315008636,0.6406666039900427,1.3590350590116844,-0.024627059487728836,-0.20159294515231732,0.15233882617685965,0.6073853103335689,0.44561861682961124,0.7691520038375266,0.42917477373190493,0.29722096457675573,0.5611285828870541,0.3889830286744844,0.2504912434944192,0.5274748138545496,0.38717601944573854,0.2380401288374532,0.5363119100540239,0.07828178024123529,-0.03465860394671391,0.1912221644291845,0.2575752188648497,0.12077719994059294,0.39437323778910643
142.8181818181818,1.0053933751282684,0.6434116928499103,1.3673750574066266,-0.02509014858423711,-0.20695621305966758,0.15677591589119336,0.6492035703062693,0.4860278059942344,0.8123793346183041,0.44307640778099017,0.3074688025441629,0.5786840130178175,0.42115296790097756,0.27941599597846734,0.5628899398234878,0.41950388213939294,0.2668733884801362,0.5721343757986497,0.07992392023128275,-0.035278444488966124,0.19512628495153161,0.2627446018860602,0.12320677949921838,0.402282424272902
143.6969696969697,0.999923126080455,0.6369066593244952,1.3629395928364147,-0.025508672369906893,-0.21242676767804491,0.16140942293823113,0.6899581083890098,0.5254086567616738,0.8545075600163459,0.45707907470608083,0.317704445616936,0.5964537037952257,0.45422967660709435,0.3088904624208895,0.5995688907932992,0.45273790716254475,0.2962283126058275,0.609247501719262,0.08156893886843086,-0.03593091074357185,0.19906878848043358,0.2679379840782471,0.12561735389452983,0.41025861426196436
144.57575757575756,0.9830923305686493,0.6208992802651568,1.345285380872142,-0.025886965689114777,-0.21800244215398848,0.16622851077575893,0.7294245755761092,0.563449487213157,0.8953996639390613,0.47117270295482855,0.32792267020419874,0.6144227357054584,0.488132767419937,0.33880003450358076,0.6374655003362932,0.48679733838193195,0.3259872940064211,0.6476073827574428,0.08321444793800692,-0.03661698222298118,0.20304587809899502,0.2731516516488085,0.12800691561175234,0.41829638768586463
145.45454545454544,0.9545532348040786,0.5950101117474411,1.314096357860716,-0.026229363386237325,-0.22368075504361465,0.17122202827114,0.7673786228618865,0.5998095782170573,0.9349476675067158,0.485347220974885,0.33811848728799576,0.6325759546617742,0.5227818529666078,0.369033508031438,0.6765301979017777,0.5216014196642926,0.3560363912285345,0.6871664481000508,0.08485805922533826,-0.03733760684870634,0.20705372529938287,0.2783818908051425,0.13037349540034865,0.4263902862099363
146.33333333333331,0.9140367367945553,0.558720531319052,1.2693529422700587,-0.026540140618453528,-0.22945894395850489,0.17637866272159783,0.8036122750467811,0.6341265798916277,0.9730979702019346,0.4995926299532566,0.3482871455692551,0.6508981143372581,0.5580967008925192,0.3994826791896785,0.7167107225953598,0.5570695720404228,0.3862649040317098,0.7278742400491358,0.0864975002878822,-0.03809359450140204,0.21108859507716643,0.2836250581538674,0.1327152213817967,0.4345348949259381
147.21212121212122,0.8622563206287529,0.5119360911832213,1.2125765500742847,-0.02682282687898893,-0.23533374942361843,0.18168809566564056,0.8381221126398528,0.6661626096086526,1.010081615671053,0.5138998397997079,0.3584246171211046,0.6693750624783111,0.5939990154655181,0.43003849203501743,0.7579595388960189,0.5931234298273367,0.4165613423748884,0.769685517279785,0.0881319450083983,-0.038884359685835285,0.21514824970263188,0.2888783897893826,0.1350310394533377,0.4427257401254274
148.0909090909091,0.800593390197611,0.45480313279849643,1.1463836475967255,-0.027080444790750252,-0.2413015606883297,0.1871406711068292,0.8710437643324129,0.6957820701859838,1.046305458478842,0.5282603781346908,0.36852737570885274,0.6879933805605289,0.6304118173861756,0.4605970496383882,0.8002265851339629,0.6296861318389253,0.4468198586258424,0.8125524050520082,0.08976155041944711,-0.03970837395511875,0.21923147479401298,0.29413971964409436,0.13732044466057838,0.45095899462761035
148.96969696969697,0.7304421133199873,0.38732728652388676,1.0735569401160878,-0.027316007290366984,-0.24735863570946598,0.192726621128732,0.902515516022478,0.7228749071086377,1.0821561249363185,0.5426657843830914,0.37859199757740486,0.7067395711887781,0.6672581525120549,0.4910654165353955,0.8434508884887143,0.6666808456399733,0.47694641074605526,0.8564152805338914,0.09138649234155324,-0.04056408600862632,0.2233370706917328,0.2994068930750763,0.13958294839842544,0.45923083775172713
149.84848484848484,0.6531966578147386,0.3094631376410648,0.9969301779884123,-0.027532527314468813,-0.25350112023526333,0.1984360656063257,0.9326756536080647,0.7473756665982214,1.117975640617908,0.5571075979697958,0.38861514263949315,0.7256000533000985,0.7044610667007198,0.5213620944333391,0.8875600389681005,0.7040307387952651,0.5068592728989029,0.9012022046916274,0.09300694659524127,-0.04144994025809008,0.22746383344857263,0.3046777554394017,0.14181806725515292,0.46753744362365046
150.72727272727275,0.5702511915007195,0.22125663786231464,0.9192457451391243,-0.027733017799685344,-0.2597250636881846,0.20425902808881388,0.9616624629871899,0.769279237877579,1.1540456880968009,0.5715773583196904,0.3985935426327256,0.7445611740066551,0.7419436058097353,0.5514166737782837,0.9324705378411868,0.7416589788695862,0.5364886602371075,0.9468292975020649,0.09462308900103583,-0.042364377630704414,0.23161055563277608,0.3099501520941442,0.1440253220396497,0.47587498214863877
151.60606060606062,0.4829339296286782,0.12293109387391143,0.842936765383445,-0.027920384800255604,-0.26602642173879687,0.21018565213828566,0.9896151072972723,0.7886484750416698,1.1905817395528748,0.5860671088247584,0.4085244234711133,0.7636097941784036,0.7796331595032122,0.5811729237630887,0.9780933952433357,0.7794930811839236,0.5657797264968478,0.9932064358709993,0.09623513661410757,-0.04330581113739948,0.23577608436561462,0.3152221225630092,0.146204411595667,0.4842398335303514
152.4848484848485,0.3921208653031869,0.014587075238400804,0.7696546553679731,-0.028096801501549473,-0.272401026659843,0.21620742365674409,1.016678764711949,0.8056130613406913,1.2277444680832068,0.6005723484677121,0.4184080122100784,0.7827366847253459,0.8174869019643074,0.6106106886531119,1.024363115275503,0.8174903726602127,0.5947142110436914,1.040266534276734,0.09784358922645914,-0.044272483903587845,0.23995966235650612,0.32049303772727655,0.14835622943439664,0.49262984602015647
153.36363636363637,0.29849830588991255,-0.10337381884967917,0.7003704306295042,-0.028264133685209858,-0.2788447327940476,0.22231646542362787,1.043001136427224,0.8203631279370163,1.2656391449174318,0.615090025687655,0.42824573969085983,0.8019343116844502,0.8554745005690676,0.639727996332895,1.0712210048052402,0.8556206847728558,0.6232924855727979,1.0879488839729137,0.09944906522478245,-0.045262583388688105,0.244160713838253,0.32576282690957487,0.15048215128656592,0.5010435025325838
154.24242424242425,0.20275190980432553,-0.23003225254314538,0.6355360721517964,-0.02842424608119462,-0.2853534721187868,0.22850497995639754,1.0687299322708288,0.8331393566315712,1.3043205079100864,0.6296170938825512,0.4380389830414474,0.8211952047236549,0.8935656654350772,0.6685283588429166,1.1186029720272377,0.8938538917766541,0.6515208241865739,1.1361869593667344,0.10105218340150386,-0.04627431611901246,0.2483786829220202,0.33103142134306457,0.1525835312073895,0.5094793114787397
155.12121212121212,0.10556733546189614,-0.3640705664760142,0.5752052373998064,-0.028579003419461457,-0.2919232520609897,0.23476524522206677,1.0940128620704956,0.8442206232604748,1.3438051008805165,0.6441505064503639,0.44778906313121325,0.8405119497695145,0.9317301066799204,0.6970196881409123,1.1664405252189285,0.9321598679264091,0.6794102390704669,1.1849094967823515,0.10265356254904971,-0.04730590713702591,0.2526130322351253,0.3362987522609059,0.15466170082455927,0.5179358036972526
156.0,0.007630241278094835,-0.5039333149269998,0.5191937974831895,-0.028730270429968063,-0.2985501540257215,0.24108961316578537,1.1189976356539566,0.8539116885110949,1.3840835827968183,0.6586872167890571,0.45749724566806904,0.8598771879100451,0.9699375344211811,0.7252132995122911,1.2146617693300712,0.9705084874769228,0.7069754073081936,1.2340415676456518,0.10425382145984637,-0.048355599304513566,0.2568632422242063,0.3415647508962593,0.15671797018227696,0.5264115316102417
