Tempo (BPM),boeck2015/tempodetector2016_default,boeck2015/tempodetector2016_default_lowerci,boeck2015/tempodetector2016_default_upperci,davies2009/mirex_qm_tempotracker,davies2009/mirex_qm_tempotracker_lowerci,davies2009/mirex_qm_tempotracker_upperci,percival2014/stem,percival2014/stem_lowerci,percival2014/stem_upperci,schreiber2014/default,schreiber2014/default_lowerci,schreiber2014/default_upperci,schreiber2017/ismir2017,schreiber2017/ismir2017_lowerci,schreiber2017/ismir2017_upperci,schreiber2017/mirex2017,schreiber2017/mirex2017_lowerci,schreiber2017/mirex2017_upperci,schreiber2018/cnn,schreiber2018/cnn_lowerci,schreiber2018/cnn_upperci,schreiber2018/fcn,schreiber2018/fcn_lowerci,schreiber2018/fcn_upperci,schreiber2018/ismir2018,schreiber2018/ismir2018_lowerci,schreiber2018/ismir2018_upperci
36.989446357053,1.0264638266398614,0.5155737401354727,1.53735391314425,1.7806220095315475,1.5846931614004176,1.9765508576626774,1.1790036669661663,0.8379805571166774,1.5200267768156552,1.272035900483682,0.9874346880024285,1.5566371129649357,0.9946199897829021,0.5225621580964959,1.4666778214693084,1.0781060410239656,0.6052462682658286,1.5509658137821025,0.876887911472726,0.36037365358301343,1.3934021693624388,0.9628327823583981,0.4331943566962926,1.4924712080205036,0.9157035254308337,0.3691998546830161,1.4622071961786514
40.27071755837663,0.9282918539424622,0.5042210444897222,1.3523626633952022,1.6808270521997475,1.5058886647373468,1.8557654396621481,1.0878089222442058,0.7833206679951165,1.3922971764932952,1.1379679651743624,0.8926643080412192,1.3832716223075054,1.0097039721614958,0.6324289874221283,1.3869789569008633,1.0670894045191308,0.689173497661136,1.4450053113771255,0.9189239884530777,0.5061188284012894,1.331729148504866,0.9041018198697593,0.46446871321742556,1.3437349265220933,0.6316626399394166,0.2158765638717281,1.047448716007105
43.55198875970026,0.8285262023402812,0.4825506260451537,1.1745017786354086,1.5811917991008446,1.4262281566724446,1.7361554415292446,0.9966620717509255,0.726940773643928,1.266383369857923,1.0049489613446958,0.7963182969292328,1.2135796257601588,1.0130706279086805,0.7169627868617099,1.3091784689556512,1.040343907132109,0.7437330322967807,1.3369547819674374,0.9567475820039582,0.6327535467237564,1.28074161728416,0.8443290903641203,0.4856571090769733,1.2030010716512674,0.5582350542607684,0.17214527817498193,0.9443248303465548
46.83325996102389,0.7277278303412908,0.448675389515359,1.0067802711672227,1.4817353163539284,1.3454056824305443,1.6180649502773126,0.9058818758477651,0.668593920711729,1.1431698309838014,0.8743087661315496,0.698873406763811,1.0497441254992883,0.9999027236801239,0.768425931432598,1.23137951592765,0.9952992349238984,0.7634292053770513,1.2271692644707455,0.9816578260527469,0.7283815206066635,1.2349341314988302,0.7822860181876777,0.49299307761122196,1.0715789587641336,0.6248162239070634,0.28652385556233045,0.9631085922517963
50.114531162347525,0.6264576964534647,0.40118344398171984,0.8517319489252095,1.3824766700780904,1.2631142721199418,1.501839068036239,0.8157870948961652,0.608031388990432,1.0235428008018985,0.7473772566717922,0.6008512005284867,0.8939033128150977,0.9653830261314924,0.7799609786326558,1.150805073630329,0.9293850739554971,0.7436480278579453,1.115122120053049,0.984953854526823,0.7820695364802241,1.187838172573422,0.7167440276866289,0.4832027952902205,0.9502852600830374,0.7608016043904773,0.5008417530620919,1.0207614557188627
53.39580236367115,0.525276759184776,0.3400898569353103,0.7104636614342417,1.2834349263924203,1.1790572787503804,1.3878125740344602,0.7266964892575664,0.545022425753453,0.9083705527616797,0.6254843101022916,0.5029152476513115,0.7480533725532716,0.9046943019184531,0.7485303152169914,1.0608582886199147,0.8400311102879034,0.6836018291533132,0.9964603914224937,0.9579348013535658,0.7870639455263322,1.1288056571807994,0.6464745432071713,0.4544917626608772,0.8384573237534655,0.8955866512231845,0.7106332107013259,1.0805400917450432
56.677073564994785,0.42474952150227674,0.26790912336842265,0.5815899196361308,1.184629744440429,1.092970349076005,1.276289139804853,0.6389296150484791,0.47939225058043733,0.7984669795165209,0.5099597274464053,0.4060316829737284,0.6138877719190822,0.8130362968100883,0.6766875812288086,0.949385012391368,0.7246818402845814,0.5881014928400791,0.8612621877290837,0.8919225557241702,0.7427330901218602,1.0411120213264802,0.5702548456790177,0.40765881232044376,0.7328508790375917,0.9586643142932405,0.8092653422165607,1.1080632863699202
59.95834476631842,0.3264765186342332,0.18951229922512916,0.4634407380433373,1.0862541222072404,1.0048093149701973,1.1676989294442834,0.55303862464529,0.4112802173969618,0.6947970318936181,0.4021110620304289,0.3114932480579997,0.4927288760028581,0.6905716885412324,0.5719780806272898,0.809165296455175,0.5851107568667766,0.4663156798135738,0.7039058339199794,0.7848902861644631,0.655128029783075,0.9146525425458512,0.488574073702594,0.3465836232003725,0.6305645242048155,0.9080247884681545,0.7730876222172287,1.0429619547190803
63.23961596764205,0.23452824868204175,0.10978667806066912,0.3592698193034144,0.9889143078433306,0.9150097147810518,1.0628189009056093,0.47013019381890486,0.34149587376517054,0.5987645138726392,0.30319282734028463,0.22067255719403284,0.3857130974865364,0.5492950814731299,0.4450966924751056,0.6534934704711541,0.4334119396555145,0.329036536397506,0.5377873429135229,0.6506682089297575,0.5366568527907254,0.7646795650687896,0.4060025369470594,0.27668327469522735,0.5353217991988914,0.769597404992582,0.6526421337306689,0.8865526762544951
66.52088716896569,0.15333543181055115,0.03276003115949902,0.2739108324616033,0.8932768183513534,0.8242746315934321,0.9622790051092748,0.39139187063332403,0.2712904126854231,0.511493328581225,0.21445180147406606,0.13540157646968004,0.2935020264784521,0.4029266609748843,0.3037448132141648,0.5021085087356038,0.283184633826123,0.18383429400373105,0.38253497364851496,0.5053991493091001,0.3968767712156244,0.6139215274025758,0.3277057474952122,0.20270554283014813,0.45270595216027626,0.5792198124228394,0.4754361505321263,0.6830034743135525
69.8021583702893,0.08732878818461098,-0.03591670207373583,0.21057427844295779,0.8000081707339631,0.7336236247666148,0.8663927167013115,0.3180112031525486,0.2024658685697615,0.4335565377353357,0.13713476252986756,0.058215101521126675,0.21605442353860843,0.2651866124155996,0.1597646532202685,0.3706085716109307,0.14802808455393068,0.042427032473647264,0.2536291366342141,0.3652259325915386,0.24987577554715956,0.4805760896359177,0.2588492174298508,0.1310809378043575,0.3866174970553441,0.3727296593152437,0.2605511396320961,0.48490817899839134
73.08342957161295,0.04093903796906906,-0.08811176651909983,0.16998984245723794,0.7097748819938122,0.6443629806762494,0.775186783311375,0.2511757394405769,0.13732333729939922,0.3650281415817546,0.07248848860578128,-0.007952172668605442,0.15292914988016798,0.14979512116437754,0.03351608692018744,0.26607415540856766,0.04154153701426311,-0.07493503432619436,0.15801810835472058,0.246291384066118,0.11906167819256142,0.3735210899396746,0.20459845883377192,0.07081182502529851,0.33838509264224537,0.18596459422610834,0.05117239727390396,0.3207567911783127
76.36470077293657,0.018506813204939077,-0.1150660964285094,0.15207972283838755,0.6232420290714692,0.5579137880368397,0.6885702701060987,0.19206328713608922,0.07835649953880804,0.3057700747333704,0.021738704943324194,-0.060328207380317675,0.10380561726696606,0.07029264679383895,-0.052480334668417894,0.1930656282560958,-0.02287301800195929,-0.14585456860495405,0.10010853260103546,0.16453633943610646,0.030201113639001714,0.29887156523321123,0.17003532113679587,0.03156063267020212,0.3085100096033896,0.054366725199903376,-0.09471171751916835,0.2034451679189751
79.6459719742602,0.01965855119376636,-0.11558390578072578,0.1549010081682585,0.5409993323252436,0.47544618579714754,0.6065524788533395,0.141341950047157,0.027243704165219138,0.25544019592909484,-0.014990531909993443,-0.09807524161122202,0.06809417779123514,0.03081483092447357,-0.09140941887425416,0.1530390807232013,-0.042135655939832595,-0.1645675426832222,0.08029623080355702,0.12533178121922461,-0.008403035668328118,0.25906659810677735,0.15586369558993662,0.015658191731466792,0.2960691994484065,-0.007319961966252064,-0.15303937827649544,0.1383994543439913
82.92724317558384,0.03708557200026952,-0.09902181735127438,0.17319296135181342,0.4635256540005768,0.3977147492363358,0.5293365587648178,0.09892999961032889,-0.015616886255551785,0.21347688547620958,-0.03919584549547861,-0.12287654507097209,0.044484854080014874,0.021661757102985013,-0.09806766726522587,0.1413911814711959,-0.028351386985001392,-0.14828421003966674,0.09158143606966394,0.11849923437597654,-0.012505804888346628,0.2495042736402997,0.15634699847321398,0.015244821466082553,0.29744917548034544,-0.014800776063300325,-0.14887997186008298,0.11927841973348233
86.20851437690746,0.06292406933348915,-0.07493902300396707,0.20078716167094537,0.3912909826269959,0.32535637157240765,0.45722559368158416,0.06468568640056493,-0.05007651591434591,0.1794478887154758,-0.05250358783640996,-0.1365732694015674,0.03156609372874748,0.03202603186163089,-0.08821121091177686,0.15226327463503864,0.005159289854440252,-0.11528221429725496,0.12560079400613547,0.1326155565581898,0.001054874681676532,0.26417623843470306,0.16523311370037363,0.022310803968116605,0.3081554234326307,0.013781638834154175,-0.11334366037336599,0.14090693804167434
89.4897855782311,0.0893102369024662,-0.05093968250208025,0.22956015630701265,0.3247653067340265,0.2589838111307634,0.39054680233728956,0.03846726099282516,-0.07602843688501582,0.15296295887066613,-0.056540110956065925,-0.1407119683874683,0.02763174647533645,0.051100261732669905,-0.0733051331370738,0.17550565660241363,0.0450758755704006,-0.07954086161588622,0.16969261275668743,0.15625760541769307,0.020136232366712414,0.2923789784686737,0.17626992518516205,0.030873198032142446,0.32166665233818165,0.06028463865150924,-0.07107990601139877,0.19164918331441724
92.77105677955473,0.10838026841624115,-0.032655350644742925,0.24941588747722523,0.26441861485119655,0.19921851191176043,0.3296187177906327,0.020132973962070366,-0.0933507834274091,0.13361673135154983,-0.05293176687772405,-0.13649565051525425,0.03063211675980615,0.06807705324835933,-0.05993816060782875,0.1960922671045474,0.07807787115478515,-0.05015481744900094,0.20631055975857124,0.17800223860631426,0.037931088960719006,0.3180733882519095,0.18320531684132502,0.03699405689530061,0.3294165767873494,0.10656557931416022,-0.033415102266990016,0.24654626089531045
96.05232798087836,0.11261251736064426,-0.02469939034359772,0.24992442506488624,0.21070353551081566,0.14665764026814024,0.2747494307534911,0.009543200583136846,-0.10193160558799973,0.12101800675427342,-0.04323629966438047,-0.12490805775828843,0.03843545842952749,0.07255468116338337,-0.052592113859132206,0.19770147618589895,0.09136390182367893,-0.03399549502045135,0.2167232986678092,0.18681526255967995,0.04988266739987371,0.3237478577194862,0.18002965334821674,0.037678755293532484,0.322380551402901,0.13507579819476534,-0.00493739649188521,0.27508899288141586
99.333599182202,0.1013660811553021,-0.02795881791334634,0.23069098022395054,0.16372359222574373,0.10135647232166228,0.22609071212982518,0.006601043291634134,-0.1019517777192427,0.11515386430251097,-0.027631765179105816,-0.1062448755894069,0.05098134523119527,0.06228930245570974,-0.052895304617777514,0.177473909529197,0.08257204564151921,-0.03280823929396519,0.19795233057700362,0.1794841423834993,0.05345193224022313,0.30551635252677545,0.16560952438356702,0.031538737435460346,0.2996803113316737,0.14021144476043212,0.012555315057003025,0.2678675744638612
102.61487038352563,0.08037248971569044,-0.04024725008745779,0.20099222951883866,0.12325899344409852,0.06287457751230666,0.18364340937589038,0.011249175236798914,-0.09385265894395783,0.11635100941755566,-0.005018454844971654,-0.08021250148759596,0.07017559179765265,0.042592296950883846,-0.06100242944396557,0.14618702334573325,0.05900862428270648,-0.04476209085829712,0.1627793394237101,0.1600401808208416,0.04668933769645593,0.27339102394522724,0.14332751599638383,0.018281345047510916,0.26837368694525676,0.1274310636901601,0.017021037438025924,0.2378410899422943
105.89614158484926,0.055603582704494836,-0.05874771990560668,0.16995488531459635,0.08907775513310046,0.03079552324393959,0.14735998702226133,0.023431761812500618,-0.07801112501807216,0.12487464864307339,0.025751525478276083,-0.04631204508639128,0.09781509604294344,0.019059958232863883,-0.07719080483749517,0.11531072130322294,0.028344556956318212,-0.06806971879174774,0.12475883270438416,0.13278785177705987,0.02747259563354719,0.23810310792057254,0.1167365162274332,-0.0018111821654283322,0.23528421462029472,0.10261037181795285,0.00410585048719668,0.201114893148709
109.1774127861729,0.03303119978440172,-0.07820734908370575,0.1442697486525092,0.060947893259969854,0.004798099185474809,0.1170976873344649,0.043092968412608235,-0.05463831299561611,0.14082424982083258,0.06582606993089213,-0.0035605601840560247,0.1352127000458403,-0.0027114201143925154,-0.097811864555259,0.09238902432647397,-0.0017492371285678932,-0.09701124006336832,0.09351276580623254,0.10203162915750741,-0.0020249761738230926,0.2060882344888379,0.08938941311748083,-0.025931301556311404,0.20471012779127307,0.0716250859778137,-0.025911649922331206,0.16916182187795858
112.45868398749651,0.01862718061809654,-0.09025177929741263,0.1275061405336057,0.03863742379192725,-0.015330187891474945,0.09260503547532944,0.07017696043099164,-0.023756132847370257,0.16411005370935355,0.11635307265312944,0.04959080310878658,0.1831153421974723,-0.01712554450692738,-0.11300256997241936,0.0787514809585646,-0.023601838762874805,-0.11964174199332511,0.0724380644675755,0.07207598686753747,-0.03283033463139201,0.17698230836646694,0.06483909470729254,-0.04803544022828092,0.17771362964286602,0.0403509230037461,-0.061037898148508185,0.14173974415600038
115.73995518882015,0.017854771002690395,-0.08578211316931003,0.12149165517469082,0.021904420533863878,-0.02976427755268736,0.07357311862041511,0.10461098235308308,0.014679253200277062,0.1945427115058891,0.1782639531687369,0.11471895322914287,0.2418089531083309,-0.018777614004584775,-0.11078653941807616,0.07323131140890661,-0.02991168991032178,-0.12207692188479383,0.062253542064150263,0.047071517620908776,-0.05360242239064078,0.14774545763245833,0.04658166077827841,-0.060858427850086064,0.15402174940664287,0.014335741431218074,-0.08449362357659378,0.11316510643902992
119.02122639014378,0.03103329602426641,-0.06470408218727744,0.12677067423581026,0.010406402214846122,-0.03899516800114571,0.059807972430837957,0.14615114051803968,0.06016545098226429,0.23213683005381508,0.2503007057279124,0.190334204649536,0.31026720680628883,-0.00419958515316643,-0.08732083970735427,0.07892166940102141,-0.01711295314630301,-0.10037541571248944,0.06614950941988341,0.029612459047183792,-0.06133680654923862,0.1205617246436062,0.03753885439381521,-0.06171183692400131,0.13678954571163174,-0.004188560553557874,-0.09229399528193453,0.08391687417481879
122.30249759146741,0.055495269109268386,-0.033192972134808166,0.14418351035334492,0.003742500374521618,-0.04370375403323896,0.05118875478228219,0.19445417009671817,0.11187179704047728,0.27703654315295906,0.329934037307525,0.2730187494973257,0.38684932511772435,0.028952009489195185,-0.04541275129298934,0.10331677027137971,0.016191067066319342,-0.05830002602508165,0.09068216015772033,0.021389352981770804,-0.05997876899459029,0.1027574749581319,0.04029891904786864,-0.051643950285631804,0.13224178838136907,-0.014915493337020913,-0.09108257894472278,0.06125159227068096
125.58376879279105,0.08853641303992876,0.0030713788637015543,0.17400144721615596,0.0015111273567666172,-0.04448207190995798,0.047504326623491216,0.24917558223592617,0.16912231802560285,0.3292288464462495,0.4146189955516524,0.35958798260635555,0.4696500084969492,0.08300678517659177,0.012058535308170318,0.15395503504501323,0.0713703474298455,0.00030156928772999414,0.14243912557196098,0.024081609808139226,-0.053548248589604414,0.10171146820588287,0.057445990287401494,-0.031155388651013666,0.14604736922581665,-0.01756228390706749,-0.08887893981040962,0.05375437199627464
128.86503999411468,0.12745245059848065,0.04152071835255859,0.2133841828444027,0.003310695505458816,-0.041747428567173325,0.04836881957809096,0.3099708880824732,0.2315451649600202,0.3883966112049262,0.5018106281043728,0.4475502372275547,0.5560710189811909,0.16029435716311724,0.08712860826815846,0.23346010605807602,0.1497948646465761,0.07650482034723183,0.22308490894592037,0.039368639909759695,-0.040687552269951494,0.11942483208947088,0.09156420365937779,0.002479000044339985,0.18064940727441559,-0.011846159251592714,-0.08688427560229739,0.06319195709911196
132.1463111954383,0.16953910456715637,0.08280281275779959,0.25627539637651314,0.008739617164475244,-0.03574186655203016,0.05322110088098065,0.3764955987831671,0.2990735445404466,0.45391765302588755,0.5889639826097635,0.5350946725095722,0.6428332927099547,0.2631443407028632,0.18750647048971447,0.3387822109160119,0.2528345954188108,0.17706823011325895,0.3286009607243627,0.06892985367010185,-0.013831273842461661,0.15169098118266536,0.14523769471076053,0.05531840628612189,0.23515698313539918,0.0025156536415075204,-0.07686498232204472,0.08189628960505976
135.42758239676192,0.2120230528307211,0.12735706364402266,0.2966890420174195,0.017455306928446546,-0.026614813754742978,0.06152542761163607,0.44820762891681465,0.3715015708239037,0.5249136870097256,0.6735812158517247,0.6204555548383982,0.7267068768650512,0.3918946303163857,0.3186322382854973,0.46515702234727413,0.38012546679280046,0.3067386151782781,0.4535123184073228,0.11344923787689976,0.03328730111615595,0.19361117463764355,0.2195278669180093,0.13175485584475058,0.30730087799126804,0.025372520225433903,-0.051296258350937735,0.10204129880180554
138.70885359808557,0.25173679339707655,0.17013891927387037,0.33333466752028273,0.02945202542682357,-0.014452325813760013,0.07335637666740716,0.5234368069371094,0.4470192781311039,0.5998543357431148,0.7534334324381851,0.7009237675868083,0.8059430972895618,0.5355123130890452,0.4670258972632987,0.6039987289147918,0.5214036521043492,0.45280089021670156,0.5900064139919969,0.16792786914229307,0.09299168998943609,0.24286404829515007,0.30680278996959287,0.22221048581334785,0.3913950941258379,0.05409946614747996,-0.01578168899247248,0.1239806212874324
141.99012479940922,0.2853731592326384,0.20397946994848337,0.3667668485167934,0.044843383915988855,0.0007143968480819579,0.08897237098389575,0.6001132600326313,0.5233047423082092,0.6769217777570534,0.8263870300430156,0.7735250420061387,0.8792490180798925,0.6789355938994265,0.6117120993858347,0.7461590884130183,0.6628976633553756,0.5955599682552939,0.7302353584554573,0.2253532664819496,0.15179894527219745,0.2989075876917017,0.396350328562769,0.31196970229880616,0.4807309548267319,0.08519481382393645,0.017794599381634052,0.15259502826623886
145.27139600073284,0.3096248196418427,0.2240740878570655,0.39517555142661986,0.06374313350951188,0.018996281235329378,0.1084899857836944,0.676166647014911,0.5982827066759954,0.7540505873538267,0.8903085180061974,0.8358929753976638,0.9447240606147309,0.8070979565103014,0.7349251456813218,0.8792707673392809,0.7908319022078731,0.7185364827971035,0.8631273216186428,0.27871058938893933,0.19974084601667094,0.3576803327612077,0.4774547379558136,0.38876451652921085,0.5661449593824164,0.11515585833465769,0.04158548080033511,0.18872623586898027
148.55266720205645,0.32118444392912676,0.22942374676114413,0.4129451410971094,0.08626502532096259,0.04068354062126607,0.1318465100206591,0.7495266266954808,0.6701899704954505,0.828863282895511,0.9430644056677132,0.8864965831269682,0.9996322282084582,0.9049328846844451,0.825073499506734,0.9847922698621562,0.8914307703238383,0.8114357184615848,0.9714258221860919,0.32098499735633457,0.23360479031001652,0.4083652044026526,0.5394002734070045,0.44427219699777454,0.6345283498162344,0.14047989475949973,0.05705128998120343,0.22390849953779604
151.8339384033801,0.3167450766251119,0.22084647142316333,0.4126436818270605,0.1125228120047983,0.06618400465282366,0.15886161935677295,0.8181229122767081,0.7374681014072515,0.8987777231461647,0.9825213773853121,0.9242862914117623,1.040756463358862,0.9573749795844381,0.8730072527817947,1.0417427063870814,0.9509196745568735,0.8664086222108112,1.035430726902936,0.3451620930486694,0.2528489676766531,0.4374752184206857,0.5714719047608134,0.47205406984082515,0.6708897396808018,0.15766444044809824,0.06889405265071735,0.24643482824547913
155.11520960470372,0.2951865804646008,0.1994725100618683,0.3909006508673333,0.14263922650761662,0.09582425396372783,0.1894541990515054,0.8802022067502708,0.7987186086139185,0.9616858048866231,1.0075661210624731,0.9488296017953126,1.0663026403296336,0.955871048443494,0.8730330550770599,1.0387090418099283,0.9613822784440751,0.8784035582752849,1.0443609986128652,0.34681028241744294,0.2561709543590947,0.4374496104757912,0.5671192102046563,0.4678926820316934,0.6663457383776192,0.16450240102984437,0.07861078048313558,0.25039402157655316
158.39648080602734,0.26272561577099496,0.16882823065418903,0.35662300088780086,0.17676713074860373,0.12961106342757212,0.22392319806963534,0.9350747171144442,0.8529974279378791,1.0171520062910093,1.0205074469996729,0.961803687619185,1.0792112063801609,0.9137164169057987,0.8343205656450158,0.9931122681665817,0.9345567570071679,0.8550260265223213,1.0140874874920145,0.33016330303221175,0.24329028358249283,0.4170363224819307,0.5337640717917016,0.4364208965358899,0.6311072470475133,0.16313272314889793,0.08249557267609602,0.24376987362169983
161.677752007351,0.22711576932005084,0.13336989876558414,0.32086163987451755,0.21506569812199972,0.1675218722602342,0.2626095239837652,0.9822734352297242,0.8995212346008993,1.065025635858549,1.0243710382707765,0.9654470178845385,1.0832950586570145,0.8487832802218025,0.7696425507065014,0.9279240097371035,0.8862985500886711,0.8070233747551144,0.9655737254222277,0.3012701227754025,0.21467625136686394,0.387863994183941,0.4817553166287724,0.3845692161261846,0.5789414171313602,0.15660477046964583,0.07617010465909956,0.23703943628019208
164.95902320867464,0.19611062788752542,0.09989376487794199,0.29232749089710885,0.25769410202204324,0.20965855254902172,0.30572965149506476,1.021331352956606,0.9377232849213402,1.1049394209918717,1.0221825779496494,0.9625161758108134,1.0818489800884854,0.7789438336419573,0.695670264112248,0.8622174031716666,0.832463097531105,0.7490480612337395,0.9158781338284706,0.26617970952944187,0.1750637845720977,0.35729563448678603,0.42144177182269194,0.32169399986019076,0.5211895437851931,0.14796790665647408,0.06119824289688881,0.23473757041605936
168.24029440999826,0.1774637782491762,0.07818972708582489,0.2767378294125275,0.3048115158429733,0.25627450189822676,0.3533485297877198,1.051781462155584,0.9673005723012861,1.136262352009882,1.0169677491101572,0.9564241296537931,1.0775113685665212,0.7220702724167156,0.6340051103512074,0.8101354344822238,0.7889058391769908,0.7006910702927657,0.8771206080612158,0.23094103117675774,0.13458226160036232,0.3272998007531531,0.3631722644802849,0.2602551134996991,0.4660894154608707,0.14027149537377026,0.046544698306037205,0.23399829244150333
171.52156561132188,0.178897450598061,0.07938373447969994,0.2784111667164221,0.3565736847085945,0.3077195891305475,0.40542778028664156,1.0731611265733205,0.9881283416525445,1.1581939114940965,1.0117447596316311,0.950961284082628,1.0725282351806342,0.6959705645993248,0.6077687150652308,0.7841724141334189,0.7714248460723144,0.6830731575121601,0.8597765346324687,0.20158572406382935,0.10507739436649027,0.29809405376116843,0.3172651503124574,0.21409953929553333,0.42043076132938145,0.13655791011044238,0.042798334789386244,0.23031748543149852
174.80283681264552,0.20372190595228756,0.10770717424215581,0.2997366376624193,0.4126539853792135,0.36373667563928086,0.46157129511914613,1.0856228480020622,1.0004800359450152,1.1707656600591092,1.0084800341624223,0.9483433389872951,1.0686167293375495,0.7094157108866139,0.6269621274146078,0.7918692943586201,0.7877462203134311,0.7051525630821116,0.8703398775447506,0.18170682326835064,0.09148810721560478,0.2719255393210965,0.2897513644015943,0.19021314143220658,0.38928958737098207,0.13888598482138537,0.05359299221871311,0.22417897742405762
178.08410801396914,0.24632449776591808,0.1537816595154561,0.3388673360163801,0.47175023740957667,0.4228061036892895,0.5206943711298638,1.0905632030909391,1.0053737026708138,1.1757527035110644,1.007012837306172,0.9475553065345432,1.0664703680778007,0.7529000601713999,0.6760900450994084,0.8297100752433914,0.829271055833373,0.7523305544063804,0.9062115572603656,0.1699654586701116,0.0859217986133012,0.254009118726922,0.2779908252296759,0.1820519051918205,0.3739297452675313,0.14732541165211344,0.07029122239464151,0.22435960090958534
181.3653792152928,0.30001616680258125,0.2072739317437372,0.3927584018614253,0.5324425742584189,0.48330935644724143,0.5815757920695964,1.0895288471438456,1.0040102372265047,1.1750474570611864,1.0069258242541443,0.947393214476726,1.0664584340315628,0.8147131620925248,0.7372479733134829,0.8921783508715666,0.8854310833467013,0.8078342951907581,0.9630278715026445,0.16442780101647259,0.07966726574147748,0.2491883362914677,0.27829742539074565,0.18215179119956598,0.3744430595819253,0.16170592313057008,0.08317543721433149,0.24023640904680868
184.6466504166164,0.3581078538259037,0.2611169855995281,0.4550987220522793,0.5933111293844724,0.5437612166063265,0.6428610421626183,1.0840664354646756,0.9978225489234497,1.1703103220059017,1.0078016501976028,0.9472834036773623,1.0683198967178433,0.8831445662888286,0.7985647927241393,0.967724339853518,0.9456580335679751,0.8609345742306826,1.0303814929052675,0.16316002105479488,0.07061487924626532,0.25570516286332445,0.2869850574788476,0.18643487631854624,0.38753523863914896,0.18185725178469836,0.09246568432654557,0.27124881924285116
187.92792161794003,0.4139104995995139,0.3117873734109969,0.516033625788031,0.6529360362464717,0.602826713110575,0.7030453593823683,1.0757226233573238,0.988505057535574,1.1629401891790736,1.0092229703278115,0.9473544585672502,1.0710914820883728,0.9464838223991534,0.8542850770773919,1.0386825677209148,0.9993836372117555,0.9070282628592428,1.0917390115642682,0.16422828953243884,0.06334665316999397,0.2651099258948837,0.3003676140880257,0.19449683442921137,0.40623839374684,0.20760913014244153,0.1075950781798823,0.3076231821050008
191.20919281926368,0.460835650579298,0.35680776457524177,0.5648635365833542,0.7099070940028545,0.6592705253774983,0.7605436626282106,1.0660290809227349,0.9778938202429556,1.154164341602514,1.0107775782930413,0.9480564675652018,1.0734986890208809,0.9932171136141004,0.8993265556780485,1.0871076715501522,1.0362218045651204,0.9421717435139786,1.1302718656162623,0.1657283722055779,0.06299559541434949,0.2684611489968063,0.3148237467584071,0.20697830754636237,0.4226691859704518,0.23877165184542581,0.13736877879657491,0.3401745248942767
194.4904640205873,0.49594716249226267,0.39373461528036513,0.5981597097041602,0.7631649977091638,0.7120604787753931,0.8142695166429345,1.0559734673372856,0.9670237177705827,1.1449232169039885,1.0122398102099481,0.9492952015834153,1.075184418836481,1.0189690516563688,0.9296779212807363,1.1082601820320013,1.0524001486468684,0.9629573287535901,1.1418429685401468,0.1668304285614003,0.06913023412263601,0.26453062300016456,0.3290830644546918,0.22311958225320655,0.4350465466561771,0.27444195598012544,0.18098544564965102,0.36789846631059986
197.77173522191094,0.5209088883589437,0.42056147386404596,0.6212563028538414,0.8120923875184664,0.7604181345997236,0.8637666404372091,1.045858272862319,0.9559168752703489,1.135799670454289,1.0136189480297273,0.9503146130485451,1.0769232830109094,1.028354930441794,0.9436935825279525,1.1130162783556354,1.052476084912485,0.9676709126459415,1.1372812571790285,0.1680577916241549,0.07542339313649213,0.26069219011181766,0.3448361515101612,0.24080624755178048,0.44886605546854197,0.312819232204131,0.22708929885168783,0.39854916555657416
201.05300642323456,0.5376779922560209,0.43621519255013064,0.6391407919619111,0.8561000834663443,0.8036697315293261,0.9085304354033624,1.0359422991208416,0.9446848766503203,1.1271997215913627,1.014939254627794,0.9505920740198726,1.0792864352357154,1.0265633195473172,0.9410324570463435,1.1120941820482908,1.0415381645973876,0.9558620005953351,1.12721432859944,0.17002007724261847,0.07643427693180962,0.26360587755342735,0.36396239385017604,0.25877617294072874,0.46914861475962333,0.35204541394670374,0.26487532100543404,0.43921550688797345
204.3342776245582,0.5482116382601753,0.4425751696777625,0.6538481068425881,0.8945989055883812,0.8412831912314943,0.947914619945268,1.0264843477358594,0.9336859115317944,1.1192827839399244,1.0162249928795626,0.950209452406613,1.0822405333525122,1.0187827885498797,0.9270211674997016,1.1105444096000578,1.0246749389369934,0.9327574314513211,1.1165924464226658,0.1733269012655677,0.07292355570477287,0.27373024682636254,0.3883411774000974,0.2788281248073006,0.49785422999289414,0.39026243463710575,0.29332673982321705,0.48719812945099444
207.61554882588183,0.5544669904480868,0.4443796832240245,0.6645542976721491,0.9269996739201594,0.872853069702861,0.9811462781374577,1.0177432203303791,0.9234985823707141,1.111987858290044,1.017500425660448,0.9498142166646001,1.0851866346562962,1.0102019070264232,0.9122686005391336,1.1081352135137128,1.0069749591667203,0.9088752816640786,1.105074636669362,0.17858787954177924,0.07143162510096379,0.2857441339825947,0.4198518880852855,0.3057246626335698,0.5339791135370012,0.42561222770459795,0.31986676324305796,0.5313576921661379
210.89682002720545,0.5584029984084471,0.44685265099522364,0.6699533458216705,0.9527623624827004,0.8980641854133046,1.0074605395520961,1.0099776248517387,0.9147729491481426,1.1051823005553347,1.0187844920222868,0.9502060846854063,1.0873628993591673,1.0057701977453632,0.907208857733363,1.1043315377573635,0.9933225917169975,0.8945938137740175,1.0920513696599776,0.18653230245639008,0.07868886892824356,0.2943757359845366,0.46024063570731544,0.344596680291686,0.5758845911229449,0.45642250967917286,0.35104608568629414,0.5617989336720516
214.1780912285291,0.5620066139148122,0.4514107090953914,0.672602518734233,0.9721178272506532,0.9171413818029229,1.0270942726983836,1.003444800131772,0.9077557856048858,1.099133814658658,1.020012637491728,0.9512570378111435,1.0887682371723126,1.0066882123770127,0.9116639386840646,1.1017124860699608,0.985399972721622,0.8902142699350954,1.0805856755081487,0.19976631614827656,0.09579305500635064,0.30373957729020246,0.5091633606184238,0.39450887336066226,0.6238178478761853,0.483934633459574,0.3856378774776895,0.5822313894414585
217.45936242985272,0.5672870219362968,0.4567981916000994,0.6777758522724942,0.9859089896253426,0.9307469768124291,1.041071002438256,0.9984008185528919,0.9023888155505212,1.0944128215552626,1.021054015344217,0.952156572683037,1.0899514580053968,1.0111798917319264,0.9175812150976409,1.104778568366212,0.9823467291226768,0.8885890452269621,1.0761044130183917,0.222386254083073,0.11997284675010586,0.3247996614160401,0.5646164488774608,0.45007296545833514,0.6791599322965864,0.5117033231148365,0.41672642136049637,0.6066802248691765
220.74063363117637,0.576254019872635,0.4632667236159611,0.689241316129309,0.9949956308250993,0.9396230204982474,1.0503682411519513,0.9951017203667573,0.898723162771661,1.0914802779618535,1.0217759527837118,0.9523820476521336,1.09116985791529,1.017387183565335,0.9194916873882296,1.1152826797424402,0.9832324524741337,0.8851706495145704,1.081294255433697,0.2585294980923867,0.1514146147781462,0.36564438140662714,0.6245505728328199,0.5074169362836036,0.7416842093820362,0.5433470263175473,0.44148550387060537,0.6452085487644892
224.02190483249998,0.5909174051235611,0.4739709981112636,0.7078638121358585,1.000237532068254,0.9446268199428713,1.0558482441936365,0.9938035458250272,0.8970105611735265,1.0905965304765277,1.0220457770141709,0.951941257263705,1.0921502967646366,1.023452035632469,0.9179882438917626,1.1289158273731754,0.9871267343299645,0.8814837786383599,1.092769690021569,0.31233343000782327,0.196937500804442,0.42772935921120453,0.6869164048328918,0.5656783684469558,0.8081544412188278,0.582484190740292,0.4681439760282995,0.6968244054522845
227.3031760338236,0.6132869750888092,0.49420030044571667,0.7323736497319019,1.002494474573137,0.9467238050512965,1.0582651440949775,0.9947623351793603,0.8976909373727587,1.091833732985962,1.021730815239552,0.9512911073660787,1.0921705231130252,1.0275163956885591,0.9174597837699977,1.1375730076071207,0.9930991662441406,0.8828555880019876,1.1033427444862938,0.3879354316609895,0.2675141497432789,0.5083567135787,0.7496646172260699,0.62620777094655,0.8731214635055898,0.6327332640556569,0.5106656993300588,0.754800828781255
230.58444723514725,0.6450177139849729,0.5286051677957347,0.761430260174211,1.002592993562791,0.9468692840004272,1.058316703125155,0.9982197066295381,0.9012300447774519,1.0952093684816242,1.0207257324812933,0.9509255120589546,1.090525952903632,1.027906514763607,0.9214952746260403,1.1343177549011738,1.0002329507369079,0.8936409371045868,1.106824964369229,0.48831431805797143,0.371881713742465,0.6047469223734778,0.8107439825674853,0.6900593983101323,0.9314285668248382,0.6969140310683528,0.5798207002671949,0.8140073618695107
233.86571843647087,0.6848233872342118,0.5741855968540185,0.795461177614405,1.001084032058992,0.945517099841046,1.056650964276938,1.0042977269830815,0.9075809432602618,1.1010145107059013,1.0191518102068717,0.9505591879537045,1.087744432460039,1.024476423241339,0.9275092363992112,1.1214436100834668,1.0077241182382872,0.9105922016437451,1.1048560348328293,0.6068449811159113,0.5007458314153577,0.712944130816465,0.8680875251032634,0.7533896151934452,0.9827854350130816,0.7712257721908392,0.6683648264535634,0.874086717928115
237.14698963779452,0.7299634622549607,0.6239553616131313,0.8359715628967901,0.9983822653604528,0.9428949341845267,1.053869596536379,1.013059350358774,0.9164811158856222,1.1096375848319255,1.0172423813386613,0.9495638236561293,1.0849209390211931,1.017835568432798,0.9289564283755236,1.1067147084900724,1.0148244874128438,0.9257943577351295,1.103854617090558,0.732153612586357,0.6349042079857451,0.829403017186969,0.9196204822619075,0.8097221596784133,1.0295188048454018,0.8485942315928717,0.7583494069347797,0.9388390562509638
240.42826083911814,0.7776870705331445,0.6722880966107063,0.8830860444555826,0.9949014002890106,0.9393176153765358,1.0504851852014854,1.0245671107519023,0.9278209941444543,1.1213132273593502,1.0152315751669552,0.9476741378160874,1.0827890125178228,1.008598766520026,0.9207016195696767,1.0964959134703753,1.0207862734212023,0.9327398050794979,1.1088327417629067,0.8528326544362197,0.7566577229336691,0.9490075859387703,0.9632680361297388,0.8540011936340547,1.072534878625423,0.9219218878895621,0.8328288524854496,1.0110149232936745
243.7095320404418,0.8252433435546894,0.7169722729230895,0.9335144141862893,0.9910551436665017,0.9352227263386647,1.0468875609943389,1.038883542157754,0.9417046694742867,1.1360624148412215,1.0133535209820463,0.945241075627617,1.0814659663364756,0.9973808336850648,0.9041917155189946,1.090569951851135,1.024861691423987,0.9315142617624189,1.118209121085555,0.9574745486324162,0.8555092702660143,1.0594398269988181,0.9969553687930804,0.8847110310991672,1.1091997064869938,0.9841112196960257,0.8862515945232323,1.081970844868819
246.9908032417654,0.8698814128055204,0.7586685605443775,0.9810942650666634,0.9872572023147629,0.9311469227480542,1.0433674818814715,1.056071178571616,0.9584086739691454,1.1537336831740865,1.0118423480742278,0.9431192785388708,1.0805654176095847,0.9847965861099569,0.88654759196936,1.0830455802505539,1.0263029565818222,0.9278870551295171,1.1247188580341274,1.0346717371418588,0.9271700649089256,1.142173409374792,1.0186076623382543,0.9033135872701562,1.1339017374063523,1.0280647056273746,0.9226365993089211,1.133492811945828
250.27207444308902,0.9092493980390342,0.7979642792059074,1.020534516872161,0.9838761758323435,0.9275613914220497,1.0401909602426374,1.0761230832449982,0.9781046286208545,1.174141537869142,1.0111066946254774,0.9422517525476767,1.0799616367032783,0.9721066190146047,0.8742000304178799,1.0700132076113296,1.024974522004866,0.9269016077816639,1.1230474362280682,1.0758504655402292,0.9687234451688246,1.182977485911634,1.0270789094492552,0.9117099158136911,1.1424479030848191,1.0485649465085738,0.9445062075817463,1.1526236854354013
253.55334564441267,0.9429000619758765,0.8327218418037803,1.0530782821479727,0.9810653362941276,0.9244847795502465,1.0376458930380088,1.0987006882152806,1.0002196447045262,1.197181731726035,1.0123882487101348,0.943416291405101,1.0813602060151686,0.9636542711558476,0.8687194281696798,1.0585891141420152,1.0236634698626568,0.9285673497095434,1.11875959001577,1.085964655663514,0.982089247437152,1.1898400638898763,1.0256569489078053,0.9114354742390057,1.1398784235766048,1.0493696480398824,0.9506915713898154,1.1480477246899494
256.83461684573626,0.9709538684164813,0.8601235020661463,1.0817842347668163,0.9789137748918653,0.921851612173944,1.0359759376097866,1.1233665789635103,1.0240472782560446,1.222685879670976,1.0171769986517434,0.9474653604652057,1.086888636838281,0.9647017290035745,0.8701687232645522,1.059234734742597,1.0260280060478482,0.9313344057908503,1.1207216063048462,1.0740003112402507,0.9705645836071757,1.1774360388733258,1.0189511791057912,0.9040536261879356,1.133848732023647,1.0369116507455365,0.9389052485894105,1.1349180529016625
260.1158880470599,0.9935313785705306,0.8792630712893021,1.1077996858517591,0.9775105718048005,0.9197176822738479,1.035303461335753,1.1496833240101059,1.049092159906273,1.2502744881139387,1.026962975378556,0.9557315039963089,1.0981944467608034,0.9805113366885726,0.881804423836792,1.0792182495403533,1.0357264859252493,0.9368518878405031,1.1346010840099956,1.048944127845561,0.9409414120382931,1.1569468436528287,1.0115712251954991,0.8931095678445031,1.1300328825464951,1.0176242541639826,0.9127647432826234,1.1224837650453419
263.39715924838356,1.0107531536477035,0.8919281372803869,1.12957817001502,0.9769448072121777,0.9182770207504669,1.0356125936738885,1.1772134918754835,1.0750995296999484,1.2793274540510187,1.0432362098188264,0.9701416571195698,1.116330762518083,1.016345438341629,0.9118256716863279,1.1208652049969303,1.0564172648596697,0.9517199379817383,1.1611145917376011,1.019782801054567,0.9054198012587448,1.1341458008503895,1.008126712329216,0.8849411265045459,1.131312298153886,0.9979407578336684,0.8846013061813658,1.111280209485971
266.6784304497072,1.0227399652124427,0.9013307826178449,1.1441491478070405,0.9773055457182146,0.9178150993331313,1.0367959921032979,1.2055197808511997,1.1019739415014096,1.3090656202009898,1.0674860539863984,0.9929773247977198,1.141994783175077,1.0774625450587405,0.9706313708775545,1.1842937192399265,1.0917565640310047,0.9847439029629026,1.1987692250991069,0.9954997435611705,0.878607657575531,1.11239182954681,1.0132254927669042,0.8873609085266823,1.1390900770071262,0.9842917873284229,0.8692865533061996,1.0992970213506463
269.95970165103085,1.029792096324645,0.9091502281162016,1.1504339645330883,0.9786685605890156,0.9185260355521173,1.038811085625914,1.23427563267435,1.1295948206452964,1.3389564447034037,1.1006224913115283,1.0255941255317447,1.175650857091312,1.165850151871581,1.0620670138034725,1.2696332899396894,1.143579344568062,1.0396198976763662,1.2475387914597578,0.9822768392977033,0.868719840679099,1.0958338379163075,1.0299624767819322,0.9048933653727674,1.1550315881910969,0.9808260736658237,0.8728107469304234,1.0888414004012241
273.24097285235445,1.032716469489704,0.9133336697864778,1.1520992691929302,0.9810721126397143,0.9202956201083385,1.04184860517109,1.2634670428697359,1.15768278145805,1.3692513042814218,1.1419203398709354,1.0666930967594488,1.217147582982422,1.2742638895189597,1.1735097949923234,1.375017984045596,1.2085803832339876,1.1076551256821403,1.309505640785835,0.9783891527768516,0.8681464603129609,1.0886318452407422,1.057162563486438,0.9333987251262507,1.180926401846625,0.9852521040799638,0.8819514322267084,1.0885527759332192
276.5222440536781,1.032408750628446,0.9118707934820185,1.1529467077748736,0.9845478919712018,0.9229726418786649,1.046123142063739,1.2931347541613245,1.1859602187286291,1.40030928959402,1.1903680007251403,1.1146191327987154,1.2661168686515651,1.3938423271874618,1.2907645631142626,1.496920091260661,1.2825540975312877,1.1793012229376312,1.3858069721249442,0.9807267829963905,0.867941587536339,1.093511978456442,1.0929027130435705,0.9679413259624926,1.2178641001246482,0.9941502869815367,0.8836229033419978,1.1046776706210757
279.8035152550017,1.0297646056616974,0.9051980418251654,1.1543311694982292,0.9891275886843696,0.9264797760938093,1.0517754012749299,1.3233195092730816,1.2142781298198515,1.4323608887263117,1.244953874934659,1.1681123936128113,1.3217953562565066,1.5157240340636626,1.405033886119474,1.6264141820078513,1.3612949049624632,1.250416714431299,1.4721730954936274,0.9861798289540957,0.8650653472456855,1.107294310662506,1.1352598856164766,1.0061220524439156,1.2643977187890376,1.0041010307812364,0.8778644299342568,1.1303376316282159
283.08478645632533,1.0256797005102836,0.8964387925648224,1.1549206084557446,0.9948428928801087,0.9308328281301546,1.058852957630063,1.3540620509289747,1.2426496093670918,1.4654744924908576,1.3046663635600122,1.226381133254152,1.3829515938658723,1.631047579334147,1.512715505345338,1.749379653322956,1.44059722303002,1.3220641242008948,1.559130321859145,0.9916383896477423,0.8621622973593652,1.1211144819361194,1.182311041368306,1.048327327799444,1.316294754937168,1.0116847438897565,0.8731510213886737,1.1502184663908392
286.366057657649,1.0210466358088486,0.8897136202905831,1.152379651327114,1.0017247215827147,0.9361090523375656,1.067340390827864,1.385403458715372,1.2711963891884779,1.4996105282422663,1.368492241781187,1.2888767264832568,1.448107757079117,1.730997755834673,1.611078234874841,1.850917276794505,1.5162715214333882,1.3961482788472959,1.6363947640194805,0.9940119509055216,0.8627989125500747,1.1252249892609685,1.2321276930775962,1.0959750970221753,1.368280289133017,1.013508461890984,0.8763888388264194,1.1506280849555486
289.6473288589726,1.0165091599985812,0.8862214624156081,1.1467968575815541,1.009741230366128,0.9422471465575097,1.0772353141747462,1.4174121600559082,1.2999356241786986,1.5348886959331178,1.435286289293128,1.3544415821868523,1.5161309963994036,1.8105119771360076,1.6956974824959894,1.925326471776026,1.5854314514273953,1.4704219076796166,1.700440995175174,0.9917838989960972,0.8661566569225725,1.117411141069622,1.282339113050669,1.1472701953835933,1.4174080307177446,1.008340920797327,0.8851202496654319,1.1315615919292223
292.9286000602963,1.0122824454677537,0.8826008274590975,1.1419640634764099,1.018752486326967,0.948947390546659,1.088557582107275,1.4502036811278545,1.32870472335105,1.5717026389046589,1.5036759616784365,1.4209203794358058,1.5864315439210672,1.8709904625426321,1.760981248512019,1.9809996765732452,1.6474350182325428,1.5372389183987967,1.757631118066289,0.9861482092695416,0.8657787889740222,1.1065176295650612,1.329812942067151,1.1953723455205019,1.4642535386138,0.9986737614683824,0.885121893502843,1.112225629433922
296.20987126161987,1.0085392900884487,0.8756475473499035,1.1414310328269939,1.0286078695509908,0.9559548683058774,1.1012608707961042,1.4838982048943299,1.357442337568834,1.6103540722198257,1.5722662383472494,1.4862800912403373,1.6582523854541615,1.914472427085289,1.8023979179432048,2.0265469362273736,1.7018621326396617,1.589597229130739,1.8141270361485844,0.9785668606195952,0.8559376443833666,1.1011960768558238,1.3713415162618139,1.233572991745862,1.5091100407777658,0.9873667188059705,0.865881104232437,1.108852333379504
299.4911424629435,1.0054524917327488,0.8645904592689111,1.1463145241965864,1.0391567601239575,0.9631117398024756,1.1152017804454395,1.518615914318456,1.3862560828492125,1.6509757457876997,1.6396620987097075,1.5489776096973322,1.7303465877220827,1.942997085794722,1.821333101493457,2.064661070095987,1.7482927054395883,1.6264220359836399,1.8701633748955366,0.9705018319399978,0.8373800440040237,1.103623619875972,1.4037171717694308,1.2576858685977836,1.549748474941078,0.977279527711911,0.8365238677316523,1.1180351876921695
302.77241366426716,1.003194848272737,0.8512456687678394,1.1551440277776348,1.0502485381316258,0.9703390977220129,1.1301579785412388,1.5544769923633526,1.4153909612109605,1.6935630235157446,1.7044685221759477,1.6079463556676699,1.8009906886842255,1.9586036537016722,1.8247701622934038,2.0924371451099404,1.7863066474231535,1.6522457970636524,1.9203674977826546,0.9634151021244894,0.8169777339558943,1.1098524702930845,1.4237322447247729,1.266206925014089,1.5812575644354567,0.9712719230880243,0.8156736334775121,1.1268702126985366
306.05368486559075,1.001931258323213,0.8381435469320588,1.165718969714367,1.0617338448345375,0.9775831122421214,1.1458845774269535,1.5915918965121256,1.445123702580969,1.7380600904432824,1.7653083409929047,1.6623374035852874,1.868279278400522,1.963348618572868,1.8195432463036023,2.1071539908421335,1.8155322995384269,1.6714826278918027,1.959581971185051,0.9587325455515877,0.8013841866167083,1.1160809044864672,1.428334080574767,1.2585357856077242,1.59813237554181,0.9720951509096376,0.8141512616098312,1.130039040209444
309.3349560669144,1.0016171513268368,0.8252666233435663,1.1779676793101075,1.0734967647940927,0.9847010993932263,1.1622924301949593,1.6298131880718492,1.4752602764154112,1.784366099728287,1.821277801402056,1.7114015923611263,1.9311540104429858,1.959746499300966,1.80626461481445,2.1132283837874817,1.8368822532116127,1.683139630699638,1.9906248757235874,0.9569226322967261,0.7889864678190419,1.1248587967744104,1.418580496311507,1.2357583620148411,1.6014026306081728,0.979623593568097,0.8176397050525575,1.1416074820836366
312.61622726823805,1.0019817787735872,0.8107507986432169,1.1932127589039574,1.0854574935528039,0.9914579531439967,1.179457033961611,1.6687149605039244,1.5051044666925186,1.8323254543153302,1.871984326573502,1.7545653678522244,1.9894032852947798,1.950806381789459,1.7825957017365819,2.119017061842336,1.8526557914804207,1.6841593518362745,2.021152231124567,0.9574200586205633,0.7733680024005678,1.1414721148405589,1.3999676614977687,1.2017190011115966,1.598216321883941,0.9906252903641433,0.8009328418512075,1.1803177388770791
315.89749846956164,1.0027431449687567,0.7939957935291012,1.211490496408412,1.097538022349311,0.9976243821806324,1.1974516625179896,1.7078574598577796,1.5339532052688813,1.8817617144466778,1.9170607590484856,1.7914335276981224,2.042687990398849,1.9395619453491317,1.7506309538200902,2.1284929368781733,1.865221153602533,1.6759692024120687,2.054473104792997,0.9596081141595445,0.7528843944547566,1.1663318338643323,1.3782124523146106,1.161804615290191,1.5946202893390302,1.0017138110137247,0.7640549024174995,1.23937271960995
319.1787696708853,1.0036192542176374,0.7759702853981058,1.2312682230371692,1.1096603424222544,1.002999500012362,1.216321184832147,1.7468009321828477,1.5611528638930583,1.9324490004726371,1.9561399413682534,1.8218066312688788,2.0904732514676283,1.9290468692907694,1.7172395271976986,2.1408542113838402,1.8769465788356328,1.6647794142896395,2.089113743381626,0.9628700885501146,0.7311156195564261,1.194624557543803,1.3590317449430906,1.1230286502771643,1.595034839609017,1.0095027252327902,0.7236117906129891,1.2953936598525913
322.46004087220894,1.0043281108255215,0.7585057421955222,1.2501504794555207,1.1217464450102748,1.0074100341792773,1.2360828558412722,1.7851056235285572,1.5860978777956796,1.9841133692614348,1.988854716074049,1.8455867126924064,2.1321227194556918,1.9222948329251563,1.6910173509479707,2.153572314902342,1.8902003064374018,1.6585299257530781,2.121870687121725,0.9665892714287186,0.7135310464580864,1.2196474963993509,1.3481424155642683,1.0932990045195246,1.602985826609012,1.010605602737288,0.694991359852926,1.32621984562165
325.7413120735326,1.0046044338917857,0.7431844532666876,1.2660244145168837,1.1337125194555846,1.0106847349982464,1.2567403039129228,1.822353390726481,1.6082179121906481,2.036488869262314,2.014892756663574,1.8626464899253514,2.1671390234017966,1.9221177956654474,1.6786930037225614,2.1655425876083334,1.906959785749374,1.663121459011738,2.15079811248701,0.9703853399714364,0.7040358223431321,1.2367348575997408,1.3509166990892507,1.0799032842033744,1.621930113975127,1.0021872505145009,0.6868764637065995,1.3174980373224021
329.0225832748562,1.004391758140175,0.7295360158259436,1.2792475004544062,1.1454022728060367,1.0125214204115056,1.2782831252005677,1.8583960711382042,1.6271108777872718,2.0896812644891365,2.034626732234801,1.8730340833999402,2.1962193810696617,1.9285578007280981,1.6776123194097856,2.1795032820464106,1.9243203814205845,1.672948589013405,2.175692173827764,0.9768311283859368,0.7022526544077503,1.2514096023641232,1.368421274428584,1.0834790402984482,1.6533635085587197,0.9882990069925423,0.6928968910335178,1.2837011229515667
332.3038544761798,1.0037755621843925,0.7160537918463179,1.291497332522467,1.156610141759884,1.0125640430686493,1.3006562404511186,1.893269023290264,1.642550208751557,2.1439878378289707,2.048894942464842,1.8769464730373226,2.2208434118923615,1.9397740213048333,1.680522157292741,2.1990258853169258,1.936058826678412,1.6763665405321686,2.1957511128246554,0.9905069001514828,0.7068397832044921,1.2741740170984734,1.3987960885061468,1.1005156765426967,1.697076500469597,0.9776733788022965,0.6969568687180898,1.2583898888865033
335.58512567750347,1.002844037181735,0.7016252543406991,1.304062820022771,1.167129621460437,1.0105166167763528,1.323742626144521,1.927011112793299,1.6544190243403827,2.199603201246215,2.058544585217578,1.8746135643364223,2.2424756060987336,1.9538896489961757,1.682940645322384,2.2248386526699675,1.9358884358006565,1.6644791386632138,2.207297732938099,1.0160312806621088,0.7195654365121162,1.3124971248121013,1.4401251584829986,1.12785242871569,1.7523978882503073,0.9791323295623342,0.6891413961422233,1.2691232629824452
338.86639687882706,1.001685374289499,0.6855296077167816,1.3178411408622166,1.1767542070510055,1.0061453507783924,1.3473630633236187,1.9596612052579476,1.6627086978098782,2.256613712706017,2.0644228583568927,1.8663465226027343,2.2624991941110513,1.9690278754026476,1.6840261262048923,2.254029624600403,1.9175225230651194,1.6320366073249295,2.2030084388053095,1.0580228953118478,0.746180877018758,1.3698649136049377,1.4904925015201993,1.1627346395164868,1.8182503635239118,1.0014978228912244,0.6807356973387716,1.3222599484436772
342.1476680801507,1.0003877646649815,0.6669663735786162,1.3338091557513467,1.1852773936749004,0.9992675950279222,1.3712871923218786,1.9912581662948505,1.6674996151568613,2.3150167174328398,2.0673769597466682,1.8525374640592094,2.2822164554341273,1.9833118921247723,1.6850081093989178,2.281615674850627,1.8746744027495998,1.57586385572674,2.17348494977246,1.121100369494736,0.7947035879607844,1.4474971510286874,1.547982134778811,1.2023250446885834,1.8936392248690386,1.0535918224075378,0.6990898451363587,1.4080937996787168
345.42893928147436,0.9990320069596413,0.6441103267087309,1.3539536872105518,1.1925285880069945,0.9897666259539044,1.3952905500600845,2.021850534107038,1.6689340773520278,2.3747669908620477,2.068202293198203,1.833546882253854,2.3028577041425518,1.9950724644034108,1.6858435652060044,2.304301363600817,1.8020379937136517,1.492283770417826,2.1117922170094774,1.20912206880259,0.8707712891610275,1.5474728484441527,1.6107889158651485,1.242842531844196,1.978735299886101,1.1428829947016017,0.7671527295586646,1.5186132598445388
348.710210482798,0.9976482110504002,0.6129152954966697,1.3823811266041308,1.1985834341370123,0.9777640393777391,1.4194028288962854,2.0515531697203686,1.6672069265092109,2.4358994129315263,2.0673391221804485,1.8093050280861782,2.325373216274719,2.00406364393823,1.6809238336554422,2.327203454221018,1.7010310031570945,1.3773422366482202,2.024719769665969,1.3207334258174943,0.9671616638438159,1.6743051877911728,1.6778677107592441,1.2790160965333743,2.0767193249851137,1.2675607484969857,0.8805591777292003,1.6545623192647712
351.9914816841216,0.9962452252777119,0.5695541106655395,1.4229363398898842,1.2036208610697998,0.9635056862271929,1.4437360359124067,2.080508753438818,1.6625773235961017,2.4984401832815344,2.0650787456350246,1.7798097903130699,2.3503477009569793,2.0106364835839807,1.6616401418041453,2.359632825363816,1.575891448541848,1.2263022249548043,1.9254806721288917,1.452393295002326,1.070529941868962,1.83425664813569,1.748492172902482,1.3061426026975047,2.1908417431074594,1.421922284008914,1.0229300480926367,1.8209145199251915
355.27275288544524,0.9948318252423588,0.5123026380006477,1.47736101248407,1.2078201511671098,0.9472740250771057,1.468366277257114,2.108860060741289,1.6553676270033852,2.5623524944791924,2.0617119528681935,1.7453951702288433,2.378028735507544,2.0151440786474133,1.6213409252469348,2.4089472320478915,1.4308669961358398,1.036394842240738,1.8253391500309415,1.600553050129498,1.1696631678313452,2.031442932427651,1.8219370463674547,1.3217002913046416,2.3221738014302677,1.6002514854833199,1.1771569768665011,2.0233459941001386
358.5540240867689,0.9934167865451233,0.441665337705917,1.5451682353843297,1.2113605867906951,0.9293826335386576,1.4933385400427328,2.1367498671066807,1.645954359225954,2.6275453749874074,2.0575295331862162,1.7066791027425914,2.408379963629841,2.0179395244352785,1.5583615327635854,2.4775175161069716,1.270205312207005,0.8098465804597401,1.7305640439542698,1.761664064971414,1.2588049460733663,2.2645231838694615,1.8974770752267498,1.3254777813679273,2.469476369085572,1.796832237166127,1.324571007822403,2.269093466509851
361.8352952880925,0.9920088847867881,0.3596777241789,1.6243400453946761,1.2144214503023083,0.9101695993091496,1.518673301295467,2.164320948013895,1.6347567036831747,2.693885192344615,2.0528222758953554,1.6644798670926728,2.441164684698038,2.0193759162543277,1.4755638997597558,2.5631879327488996,1.0981540630232807,0.5534182080452548,1.6428899180013066,1.9321777133004774,1.3371517625017235,2.5272036640992313,1.9743870035529552,1.3188509318061863,2.629923075299724,2.0059484233032565,1.442305310734193,2.56959153587232
